> Task :verifyKithkynCompatibility
> Task :buildKithkyn UP-TO-DATE
> Task :createArtifactManifest

> Task :createMinecraftArtifacts
Loaded 116 artifacts from /Users/quzzar/Projects/vestige/build/moddev/nfrt_artifact_manifest.properties
*** Started working on downloadJson
 ✓ Completed downloadJson in 0.03s
*** Started working on downloadServer
*** Started working on downloadClient
*** Started working on downloadClientMappings
*** Started working on listLibraries
 ♻ Used cache of listLibraries in 0.00s
 ✓ Completed downloadClient in 0.03s
 ✓ Completed downloadClientMappings in 0.03s
 ✓ Completed downloadServer in 0.03s
*** Started working on mergeMappings
 ♻ Used cache of mergeMappings in 0.00s
*** Started working on stripClient
 ♻ Used cache of stripClient in 0.00s
*** Started working on extractServer
 ♻ Used cache of extractServer in 0.00s
*** Started working on stripServer
 ♻ Used cache of stripServer in 0.00s
*** Started working on merge
 ♻ Used cache of merge in 0.00s
*** Started working on rename
 ♻ Used cache of rename in 0.00s
*** Started working on decompile
 ♻ Used cache of decompile in 0.00s
*** Started working on inject
 ♻ Used cache of inject in 0.00s
*** Started working on patch
 ♻ Used cache of patch in 0.00s
*** Started working on applyNeoforgePatches
 ♻ Used cache of applyNeoforgePatches in 0.00s
*** Started working on transformSources
 ♻ Used cache of transformSources in 0.00s
*** Started working on recompile
 ♻ Used cache of recompile in 0.00s
*** Started working on sourcesWithNeoForge
 ♻ Used cache of sourcesWithNeoForge in 0.00s
*** Started working on compiledWithNeoForge
 ♻ Used cache of compiledWithNeoForge in 0.00s
*** Started working on sourcesAndCompiledWithNeoForge
 ♻ Used cache of sourcesAndCompiledWithNeoForge in 0.00s
Total runtime: 1.66s


> Task :compileJava
/Users/quzzar/Projects/vestige/src/main/java/com/quzzar/vestige/magic/world/PrivateSpaceTest.java:20: warning: [removal] makeMockServerPlayerInLevel() in GameTestHelper has been deprecated and marked for removal
        var first=helper.makeMockServerPlayerInLevel(); var second=helper.makeMockServerPlayerInLevel();
                        ^
/Users/quzzar/Projects/vestige/src/main/java/com/quzzar/vestige/magic/world/PrivateSpaceTest.java:20: warning: [removal] makeMockServerPlayerInLevel() in GameTestHelper has been deprecated and marked for removal
        var first=helper.makeMockServerPlayerInLevel(); var second=helper.makeMockServerPlayerInLevel();
                                                                         ^
/Users/quzzar/Projects/vestige/src/main/java/com/quzzar/vestige/travel/StandingStoneTest.java:28: warning: [removal] makeMockServerPlayerInLevel() in GameTestHelper has been deprecated and marked for removal
        var player = h.makeMockServerPlayerInLevel(); player.setExperienceLevels(50); player.setExperiencePoints(0); return player;
                      ^
/Users/quzzar/Projects/vestige/src/main/java/com/quzzar/vestige/travel/StandingStoneTest.java:290: warning: [removal] makeMockServerPlayerInLevel() in GameTestHelper has been deprecated and marked for removal
        var player = h.makeMockServerPlayerInLevel(); player.setPos(Vec3.atBottomCenterOf(pos.south()));
                      ^
/Users/quzzar/Projects/vestige/src/main/java/com/quzzar/vestige/travel/StandingStoneTest.java:318: warning: [removal] makeMockServerPlayerInLevel() in GameTestHelper has been deprecated and marked for removal
        var player = h.makeMockServerPlayerInLevel(); var nearby = Vec3.atBottomCenterOf(pos.south()); player.setPos(nearby);
                      ^
/Users/quzzar/Projects/vestige/src/main/java/com/quzzar/vestige/travel/StandingStoneTest.java:336: warning: [removal] makeMockServerPlayerInLevel() in GameTestHelper has been deprecated and marked for removal
        var extra = new ArrayList<UUID>(); var player = h.makeMockServerPlayerInLevel();
                                                         ^
Note: Some input files use or override a deprecated API.
Note: Recompile with -Xlint:deprecation for details.
6 warnings

> Task :generateModMetadata UP-TO-DATE
> Task :processResources
> Task :classes
> Task :prepareEffectsCapture

> Task :downloadAssets
Loaded 116 artifacts from /Users/quzzar/Projects/vestige/build/moddev/nfrt_artifact_manifest.properties
Downloading asset index 17
Using Minecraft asset root: /Users/quzzar/.gradle/caches/neoformruntime/assets
  ↓ https://piston-meta.mojang.com/v1/packages/1f22f8f4b4575831ce8d1d74b5656eb1bc04732c/17.json

> Task :writeEffectsCaptureLegacyClasspath
> Task :prepareEffectsCaptureRun

> Task :runEffectsCapture
WARN StatusConsoleListener Advanced terminal features are not available in this environment
[12:20:51] [main/INFO] [cp.mo.mo.Launcher/MODLAUNCHER]: ModLauncher running: args [--launchTarget, forgeclientuserdev, --version, 21.1.72, --assetIndex, 17, --assetsDir, /Users/quzzar/.gradle/caches/neoformruntime/assets, --gameDir, ., --fml.neoForgeVersion, 21.1.72, --fml.fmlVersion, 4.0.29, --fml.mcVersion, 1.21.1, --fml.neoFormVersion, 20240808.144430, --width, 960, --height, 540]
[12:20:51] [main/INFO] [cp.mo.mo.Launcher/MODLAUNCHER]: JVM identified as Eclipse Adoptium OpenJDK 64-Bit Server VM 21.0.12.1+1-LTS
[12:20:51] [main/INFO] [cp.mo.mo.Launcher/MODLAUNCHER]: ModLauncher 11.0.4+main.d2e20e43 starting: java version 21.0.12.1 by Eclipse Adoptium; OS Mac OS X arch aarch64 version 27.0
[12:20:51] [main/DEBUG] [cp.mo.mo.LaunchServiceHandler/MODLAUNCHER]: Found launch services [minecraft,forgeclient,forgedatauserdev,testharness,forgeserverdev,forgeserveruserdev,forgejunitdev,forgeclientdev,forgeclientuserdev,forgeserver,forgejunituserdev,forgedatadev]
[12:20:51] [main/DEBUG] [cp.mo.mo.LaunchPluginHandler/MODLAUNCHER]: Found launch plugins: [mixin,slf4jfixer,runtime_enum_extender,accesstransformer,runtimedistcleaner]
[12:20:51] [main/DEBUG] [cp.mo.mo.TransformationServicesHandler/MODLAUNCHER]: Discovering transformation services
[12:20:51] [main/DEBUG] [ne.ne.fm.lo.FMLPaths/CORE]: Path GAMEDIR is /Users/quzzar/Projects/vestige/run/wands-both-kith-final
[12:20:51] [main/DEBUG] [ne.ne.fm.lo.FMLPaths/CORE]: Path MODSDIR is /Users/quzzar/Projects/vestige/run/wands-both-kith-final/mods
[12:20:51] [main/DEBUG] [ne.ne.fm.lo.FMLPaths/CORE]: Path CONFIGDIR is /Users/quzzar/Projects/vestige/run/wands-both-kith-final/config
[12:20:51] [main/DEBUG] [ne.ne.fm.lo.FMLPaths/CORE]: Path FMLCONFIG is /Users/quzzar/Projects/vestige/run/wands-both-kith-final/config/fml.toml
[12:20:51] [main/WARN] [ne.ne.fm.lo.FMLConfig/CORE]: Configuration file /Users/quzzar/Projects/vestige/run/wands-both-kith-final/config/fml.toml is not correct. Correcting
[12:20:51] [main/INFO] [ne.ne.fm.lo.FMLConfig/CORE]: Incorrect key [disableConfigWatcher] was corrected from null to false
[12:20:51] [main/INFO] [ne.ne.fm.lo.FMLConfig/CORE]: Incorrect key [earlyWindowSkipGLVersions] was corrected from null to []
[12:20:51] [main/INFO] [ne.ne.fm.lo.FMLConfig/CORE]: Incorrect key [earlyWindowSquir] was corrected from null to false
[12:20:51] [main/DEBUG] [ne.ne.fm.lo.ta.CommonLaunchHandler/CORE]: Got mod coordinates vestige%%/Users/quzzar/Projects/vestige/build/classes/java/main:vestige%%/Users/quzzar/Projects/vestige/build/resources/main from env
[12:20:51] [main/DEBUG] [ne.ne.fm.lo.ta.CommonLaunchHandler/CORE]: Found supplied mod coordinates [{vestige=[/Users/quzzar/Projects/vestige/build/classes/java/main, /Users/quzzar/Projects/vestige/build/resources/main]}]
[12:20:51] [main/DEBUG] [cp.mo.mo.TransformationServicesHandler/MODLAUNCHER]: Found additional transformation services from discovery services: 
[12:20:51] [main/INFO] [ne.ne.fm.lo.ImmediateWindowHandler/]: Loading ImmediateWindowProvider fmlearlywindow
[12:20:52] [main/INFO] [EARLYDISPLAY/]: Trying GL version 4.6
[12:20:52] [main/INFO] [EARLYDISPLAY/]: Trying GL version 4.5
[12:20:52] [main/INFO] [EARLYDISPLAY/]: Trying GL version 4.4
[12:20:52] [main/INFO] [EARLYDISPLAY/]: Trying GL version 4.3
[12:20:52] [main/INFO] [EARLYDISPLAY/]: Trying GL version 4.2
[12:20:52] [main/INFO] [EARLYDISPLAY/]: Trying GL version 4.1
[12:20:52] [main/INFO] [EARLYDISPLAY/]: Requested GL version 4.1 got version 4.1
[12:20:52] [main/DEBUG] [EARLYDISPLAY/]: Suppressing GLFW icon error: [0x1000C]Cocoa: Regular windows do not have icons on macOS
[12:20:52] [main/DEBUG] [cp.mo.mo.TransformationServicesHandler/MODLAUNCHER]: Found transformer services : [mixin,fml]
[12:20:52] [main/DEBUG] [cp.mo.mo.TransformationServicesHandler/MODLAUNCHER]: Transformation services loading
[12:20:52] [main/DEBUG] [cp.mo.mo.TransformationServiceDecorator/MODLAUNCHER]: Loading service mixin
[12:20:52] [main/DEBUG] [cp.mo.mo.TransformationServiceDecorator/MODLAUNCHER]: Loaded service mixin
[12:20:52] [main/DEBUG] [cp.mo.mo.TransformationServiceDecorator/MODLAUNCHER]: Loading service fml
[12:20:52] [main/DEBUG] [ne.ne.fm.lo.FMLLoader/CORE]: FML 4.0.29 loading
[12:20:52] [main/DEBUG] [ne.ne.fm.lo.FMLLoader/CORE]: FML found ModLauncher version : 11.0.4+main.d2e20e43
[12:20:52] [main/DEBUG] [ne.ne.fm.lo.FMLLoader/CORE]: FML found AccessTransformer version : 10.0.1+139da711
[12:20:52] [main/DEBUG] [ne.ne.fm.lo.FMLLoader/CORE]: FML found EventBus version : null
[12:20:52] [main/DEBUG] [ne.ne.fm.lo.FMLLoader/CORE]: Found Runtime Dist Cleaner
[12:20:52] [main/DEBUG] [cp.mo.mo.TransformationServiceDecorator/MODLAUNCHER]: Loaded service fml
[12:20:52] [main/DEBUG] [cp.mo.mo.TransformationServicesHandler/MODLAUNCHER]: Configuring option handling for services
[12:20:52] [main/DEBUG] [ne.ne.fm.lo.FMLServiceProvider/CORE]: Received command line version data  : VersionInfo[neoForgeVersion=21.1.72, fmlVersion=4.0.29, mcVersion=1.21.1, neoFormVersion=20240808.144430]
[12:20:52] [main/DEBUG] [cp.mo.mo.TransformationServicesHandler/MODLAUNCHER]: Transformation services initializing
[12:20:52] [main/DEBUG] [cp.mo.mo.TransformationServiceDecorator/MODLAUNCHER]: Initializing transformation service mixin
[12:20:52] [main/DEBUG] [mixin/]: MixinService [ModLauncher] was successfully booted in cpw.mods.cl.ModuleClassLoader@4a87761d
[12:20:52] [main/INFO] [mixin/]: SpongePowered MIXIN Subsystem Version=0.8.7 Source=union:/Users/quzzar/.gradle/caches/modules-2/files-2.1/net.fabricmc/sponge-mixin/0.15.2+mixin.0.8.7/2af2f021d8e02a0220dc27a7a72b4666d66d44ca/sponge-mixin-0.15.2+mixin.0.8.7.jar%23125!/ Service=ModLauncher Env=CLIENT
[12:20:52] [main/DEBUG] [mixin/]: Initialising Mixin Platform Manager
[12:20:52] [main/DEBUG] [mixin/]: Adding mixin platform agents for container ModLauncher Root Container(ModLauncher:4f56a0a2)
[12:20:52] [main/DEBUG] [mixin/]: Instancing new MixinPlatformAgentMinecraftForge for ModLauncher Root Container(ModLauncher:4f56a0a2)
[12:20:52] [main/DEBUG] [mixin/]: MixinPlatformAgentMinecraftForge rejected container ModLauncher Root Container(ModLauncher:4f56a0a2)
[12:20:52] [main/DEBUG] [mixin/]: Instancing new MixinPlatformAgentDefault for ModLauncher Root Container(ModLauncher:4f56a0a2)
[12:20:52] [main/DEBUG] [mixin/]: MixinPlatformAgentDefault accepted container ModLauncher Root Container(ModLauncher:4f56a0a2)
[12:20:52] [main/DEBUG] [cp.mo.mo.TransformationServiceDecorator/MODLAUNCHER]: Initialized transformation service mixin
[12:20:52] [main/DEBUG] [cp.mo.mo.TransformationServiceDecorator/MODLAUNCHER]: Initializing transformation service fml
[12:20:52] [main/DEBUG] [ne.ne.fm.lo.FMLServiceProvider/CORE]: Setting up basic FML game directories
[12:20:52] [main/DEBUG] [ne.ne.fm.lo.FMLPaths/CORE]: Path GAMEDIR is /Users/quzzar/Projects/vestige/run/wands-both-kith-final
[12:20:52] [main/DEBUG] [ne.ne.fm.lo.FMLPaths/CORE]: Path MODSDIR is /Users/quzzar/Projects/vestige/run/wands-both-kith-final/mods
[12:20:52] [main/DEBUG] [ne.ne.fm.lo.FMLPaths/CORE]: Path CONFIGDIR is /Users/quzzar/Projects/vestige/run/wands-both-kith-final/config
[12:20:52] [main/DEBUG] [ne.ne.fm.lo.FMLPaths/CORE]: Path FMLCONFIG is /Users/quzzar/Projects/vestige/run/wands-both-kith-final/config/fml.toml
[12:20:52] [main/DEBUG] [ne.ne.fm.lo.FMLServiceProvider/CORE]: Loading configuration
[12:20:52] [main/DEBUG] [ne.ne.fm.lo.FMLServiceProvider/CORE]: Preparing launch handler
[12:20:52] [main/DEBUG] [ne.ne.fm.lo.FMLLoader/CORE]: Using forgeclientuserdev as launch service
[12:20:52] [main/DEBUG] [cp.mo.mo.TransformationServiceDecorator/MODLAUNCHER]: Initialized transformation service fml
[12:20:52] [main/DEBUG] [cp.mo.mo.TransformationServicesHandler/MODLAUNCHER]: Transformation services begin scanning
[12:20:52] [main/DEBUG] [cp.mo.mo.TransformationServiceDecorator/MODLAUNCHER]: Beginning scan trigger - transformation service mixin
[12:20:52] [main/DEBUG] [cp.mo.mo.TransformationServiceDecorator/MODLAUNCHER]: End scan trigger - transformation service mixin
[12:20:52] [main/DEBUG] [cp.mo.mo.TransformationServiceDecorator/MODLAUNCHER]: Beginning scan trigger - transformation service fml
[12:20:52] [main/DEBUG] [ne.ne.fm.lo.FMLServiceProvider/CORE]: Initiating mod scan
[12:20:52] [main/DEBUG] [ne.ne.fm.lo.ta.CommonLaunchHandler/CORE]: Got mod coordinates vestige%%/Users/quzzar/Projects/vestige/build/classes/java/main:vestige%%/Users/quzzar/Projects/vestige/build/resources/main from env
[12:20:52] [main/DEBUG] [ne.ne.fm.lo.ta.CommonLaunchHandler/CORE]: Found supplied mod coordinates [{vestige=[/Users/quzzar/Projects/vestige/build/classes/java/main, /Users/quzzar/Projects/vestige/build/resources/main]}]
[12:20:52] [main/DEBUG] [ne.ne.fm.ut.ServiceLoaderUtil/CORE]: Found 4 implementations of IModFileCandidateLocator:
[12:20:52] [main/DEBUG] [ne.ne.fm.ut.ServiceLoaderUtil/CORE]: 	       0 - [built-in] net.neoforged.fml.loading.moddiscovery.locators.NeoForgeDevProvider from loader-4.0.29.jar
[12:20:52] [main/DEBUG] [ne.ne.fm.ut.ServiceLoaderUtil/CORE]: 	       0 - net.neoforged.fml.loading.moddiscovery.locators.ModsFolderLocator from loader-4.0.29.jar
[12:20:52] [main/DEBUG] [ne.ne.fm.ut.ServiceLoaderUtil/CORE]: 	       0 - net.neoforged.fml.loading.moddiscovery.locators.MavenDirectoryLocator from loader-4.0.29.jar
[12:20:52] [main/DEBUG] [ne.ne.fm.ut.ServiceLoaderUtil/CORE]: 	   -1000 - [built-in] net.neoforged.fml.loading.moddiscovery.locators.UserdevLocator from loader-4.0.29.jar
[12:20:52] [main/DEBUG] [ne.ne.fm.ut.ServiceLoaderUtil/CORE]: Found 2 implementations of IModFileReader:
[12:20:52] [main/DEBUG] [ne.ne.fm.ut.ServiceLoaderUtil/CORE]: 	       0 - net.neoforged.fml.loading.moddiscovery.readers.JarModsDotTomlModFileReader from loader-4.0.29.jar
[12:20:52] [main/DEBUG] [ne.ne.fm.ut.ServiceLoaderUtil/CORE]: 	   -1000 - net.neoforged.fml.loading.moddiscovery.readers.NestedLibraryModReader from loader-4.0.29.jar
[12:20:52] [main/DEBUG] [ne.ne.fm.ut.ServiceLoaderUtil/CORE]: Found 1 implementations of IDependencyLocator:
[12:20:52] [main/DEBUG] [ne.ne.fm.ut.ServiceLoaderUtil/CORE]: 	       0 - net.neoforged.fml.loading.moddiscovery.locators.JarInJarDependencyLocator from loader-4.0.29.jar
[12:20:52] [main/DEBUG] [ne.ne.fm.lo.mo.ModFileInfo/LOADING]: Found valid mod file neoforge-21.1.72-minecraft.jar with {minecraft} mods - versions {1.21.1}
[12:20:52] [main/DEBUG] [ne.ne.fm.lo.mo.ModFileParser/LOADING]: Considering mod file candidate /Users/quzzar/Projects/vestige/build/moddev/artifacts/neoforge-21.1.72-minecraft.jar
[12:20:52] [main/DEBUG] [ne.ne.fm.lo.mo.ModFileInfo/LOADING]: Found valid mod file neoforge-21.1.72-minecraft.jar with {neoforge} mods - versions {21.1.72}
[12:20:52] [main/DEBUG] [ne.ne.fm.lo.mo.ModListHandler/CORE]: Found mod coordinates from lists: []
[12:20:52] [main/DEBUG] [ne.ne.fm.lo.mo.ModFileParser/LOADING]: Considering mod file candidate /Users/quzzar/Projects/vestige/build/classes/java/main
[12:20:52] [main/DEBUG] [ne.ne.fm.lo.mo.ModFileInfo/LOADING]: Found valid mod file main with {vestige} mods - versions {0.1.0}
[12:20:52] [main/DEBUG] [ne.ne.fm.lo.mo.ModFileParser/LOADING]: Considering mod file candidate /Users/quzzar/Projects/kithkyn/build/libs/kithkyn-1.0.0.jar
[12:20:52] [main/DEBUG] [ne.ne.fm.lo.mo.ModFileInfo/LOADING]: Found valid mod file kithkyn-1.0.0.jar with {kithkyn} mods - versions {1.0.0}
[12:20:52] [main/DEBUG] [ne.ne.fm.lo.mo.ModFileParser/LOADING]: Considering mod file candidate /Users/quzzar/Projects/vestige/build/moddev/artifacts/neoforge-21.1.72-minecraft.jar
[12:20:52] [main/DEBUG] [ne.ne.fm.lo.mo.ModFileInfo/LOADING]: Found valid mod file neoforge-21.1.72-minecraft.jar with {neoforge} mods - versions {21.1.72}
[12:20:52] [main/DEBUG] [ne.ne.fm.lo.mo.ModFileParser/LOADING]: Considering mod file candidate /Users/quzzar/.gradle/caches/modules-2/files-2.1/mezz.jei/jei-1.21.1-neoforge/19.22.1.316/ad7cd1f890ef4924c62c39534d186396cde66868/jei-1.21.1-neoforge-19.22.1.316.jar
[12:20:53] [main/DEBUG] [ne.ne.fm.lo.mo.ModFileInfo/LOADING]: Found valid mod file jei-1.21.1-neoforge-19.22.1.316.jar with {jei} mods - versions {19.22.1.316}
[12:20:53] [main/DEBUG] [ne.ne.fm.lo.mo.ModFileParser/LOADING]: Considering mod file candidate /Users/quzzar/.gradle/caches/modules-2/files-2.1/dev.emi/emi-neoforge/1.1.24+1.21.1/3fd494b37027dfbc7f78414d7cbf251c9eb6738a/emi-neoforge-1.1.24+1.21.1.jar
[12:20:53] [main/DEBUG] [ne.ne.fm.lo.mo.ModFileInfo/LOADING]: Found valid mod file emi-neoforge-1.1.24+1.21.1.jar with {emi} mods - versions {1.1.24+1.21.1+neoforge}
[12:20:53] [main/DEBUG] [ne.ne.fm.lo.mo.ModDiscoverer/]: Skipping /Users/quzzar/.gradle/caches/modules-2/files-2.1/net.neoforged.fancymodloader/earlydisplay/4.0.29/1edc5420c37dde59a5c8b12a842f3ea22cd6139e/earlydisplay-4.0.29.jar because it was already located earlier
[12:20:53] [main/DEBUG] [ne.ne.fm.lo.mo.ModDiscoverer/]: Skipping /Users/quzzar/.gradle/caches/modules-2/files-2.1/net.neoforged.fancymodloader/loader/4.0.29/d18deaf54bafe631f281d4adb5b905308e0a271e/loader-4.0.29.jar because it was already located earlier
[12:20:53] [main/DEBUG] [ne.ne.fm.lo.mo.ModDiscoverer/]: Skipping /Users/quzzar/.gradle/caches/modules-2/files-2.1/net.neoforged/coremods/7.0.3/9147e6f638b4272b3bd5fc8f92ad37802512c6c/coremods-7.0.3.jar because it was already located earlier
[12:20:53] [main/DEBUG] [ne.ne.fm.lo.mo.ModDiscoverer/]: Skipping /Users/quzzar/.gradle/caches/modules-2/files-2.1/cpw.mods/modlauncher/11.0.4/6619d4812a3c092310d521ebc4c9503727563df7/modlauncher-11.0.4.jar because it was already located earlier
[12:20:53] [main/DEBUG] [ne.ne.fm.lo.mo.ModDiscoverer/]: Skipping /Users/quzzar/.gradle/caches/modules-2/files-2.1/net.neoforged.accesstransformers/at-modlauncher/10.0.1/5aba50202aceead086bc09fbc2751c9f05cb4890/at-modlauncher-10.0.1.jar because it was already located earlier
[12:20:53] [main/DEBUG] [ne.ne.fm.lo.mo.ModDiscoverer/]: Skipping /Users/quzzar/.gradle/caches/modules-2/files-2.1/net.neoforged/accesstransformers/10.0.1/fd83b5725f76eae9115e9355fa1c456a6a441400/accesstransformers-10.0.1.jar because it was already located earlier
[12:20:53] [main/DEBUG] [ne.ne.fm.lo.mo.ModDiscoverer/]: Skipping /Users/quzzar/.gradle/caches/modules-2/files-2.1/org.openjdk.nashorn/nashorn-core/15.4/f67f5ffaa5f5130cf6fb9b133da00c7df3b532a5/nashorn-core-15.4.jar because it was already located earlier
[12:20:53] [main/DEBUG] [ne.ne.fm.lo.mo.ModDiscoverer/]: Skipping /Users/quzzar/.gradle/caches/modules-2/files-2.1/net.neoforged/mergetool/2.0.3/1275202cbbb248f49345cf6787ce299afd9a02fb/mergetool-2.0.3-api.jar because it was already located earlier
[12:20:53] [main/DEBUG] [ne.ne.fm.lo.mo.ModDiscoverer/]: Skipping /Users/quzzar/.gradle/caches/modules-2/files-2.1/net.neoforged/bus/8.0.2/163c9ef7c4bcca6d850c34e95261b606af91fe06/bus-8.0.2.jar because it was already located earlier
[12:20:53] [main/DEBUG] [ne.ne.fm.lo.mo.ModDiscoverer/]: Skipping /Users/quzzar/.gradle/caches/modules-2/files-2.1/com.electronwill.night-config/toml/3.8.0/861dbcf2757dd6701c98b3949198549ccb5f62ff/toml-3.8.0.jar because it was already located earlier
[12:20:53] [main/DEBUG] [ne.ne.fm.lo.mo.ModDiscoverer/]: Skipping /Users/quzzar/.gradle/caches/modules-2/files-2.1/com.electronwill.night-config/core/3.8.0/2498dd2b3120dd49e963e2feab8fa5d0c5f80e0a/core-3.8.0.jar because it was already located earlier
[12:20:53] [main/DEBUG] [ne.ne.fm.lo.mo.ModDiscoverer/]: Skipping /Users/quzzar/.gradle/caches/modules-2/files-2.1/net.neoforged/JarJarSelector/0.4.1/fb3cc7a58af22ad2880adb98af6d518128c47dae/JarJarSelector-0.4.1.jar because it was already located earlier
[12:20:53] [main/DEBUG] [ne.ne.fm.lo.mo.ModDiscoverer/]: Skipping /Users/quzzar/.gradle/caches/modules-2/files-2.1/net.neoforged/JarJarMetadata/0.4.1/f8da03683dc81694556dc3e177c5e3bb77ae6fcb/JarJarMetadata-0.4.1.jar because it was already located earlier
[12:20:53] [main/DEBUG] [ne.ne.fm.lo.mo.ModDiscoverer/]: Skipping /Users/quzzar/.gradle/caches/modules-2/files-2.1/org.apache.maven/maven-artifact/3.8.5/4433f50c07debefaed0553bd0068f4f48d449313/maven-artifact-3.8.5.jar because it was already located earlier
[12:20:53] [main/DEBUG] [ne.ne.fm.lo.mo.ModDiscoverer/]: Skipping /Users/quzzar/.gradle/caches/modules-2/files-2.1/net.jodah/typetools/0.6.3/a01aaa6ddaea9ec07ec4f209487b7a46a526283a/typetools-0.6.3.jar because it was already located earlier
[12:20:53] [main/DEBUG] [ne.ne.fm.lo.mo.ModDiscoverer/]: Skipping /Users/quzzar/.gradle/caches/modules-2/files-2.1/net.minecrell/terminalconsoleappender/1.3.0/b562e9bb61235c9520e26282cdee71f8f802d1fc/terminalconsoleappender-1.3.0.jar because it was already located earlier
[12:20:53] [main/DEBUG] [ne.ne.fm.lo.mo.ModDiscoverer/]: Skipping /Users/quzzar/.gradle/caches/modules-2/files-2.1/net.fabricmc/sponge-mixin/0.15.2+mixin.0.8.7/2af2f021d8e02a0220dc27a7a72b4666d66d44ca/sponge-mixin-0.15.2+mixin.0.8.7.jar because it was already located earlier
[12:20:53] [main/DEBUG] [ne.ne.fm.lo.mo.ModDiscoverer/]: Skipping /Users/quzzar/.gradle/caches/modules-2/files-2.1/org.apache.commons/commons-lang3/3.14.0/1ed471194b02f2c6cb734a0cd6f6f107c673afae/commons-lang3-3.14.0.jar because it was already located earlier
[12:20:53] [main/DEBUG] [ne.ne.fm.lo.mo.ModDiscoverer/]: Skipping /Users/quzzar/.gradle/caches/modules-2/files-2.1/com.mojang/logging/1.2.7/24cb95ffb0e3433fd6e844c04e68009e504ca1c0/logging-1.2.7.jar because it was already located earlier
[12:20:53] [main/DEBUG] [ne.ne.fm.lo.mo.ModDiscoverer/]: Skipping /Users/quzzar/.gradle/caches/modules-2/files-2.1/org.apache.logging.log4j/log4j-slf4j2-impl/2.22.1/d7e6693c2606cb7e7335047d7bb96dec52db5665/log4j-slf4j2-impl-2.22.1.jar because it was already located earlier
[12:20:53] [main/DEBUG] [ne.ne.fm.lo.mo.ModDiscoverer/]: Skipping /Users/quzzar/.gradle/caches/modules-2/files-2.1/org.apache.logging.log4j/log4j-core/2.22.1/7183a25510a02ad00cc6a95d3b3d2a7d3c5a8dc4/log4j-core-2.22.1.jar because it was already located earlier
[12:20:53] [main/DEBUG] [ne.ne.fm.lo.mo.ModDiscoverer/]: Skipping /Users/quzzar/.gradle/caches/modules-2/files-2.1/org.apache.logging.log4j/log4j-api/2.22.1/bea6fede6328fabafd7e68363161a7ea6605abd1/log4j-api-2.22.1.jar because it was already located earlier
[12:20:53] [main/DEBUG] [ne.ne.fm.lo.mo.ModDiscoverer/]: Skipping /Users/quzzar/.gradle/caches/modules-2/files-2.1/net.sf.jopt-simple/jopt-simple/5.0.4/4fdac2fbe92dfad86aa6e9301736f6b4342a3f5c/jopt-simple-5.0.4.jar because it was already located earlier
[12:20:53] [main/DEBUG] [ne.ne.fm.lo.mo.ModDiscoverer/]: Skipping /Users/quzzar/.gradle/caches/modules-2/files-2.1/commons-io/commons-io/2.15.1/f11560da189ab563a5c8e351941415430e9304ea/commons-io-2.15.1.jar because it was already located earlier
[12:20:53] [main/DEBUG] [ne.ne.fm.lo.mo.ModDiscoverer/]: Skipping /Users/quzzar/.gradle/caches/modules-2/files-2.1/com.google.guava/guava/32.1.2-jre/5e64ec7e056456bef3a4bc4c6fdaef71e8ab6318/guava-32.1.2-jre.jar because it was already located earlier
[12:20:53] [main/DEBUG] [ne.ne.fm.lo.mo.ModDiscoverer/]: Skipping /Users/quzzar/.gradle/caches/modules-2/files-2.1/com.google.code.gson/gson/2.10.1/b3add478d4382b78ea20b1671390a858002feb6c/gson-2.10.1.jar because it was already located earlier
[12:20:53] [main/DEBUG] [ne.ne.fm.lo.mo.ModDiscoverer/]: Skipping /Users/quzzar/.gradle/caches/modules-2/files-2.1/org.slf4j/slf4j-api/2.0.9/7cf2726fdcfbc8610f9a71fb3ed639871f315340/slf4j-api-2.0.9.jar because it was already located earlier
[12:20:53] [main/DEBUG] [ne.ne.fm.lo.mo.ModDiscoverer/]: Skipping /Users/quzzar/.gradle/caches/modules-2/files-2.1/org.antlr/antlr4-runtime/4.13.1/17125bae1d965624e265ef49552f6465a2bfa307/antlr4-runtime-4.13.1.jar because it was already located earlier
[12:20:53] [main/DEBUG] [ne.ne.fm.lo.mo.ModDiscoverer/]: Skipping /Users/quzzar/.gradle/caches/modules-2/files-2.1/net.minecraftforge/srgutils/0.4.15/ca408b131759478f164e010fae0d73997e125fb5/srgutils-0.4.15.jar because it was already located earlier
[12:20:53] [main/DEBUG] [ne.ne.fm.lo.mo.ModDiscoverer/]: Skipping /Users/quzzar/.gradle/caches/modules-2/files-2.1/org.codehaus.plexus/plexus-utils/3.3.0/cf43b5391de623b36fe066a21127baef82c64022/plexus-utils-3.3.0.jar because it was already located earlier
[12:20:53] [main/DEBUG] [ne.ne.fm.lo.mo.ModDiscoverer/]: Skipping /Users/quzzar/.gradle/caches/modules-2/files-2.1/org.jline/jline-reader/3.20.0/8f15415b022a25b473e8e16c28ae913186ffb9c4/jline-reader-3.20.0.jar because it was already located earlier
[12:20:53] [main/DEBUG] [ne.ne.fm.lo.mo.ModDiscoverer/]: Skipping /Users/quzzar/.gradle/caches/modules-2/files-2.1/com.machinezoo.noexception/noexception/1.7.1/b65330c98e38a1f915fa54a6e5eca496505e3f0a/noexception-1.7.1.jar because it was already located earlier
[12:20:53] [main/DEBUG] [ne.ne.fm.lo.mo.ModDiscoverer/]: Skipping /Users/quzzar/.gradle/caches/modules-2/files-2.1/com.github.oshi/oshi-core/6.4.10/b1d8ab82d11d92fd639b56d639f8f46f739dd5fa/oshi-core-6.4.10.jar because it was already located earlier
[12:20:53] [main/DEBUG] [ne.ne.fm.lo.mo.ModDiscoverer/]: Skipping /Users/quzzar/.gradle/caches/modules-2/files-2.1/com.google.guava/failureaccess/1.0.1/1dcf1de382a0bf95a3d8b0849546c88bac1292c9/failureaccess-1.0.1.jar because it was already located earlier
[12:20:53] [main/DEBUG] [ne.ne.fm.lo.mo.ModDiscoverer/]: Skipping /Users/quzzar/.gradle/caches/modules-2/files-2.1/com.ibm.icu/icu4j/73.2/61ad4ef7f9131fcf6d25c34b817f90d6da06c9e9/icu4j-73.2.jar because it was already located earlier
[12:20:53] [main/DEBUG] [ne.ne.fm.lo.mo.ModDiscoverer/]: Skipping /Users/quzzar/.gradle/caches/modules-2/files-2.1/com.mojang/authlib/6.0.54/de8bc95660e1b2fe8793fd427a7a10dcec5b3ea7/authlib-6.0.54.jar because it was already located earlier
[12:20:53] [main/DEBUG] [ne.ne.fm.lo.mo.ModDiscoverer/]: Skipping /Users/quzzar/.gradle/caches/modules-2/files-2.1/com.mojang/blocklist/1.0.10/5c685c5ffa94c4cd39496c7184c1d122e515ecef/blocklist-1.0.10.jar because it was already located earlier
[12:20:53] [main/DEBUG] [ne.ne.fm.lo.mo.ModDiscoverer/]: Skipping /Users/quzzar/.gradle/caches/modules-2/files-2.1/com.mojang/brigadier/1.3.10/d15b53a14cf20fdcaa98f731af5dda654452c010/brigadier-1.3.10.jar because it was already located earlier
[12:20:53] [main/DEBUG] [ne.ne.fm.lo.mo.ModDiscoverer/]: Skipping /Users/quzzar/.gradle/caches/modules-2/files-2.1/com.mojang/datafixerupper/8.0.16/67d4de6d7f95d89bcf5862995fb854ebaec02a34/datafixerupper-8.0.16.jar because it was already located earlier
[12:20:53] [main/DEBUG] [ne.ne.fm.lo.mo.ModDiscoverer/]: Skipping /Users/quzzar/.gradle/caches/modules-2/files-2.1/com.mojang/patchy/2.2.10/da05971b07cbb379d002cf7eaec6a2048211fefc/patchy-2.2.10.jar because it was already located earlier
[12:20:53] [main/DEBUG] [ne.ne.fm.lo.mo.ModDiscoverer/]: Skipping /Users/quzzar/.gradle/caches/modules-2/files-2.1/com.mojang/text2speech/1.17.9/3cad216e3a7f0c19b4b394388bc9ffc446f13b14/text2speech-1.17.9.jar because it was already located earlier
[12:20:53] [main/DEBUG] [ne.ne.fm.lo.mo.ModDiscoverer/]: Skipping /Users/quzzar/.gradle/caches/modules-2/files-2.1/commons-codec/commons-codec/1.16.0/4e3eb3d79888d76b54e28b350915b5dc3919c9de/commons-codec-1.16.0.jar because it was already located earlier
[12:20:53] [main/DEBUG] [ne.ne.fm.lo.mo.ModDiscoverer/]: Skipping /Users/quzzar/.gradle/caches/modules-2/files-2.1/commons-logging/commons-logging/1.2/4bfc12adfe4842bf07b657f0369c4cb522955686/commons-logging-1.2.jar because it was already located earlier
[12:20:53] [main/DEBUG] [ne.ne.fm.lo.mo.ModDiscoverer/]: Skipping /Users/quzzar/.gradle/caches/modules-2/files-2.1/io.netty/netty-buffer/4.1.97.Final/f8f3d8644afa5e6e1a40a3a6aeb9d9aa970ecb4f/netty-buffer-4.1.97.Final.jar because it was already located earlier
[12:20:53] [main/DEBUG] [ne.ne.fm.lo.mo.ModDiscoverer/]: Skipping /Users/quzzar/.gradle/caches/modules-2/files-2.1/io.netty/netty-codec/4.1.97.Final/384ba4d75670befbedb45c4d3b497a93639c206d/netty-codec-4.1.97.Final.jar because it was already located earlier
[12:20:53] [main/DEBUG] [ne.ne.fm.lo.mo.ModDiscoverer/]: Skipping /Users/quzzar/.gradle/caches/modules-2/files-2.1/io.netty/netty-common/4.1.97.Final/7cceacaf11df8dc63f23d0fb58e9d4640fc88404/netty-common-4.1.97.Final.jar because it was already located earlier
[12:20:53] [main/DEBUG] [ne.ne.fm.lo.mo.ModDiscoverer/]: Skipping /Users/quzzar/.gradle/caches/modules-2/files-2.1/io.netty/netty-handler/4.1.97.Final/abb86c6906bf512bf2b797a41cd7d2e8d3cd7c36/netty-handler-4.1.97.Final.jar because it was already located earlier
[12:20:53] [main/DEBUG] [ne.ne.fm.lo.mo.ModDiscoverer/]: Skipping /Users/quzzar/.gradle/caches/modules-2/files-2.1/io.netty/netty-resolver/4.1.97.Final/cec8348108dc76c47cf87c669d514be52c922144/netty-resolver-4.1.97.Final.jar because it was already located earlier
[12:20:53] [main/DEBUG] [ne.ne.fm.lo.mo.ModDiscoverer/]: Skipping /Users/quzzar/.gradle/caches/modules-2/files-2.1/io.netty/netty-transport-classes-epoll/4.1.97.Final/795da37ded759e862457a82d9d92c4d39ce8ecee/netty-transport-classes-epoll-4.1.97.Final.jar because it was already located earlier
[12:20:53] [main/DEBUG] [ne.ne.fm.lo.mo.ModDiscoverer/]: Skipping /Users/quzzar/.gradle/caches/modules-2/files-2.1/io.netty/netty-transport-native-unix-common/4.1.97.Final/d469d84265ab70095b01b40886cabdd433b6e664/netty-transport-native-unix-common-4.1.97.Final.jar because it was already located earlier
[12:20:53] [main/DEBUG] [ne.ne.fm.lo.mo.ModDiscoverer/]: Skipping /Users/quzzar/.gradle/caches/modules-2/files-2.1/io.netty/netty-transport/4.1.97.Final/f37380d23c9bb079bc702910833b2fd532c9abd0/netty-transport-4.1.97.Final.jar because it was already located earlier
[12:20:53] [main/DEBUG] [ne.ne.fm.lo.mo.ModDiscoverer/]: Skipping /Users/quzzar/.gradle/caches/modules-2/files-2.1/it.unimi.dsi/fastutil/8.5.12/c24946d46824bd528054bface3231d2ecb7e95e8/fastutil-8.5.12.jar because it was already located earlier
[12:20:53] [main/DEBUG] [ne.ne.fm.lo.mo.ModDiscoverer/]: Skipping /Users/quzzar/.gradle/caches/modules-2/files-2.1/net.java.dev.jna/jna-platform/5.14.0/28934d48aed814f11e4c584da55c49fa7032b31b/jna-platform-5.14.0.jar because it was already located earlier
[12:20:53] [main/DEBUG] [ne.ne.fm.lo.mo.ModDiscoverer/]: Skipping /Users/quzzar/.gradle/caches/modules-2/files-2.1/net.java.dev.jna/jna/5.14.0/67bf3eaea4f0718cb376a181a629e5f88fa1c9dd/jna-5.14.0.jar because it was already located earlier
[12:20:53] [main/DEBUG] [ne.ne.fm.lo.mo.ModDiscoverer/]: Skipping /Users/quzzar/.gradle/caches/modules-2/files-2.1/org.apache.commons/commons-compress/1.26.0/659feffdd12280201c8aacb8f7be94f9a883c824/commons-compress-1.26.0.jar because it was already located earlier
[12:20:53] [main/DEBUG] [ne.ne.fm.lo.mo.ModDiscoverer/]: Skipping /Users/quzzar/.gradle/caches/modules-2/files-2.1/org.apache.httpcomponents/httpclient/4.5.13/e5f6cae5ca7ecaac1ec2827a9e2d65ae2869cada/httpclient-4.5.13.jar because it was already located earlier
[12:20:53] [main/DEBUG] [ne.ne.fm.lo.mo.ModDiscoverer/]: Skipping /Users/quzzar/.gradle/caches/modules-2/files-2.1/org.apache.httpcomponents/httpcore/4.4.16/51cf043c87253c9f58b539c9f7e44c8894223850/httpcore-4.4.16.jar because it was already located earlier
[12:20:53] [main/DEBUG] [ne.ne.fm.lo.mo.ModDiscoverer/]: Skipping /Users/quzzar/.gradle/caches/modules-2/files-2.1/org.jcraft/jorbis/0.0.17/8872d22b293e8f5d7d56ff92be966e6dc28ebdc6/jorbis-0.0.17.jar because it was already located earlier
[12:20:53] [main/DEBUG] [ne.ne.fm.lo.mo.ModDiscoverer/]: Skipping /Users/quzzar/.gradle/caches/modules-2/files-2.1/org.joml/joml/1.10.5/22566d58af70ad3d72308bab63b8339906deb649/joml-1.10.5.jar because it was already located earlier
[12:20:53] [main/DEBUG] [ne.ne.fm.lo.mo.ModDiscoverer/]: Skipping /Users/quzzar/.gradle/caches/modules-2/files-2.1/org.lwjgl/lwjgl-freetype/3.3.3/a0db6c84a8becc8ca05f9dbfa985edc348a824c7/lwjgl-freetype-3.3.3.jar because it was already located earlier
[12:20:53] [main/DEBUG] [ne.ne.fm.lo.mo.ModDiscoverer/]: Skipping /Users/quzzar/.gradle/caches/modules-2/files-2.1/org.lwjgl/lwjgl-freetype/3.3.3/b0a8c9baa9d1f54ac61e1ab9640c7659e7fa700c/lwjgl-freetype-3.3.3-natives-macos-arm64.jar because it was already located earlier
[12:20:53] [main/DEBUG] [ne.ne.fm.lo.mo.ModDiscoverer/]: Skipping /Users/quzzar/.gradle/caches/modules-2/files-2.1/org.lwjgl/lwjgl-freetype/3.3.3/806d869f37ce0df388a24e17aaaf5ca0894d851b/lwjgl-freetype-3.3.3-natives-macos-patch.jar because it was already located earlier
[12:20:53] [main/DEBUG] [ne.ne.fm.lo.mo.ModDiscoverer/]: Skipping /Users/quzzar/.gradle/caches/modules-2/files-2.1/org.lwjgl/lwjgl-glfw/3.3.3/efa1eb78c5ccd840e9f329717109b5e892d72f8e/lwjgl-glfw-3.3.3.jar because it was already located earlier
[12:20:53] [main/DEBUG] [ne.ne.fm.lo.mo.ModDiscoverer/]: Skipping /Users/quzzar/.gradle/caches/modules-2/files-2.1/org.lwjgl/lwjgl-glfw/3.3.3/a1bf400f6bc64e6195596cb1430dafda46090751/lwjgl-glfw-3.3.3-natives-macos.jar because it was already located earlier
[12:20:53] [main/DEBUG] [ne.ne.fm.lo.mo.ModDiscoverer/]: Skipping /Users/quzzar/.gradle/caches/modules-2/files-2.1/org.lwjgl/lwjgl-jemalloc/3.3.3/b543467b7ff3c6920539a88ee602d34098628be5/lwjgl-jemalloc-3.3.3.jar because it was already located earlier
[12:20:53] [main/DEBUG] [ne.ne.fm.lo.mo.ModDiscoverer/]: Skipping /Users/quzzar/.gradle/caches/modules-2/files-2.1/org.lwjgl/lwjgl-jemalloc/3.3.3/2906637657a57579847238c9c72d2c4bde7083f8/lwjgl-jemalloc-3.3.3-natives-macos.jar because it was already located earlier
[12:20:53] [main/DEBUG] [ne.ne.fm.lo.mo.ModDiscoverer/]: Skipping /Users/quzzar/.gradle/caches/modules-2/files-2.1/org.lwjgl/lwjgl-openal/3.3.3/daada81ceb5fc0c291fbfdd4433cb8d9423577f2/lwjgl-openal-3.3.3.jar because it was already located earlier
[12:20:53] [main/DEBUG] [ne.ne.fm.lo.mo.ModDiscoverer/]: Skipping /Users/quzzar/.gradle/caches/modules-2/files-2.1/org.lwjgl/lwjgl-openal/3.3.3/8df8338bfa77f2ebabef4e58964bd04d24805cbf/lwjgl-openal-3.3.3-natives-macos.jar because it was already located earlier
[12:20:53] [main/DEBUG] [ne.ne.fm.lo.mo.ModDiscoverer/]: Skipping /Users/quzzar/.gradle/caches/modules-2/files-2.1/org.lwjgl/lwjgl-opengl/3.3.3/2f6b0147078396a58979125a4c947664e98293a/lwjgl-opengl-3.3.3.jar because it was already located earlier
[12:20:53] [main/DEBUG] [ne.ne.fm.lo.mo.ModDiscoverer/]: Skipping /Users/quzzar/.gradle/caches/modules-2/files-2.1/org.lwjgl/lwjgl-opengl/3.3.3/1bd45997551ae8a28469f3a2b678f4b7289e12c0/lwjgl-opengl-3.3.3-natives-macos.jar because it was already located earlier
[12:20:53] [main/DEBUG] [ne.ne.fm.lo.mo.ModDiscoverer/]: Skipping /Users/quzzar/.gradle/caches/modules-2/files-2.1/org.lwjgl/lwjgl-stb/3.3.3/25dd6161988d7e65f71d5065c99902402ee32746/lwjgl-stb-3.3.3.jar because it was already located earlier
[12:20:53] [main/DEBUG] [ne.ne.fm.lo.mo.ModDiscoverer/]: Skipping /Users/quzzar/.gradle/caches/modules-2/files-2.1/org.lwjgl/lwjgl-stb/3.3.3/472792c98fb2c1557c060cb9da5fca6a9773621f/lwjgl-stb-3.3.3-natives-macos.jar because it was already located earlier
[12:20:53] [main/DEBUG] [ne.ne.fm.lo.mo.ModDiscoverer/]: Skipping /Users/quzzar/.gradle/caches/modules-2/files-2.1/org.lwjgl/lwjgl-tinyfd/3.3.3/82d755ca94b102e9ca77283b9e2dc46d1b15fbe5/lwjgl-tinyfd-3.3.3.jar because it was already located earlier
[12:20:53] [main/DEBUG] [ne.ne.fm.lo.mo.ModDiscoverer/]: Skipping /Users/quzzar/.gradle/caches/modules-2/files-2.1/org.lwjgl/lwjgl-tinyfd/3.3.3/406feedb977372085a61eb0fee358183f4f4c67a/lwjgl-tinyfd-3.3.3-natives-macos-arm64.jar because it was already located earlier
[12:20:53] [main/DEBUG] [ne.ne.fm.lo.mo.ModDiscoverer/]: Skipping /Users/quzzar/.gradle/caches/modules-2/files-2.1/org.lwjgl/lwjgl/3.3.3/29589b5f87ed335a6c7e7ee6a5775f81f97ecb84/lwjgl-3.3.3.jar because it was already located earlier
[12:20:53] [main/DEBUG] [ne.ne.fm.lo.mo.ModDiscoverer/]: Skipping /Users/quzzar/.gradle/caches/modules-2/files-2.1/org.lwjgl/lwjgl/3.3.3/226246e75f6bd8d4e1895bdce8638ef87808d114/lwjgl-3.3.3-natives-macos-arm64.jar because it was already located earlier
[12:20:53] [main/DEBUG] [ne.ne.fm.lo.mo.ModDiscoverer/]: Skipping /Users/quzzar/.gradle/caches/modules-2/files-2.1/org.lz4/lz4-java/1.8.0/4b986a99445e49ea5fbf5d149c4b63f6ed6c6780/lz4-java-1.8.0.jar because it was already located earlier
[12:20:53] [main/DEBUG] [ne.ne.fm.lo.mo.ModDiscoverer/]: Skipping /Users/quzzar/.gradle/caches/modules-2/files-2.1/org.jline/jline-terminal/3.20.0/d0ddcc708ddf527a3454c941b7b9225cc83a15ff/jline-terminal-3.20.0.jar because it was already located earlier
[12:20:53] [main/DEBUG] [ne.ne.fm.lo.mo.ModDiscoverer/]: Skipping /Users/quzzar/.gradle/caches/modules-2/files-2.1/ca.weblite/java-objc-bridge/1.1/1227f9e0666314f9de41477e3ec277e542ed7f7b/java-objc-bridge-1.1.jar because it was already located earlier
[12:20:53] [main/DEBUG] [ne.ne.fm.lo.mo.ModDiscoverer/]: Skipping /Users/quzzar/.gradle/caches/modules-2/files-2.1/com.google.guava/listenablefuture/9999.0-empty-to-avoid-conflict-with-guava/b421526c5f297295adef1c886e5246c39d4ac629/listenablefuture-9999.0-empty-to-avoid-conflict-with-guava.jar because it was already located earlier
[12:20:53] [main/DEBUG] [ne.ne.fm.lo.mo.ModDiscoverer/]: Skipping /Users/quzzar/.gradle/caches/modules-2/files-2.1/com.google.code.findbugs/jsr305/3.0.2/25ea2e8b0c338a877313bd4672d3fe056ea78f0d/jsr305-3.0.2.jar because it was already located earlier
[12:20:53] [main/DEBUG] [ne.ne.fm.lo.mo.ModDiscoverer/]: Skipping /Users/quzzar/.gradle/caches/modules-2/files-2.1/org.checkerframework/checker-qual/3.33.0/de2b60b62da487644fc11f734e73c8b0b431238f/checker-qual-3.33.0.jar because it was already located earlier
[12:20:53] [main/DEBUG] [ne.ne.fm.lo.mo.ModDiscoverer/]: Skipping /Users/quzzar/.gradle/caches/modules-2/files-2.1/com.google.errorprone/error_prone_annotations/2.18.0/89b684257096f548fa39a7df9fdaa409d4d4df91/error_prone_annotations-2.18.0.jar because it was already located earlier
[12:20:53] [main/DEBUG] [ne.ne.fm.lo.mo.ModDiscoverer/]: Skipping /Users/quzzar/.gradle/caches/modules-2/files-2.1/com.google.j2objc/j2objc-annotations/2.8/c85270e307e7b822f1086b93689124b89768e273/j2objc-annotations-2.8.jar because it was already located earlier
[12:20:53] [main/DEBUG] [ne.ne.fm.lo.UniqueModListBuilder/]: Found 2 mods for first modid neoforge, selecting most recent based on version data
[12:20:53] [main/DEBUG] [ne.ne.fm.lo.UniqueModListBuilder/]: Selected file neoforge-21.1.72-minecraft.jar for modid neoforge with version 21.1.72
[12:20:53] [main/INFO] [ne.ne.fm.lo.mo.lo.JarInJarDependencyLocator/]: Found 2 dependencies adding them to mods collection
[12:20:53] [main/INFO] [ne.ne.fm.lo.mo.ModDiscoverer/]: 
     Mod List:
		Name Version (Mod Id)

		EMI 1.1.24+1.21.1+neoforge (emi)
		Just Enough Items 19.22.1.316 (jei)
		Kithkyn 1.0.0 (kithkyn)
		Minecraft 1.21.1 (minecraft)
		NeoForge 21.1.72 (neoforge)
		Vestige 0.1.0 (vestige)
[12:20:53] [main/DEBUG] [ne.ne.fm.lo.mo.ModFileInfo/LOADING]: Found valid mod file neoforge-21.1.72-minecraft.jar with {minecraft} mods - versions {1.21.1}
[12:20:53] [main/DEBUG] [ne.ne.fm.lo.mo.ModFile/LOADING]: Loading mod file /Users/quzzar/Projects/vestige/build/moddev/artifacts/neoforge-21.1.72-minecraft.jar with languages [LanguageSpec[languageName=minecraft, acceptedVersions=1]]
[12:20:53] [main/DEBUG] [ne.ne.fm.lo.mo.ModFileParser/LOADING]: Considering mod file candidate /Users/quzzar/.gradle/caches/modules-2/files-2.1/dev.emi/emi-neoforge/1.1.24+1.21.1/3fd494b37027dfbc7f78414d7cbf251c9eb6738a/emi-neoforge-1.1.24+1.21.1.jar
[12:20:53] [main/DEBUG] [ne.ne.fm.lo.mo.ModFileInfo/LOADING]: Found valid mod file emi-neoforge-1.1.24+1.21.1.jar with {emi} mods - versions {1.1.24+1.21.1+neoforge}
[12:20:53] [main/DEBUG] [ne.ne.fm.lo.mo.ModFile/LOADING]: Loading mod file /Users/quzzar/.gradle/caches/modules-2/files-2.1/dev.emi/emi-neoforge/1.1.24+1.21.1/3fd494b37027dfbc7f78414d7cbf251c9eb6738a/emi-neoforge-1.1.24+1.21.1.jar with languages [LanguageSpec[languageName=javafml, acceptedVersions=[1,)]]
[12:20:53] [main/DEBUG] [ne.ne.fm.lo.mo.ModFile/LOADING]: Found mixin config emi.mixins.json
[12:20:53] [main/DEBUG] [ne.ne.fm.lo.mo.ModFile/LOADING]: Found mixin config emi-neoforge.mixins.json
[12:20:53] [main/DEBUG] [ne.ne.fm.lo.mo.ModFileParser/LOADING]: Considering mod file candidate /Users/quzzar/Projects/vestige/build/classes/java/main
[12:20:53] [main/DEBUG] [ne.ne.fm.lo.mo.ModFileInfo/LOADING]: Found valid mod file main with {vestige} mods - versions {0.1.0}
[12:20:53] [main/DEBUG] [ne.ne.fm.lo.mo.ModFile/LOADING]: Loading mod file /Users/quzzar/Projects/vestige/build/classes/java/main with languages [LanguageSpec[languageName=javafml, acceptedVersions=[4,)]]
[12:20:53] [main/DEBUG] [ne.ne.fm.lo.mo.ModFile/LOADING]: Found mixin config vestige.communication.mixins.json
[12:20:53] [main/DEBUG] [ne.ne.fm.lo.mo.ModFileParser/LOADING]: Considering mod file candidate /Users/quzzar/Projects/kithkyn/build/libs/kithkyn-1.0.0.jar
[12:20:53] [main/DEBUG] [ne.ne.fm.lo.mo.ModFileInfo/LOADING]: Found valid mod file kithkyn-1.0.0.jar with {kithkyn} mods - versions {1.0.0}
[12:20:53] [main/DEBUG] [ne.ne.fm.lo.mo.ModFile/LOADING]: Loading mod file /Users/quzzar/Projects/kithkyn/build/libs/kithkyn-1.0.0.jar with languages [LanguageSpec[languageName=javafml, acceptedVersions=[4,)]]
[12:20:53] [main/DEBUG] [ne.ne.fm.lo.mo.ModFileParser/LOADING]: Considering mod file candidate /Users/quzzar/Projects/vestige/build/moddev/artifacts/neoforge-21.1.72-minecraft.jar
[12:20:53] [main/DEBUG] [ne.ne.fm.lo.mo.ModFileInfo/LOADING]: Found valid mod file neoforge-21.1.72-minecraft.jar with {neoforge} mods - versions {21.1.72}
[12:20:53] [main/DEBUG] [ne.ne.fm.lo.mo.ModFile/LOADING]: Loading mod file /Users/quzzar/Projects/vestige/build/moddev/artifacts/neoforge-21.1.72-minecraft.jar with languages [LanguageSpec[languageName=javafml, acceptedVersions=[3,]]]
[12:20:53] [main/DEBUG] [ne.ne.fm.lo.mo.ModFile/LOADING]: Found mixin config neoforge.mixins.json
[12:20:53] [main/DEBUG] [ne.ne.fm.lo.mo.ModFileParser/LOADING]: Considering mod file candidate /Users/quzzar/.gradle/caches/modules-2/files-2.1/mezz.jei/jei-1.21.1-neoforge/19.22.1.316/ad7cd1f890ef4924c62c39534d186396cde66868/jei-1.21.1-neoforge-19.22.1.316.jar
[12:20:53] [main/DEBUG] [ne.ne.fm.lo.mo.ModFileInfo/LOADING]: Found valid mod file jei-1.21.1-neoforge-19.22.1.316.jar with {jei} mods - versions {19.22.1.316}
[12:20:53] [main/DEBUG] [ne.ne.fm.lo.mo.ModFile/LOADING]: Loading mod file /Users/quzzar/.gradle/caches/modules-2/files-2.1/mezz.jei/jei-1.21.1-neoforge/19.22.1.316/ad7cd1f890ef4924c62c39534d186396cde66868/jei-1.21.1-neoforge-19.22.1.316.jar with languages [LanguageSpec[languageName=javafml, acceptedVersions=[4,)]]
[12:20:53] [main/DEBUG] [ne.ne.fm.lo.mo.ModFile/LOADING]: Loading mod file  with languages []
[12:20:53] [main/DEBUG] [cp.mo.mo.TransformationServiceDecorator/MODLAUNCHER]: End scan trigger - transformation service fml
[12:20:53] [main/DEBUG] [ne.ne.fm.ut.ServiceLoaderUtil/CORE]: Found 3 implementations of IModLanguageLoader:
[12:20:53] [main/DEBUG] [ne.ne.fm.ut.ServiceLoaderUtil/CORE]: 	net.neoforged.fml.javafmlmod.FMLJavaModLanguageProvider from loader-4.0.29.jar
[12:20:53] [main/DEBUG] [ne.ne.fm.ut.ServiceLoaderUtil/CORE]: 	net.neoforged.fml.lowcodemod.LowCodeModLanguageProvider from loader-4.0.29.jar
[12:20:53] [main/DEBUG] [ne.ne.fm.ut.ServiceLoaderUtil/CORE]: 	net.neoforged.fml.mclanguageprovider.MinecraftModLanguageProvider from loader-4.0.29.jar
[12:20:53] [main/DEBUG] [ne.ne.fm.lo.LanguageProviderLoader/CORE]: Found language provider javafml, version 4.0.29
[12:20:53] [main/DEBUG] [ne.ne.fm.lo.LanguageProviderLoader/CORE]: Found language provider lowcodefml, version 4.0.29
[12:20:53] [main/DEBUG] [ne.ne.fm.lo.LanguageProviderLoader/CORE]: Found language provider minecraft, version 4.0.29
[12:20:53] [main/DEBUG] [ne.ne.fm.lo.ModSorter/]: Configured system mods: [minecraft, neoforge]
[12:20:53] [main/DEBUG] [ne.ne.fm.lo.ModSorter/]: Found system mod: minecraft
[12:20:53] [main/DEBUG] [ne.ne.fm.lo.ModSorter/]: Found system mod: neoforge
[12:20:53] [main/DEBUG] [ne.ne.fm.lo.ModSorter/LOADING]: Found 8 mod requirements (7 mandatory, 1 optional)
[12:20:53] [main/DEBUG] [ne.ne.fm.lo.ModSorter/LOADING]: Found 0 mod requirements missing (0 mandatory, 0 optional)
[12:20:53] [main/DEBUG] [mixin/]: Adding mixin platform agents for container net.neoforged.fml.loading.mixin.FMLMixinContainerHandle@4f82663e
[12:20:53] [main/DEBUG] [mixin/]: Instancing new MixinPlatformAgentMinecraftForge for net.neoforged.fml.loading.mixin.FMLMixinContainerHandle@4f82663e
[12:20:53] [main/DEBUG] [mixin/]: MixinPlatformAgentMinecraftForge rejected container net.neoforged.fml.loading.mixin.FMLMixinContainerHandle@4f82663e
[12:20:53] [main/DEBUG] [mixin/]: Instancing new MixinPlatformAgentDefault for net.neoforged.fml.loading.mixin.FMLMixinContainerHandle@4f82663e
[12:20:53] [main/DEBUG] [mixin/]: MixinPlatformAgentDefault accepted container net.neoforged.fml.loading.mixin.FMLMixinContainerHandle@4f82663e
[12:20:53] [main/DEBUG] [mixin/]: Instancing new FMLMixinPlatformAgent for net.neoforged.fml.loading.mixin.FMLMixinContainerHandle@4f82663e
[12:20:53] [main/DEBUG] [mixin/]: FMLMixinPlatformAgent accepted container net.neoforged.fml.loading.mixin.FMLMixinContainerHandle@4f82663e
[12:20:53] [main/DEBUG] [cp.mo.mo.TransformationServicesHandler/MODLAUNCHER]: Transformation services loading transformers
[12:20:53] [main/DEBUG] [cp.mo.mo.TransformationServiceDecorator/MODLAUNCHER]: Initializing transformers for transformation service mixin
[12:20:53] [main/DEBUG] [cp.mo.mo.TransformationServiceDecorator/MODLAUNCHER]: Initialized transformers for transformation service mixin
[12:20:53] [main/DEBUG] [cp.mo.mo.TransformationServiceDecorator/MODLAUNCHER]: Initializing transformers for transformation service fml
[12:20:53] [main/DEBUG] [ne.ne.fm.lo.FMLServiceProvider/LOADING]: Loading coremod transformers
[12:20:53] [main/DEBUG] [ne.ne.fm.lo.FMLServiceProvider/CORE]: Not loading coremod script-engine since no mod requested it
[12:20:53] [main/DEBUG] [ne.ne.fm.ut.ServiceLoaderUtil/CORE]: Found 1 implementations of ICoreMod:
[12:20:53] [main/DEBUG] [ne.ne.fm.ut.ServiceLoaderUtil/CORE]: 	net.neoforged.neoforge.coremods.NeoForgeCoreMod from neoforge-21.1.72-minecraft.jar > neoforge-coremods-21.1.72.jar
[12:20:53] [main/DEBUG] [ne.ne.fm.lo.FMLServiceProvider/CORE]: Adding [Target[className=net.minecraft.world.level.biome.Biome, elementName=, elementDescriptor=, targetType=cpw.mods.modlauncher.api.TargetType@7216fb24]] transformer from core-mod net.neoforged.neoforge.coremods.NeoForgeCoreMod@289fdb08 in neoforge-21.1.72-minecraft.jar > neoforge-coremods-21.1.72.jar
[12:20:53] [main/DEBUG] [ne.ne.fm.lo.FMLServiceProvider/CORE]: Adding [Target[className=net.minecraft.world.level.levelgen.structure.Structure, elementName=, elementDescriptor=, targetType=cpw.mods.modlauncher.api.TargetType@7216fb24]] transformer from core-mod net.neoforged.neoforge.coremods.NeoForgeCoreMod@289fdb08 in neoforge-21.1.72-minecraft.jar > neoforge-coremods-21.1.72.jar
[12:20:53] [main/DEBUG] [ne.ne.fm.lo.FMLServiceProvider/CORE]: Adding [Target[className=net.minecraft.world.level.block.FlowerPotBlock, elementName=, elementDescriptor=, targetType=cpw.mods.modlauncher.api.TargetType@7216fb24]] transformer from core-mod net.neoforged.neoforge.coremods.NeoForgeCoreMod@289fdb08 in neoforge-21.1.72-minecraft.jar > neoforge-coremods-21.1.72.jar
[12:20:53] [main/DEBUG] [ne.ne.fm.lo.FMLServiceProvider/CORE]: Adding [Target[className=net/minecraft/world/entity/raid/Raid, elementName=, elementDescriptor=, targetType=cpw.mods.modlauncher.api.TargetType@7216fb24], Target[className=net/minecraft/world/level/levelgen/structure/structures/SwampHutPiece, elementName=, elementDescriptor=, targetType=cpw.mods.modlauncher.api.TargetType@7216fb24], Target[className=net/minecraft/world/entity/EntityType, elementName=, elementDescriptor=, targetType=cpw.mods.modlauncher.api.TargetType@7216fb24], Target[className=net/minecraft/world/entity/animal/horse/SkeletonTrapGoal, elementName=, elementDescriptor=, targetType=cpw.mods.modlauncher.api.TargetType@7216fb24], Target[className=net/minecraft/world/entity/monster/Evoker$EvokerSummonSpellGoal, elementName=, elementDescriptor=, targetType=cpw.mods.modlauncher.api.TargetType@7216fb24], Target[className=net/minecraft/world/level/levelgen/structure/structures/OceanMonumentPieces$OceanMonumentPiece, elementName=, elementDescriptor=, targetType=cpw.mods.modlauncher.api.TargetType@7216fb24], Target[className=net/minecraft/world/entity/monster/Strider, elementName=, elementDescriptor=, targetType=cpw.mods.modlauncher.api.TargetType@7216fb24], Target[className=net/minecraft/world/level/levelgen/structure/templatesystem/StructureTemplate, elementName=, elementDescriptor=, targetType=cpw.mods.modlauncher.api.TargetType@7216fb24], Target[className=net/minecraft/world/level/levelgen/PatrolSpawner, elementName=, elementDescriptor=, targetType=cpw.mods.modlauncher.api.TargetType@7216fb24], Target[className=net/minecraft/world/level/levelgen/structure/structures/OceanRuinPieces$OceanRuinPiece, elementName=, elementDescriptor=, targetType=cpw.mods.modlauncher.api.TargetType@7216fb24], Target[className=net/minecraft/world/entity/animal/frog/Tadpole, elementName=, elementDescriptor=, targetType=cpw.mods.modlauncher.api.TargetType@7216fb24], Target[className=net/minecraft/world/level/levelgen/PhantomSpawner, elementName=, elementDescriptor=, targetType=cpw.mods.modlauncher.api.TargetType@7216fb24], Target[className=net/minecraft/world/entity/npc/Villager, elementName=, elementDescriptor=, targetType=cpw.mods.modlauncher.api.TargetType@7216fb24], Target[className=net/minecraft/world/entity/ai/village/VillageSiege, elementName=, elementDescriptor=, targetType=cpw.mods.modlauncher.api.TargetType@7216fb24], Target[className=net/minecraft/world/level/NaturalSpawner, elementName=, elementDescriptor=, targetType=cpw.mods.modlauncher.api.TargetType@7216fb24], Target[className=net/minecraft/world/entity/monster/ZombieVillager, elementName=, elementDescriptor=, targetType=cpw.mods.modlauncher.api.TargetType@7216fb24], Target[className=net/minecraft/world/entity/monster/Spider, elementName=, elementDescriptor=, targetType=cpw.mods.modlauncher.api.TargetType@7216fb24], Target[className=net/minecraft/world/entity/monster/Zombie, elementName=, elementDescriptor=, targetType=cpw.mods.modlauncher.api.TargetType@7216fb24], Target[className=net/minecraft/server/commands/RaidCommand, elementName=, elementDescriptor=, targetType=cpw.mods.modlauncher.api.TargetType@7216fb24], Target[className=net/minecraft/world/entity/npc/CatSpawner, elementName=, elementDescriptor=, targetType=cpw.mods.modlauncher.api.TargetType@7216fb24], Target[className=net/minecraft/server/commands/SummonCommand, elementName=, elementDescriptor=, targetType=cpw.mods.modlauncher.api.TargetType@7216fb24], Target[className=net/minecraft/world/level/levelgen/structure/structures/WoodlandMansionPieces$WoodlandMansionPiece, elementName=, elementDescriptor=, targetType=cpw.mods.modlauncher.api.TargetType@7216fb24]] transformer from core-mod net.neoforged.neoforge.coremods.NeoForgeCoreMod@289fdb08 in neoforge-21.1.72-minecraft.jar > neoforge-coremods-21.1.72.jar
[12:20:53] [main/DEBUG] [cp.mo.mo.TransformStore/MODLAUNCHER]: Adding transformer net.neoforged.neoforge.coremods.ReplaceFieldWithGetterAccess@2c43eb8 to Target : cpw.mods.modlauncher.api.TargetType@7216fb24 {Lnet/minecraft/world/level/biome/Biome;} {} {V}
[12:20:53] [main/DEBUG] [cp.mo.mo.TransformStore/MODLAUNCHER]: Adding transformer net.neoforged.neoforge.coremods.ReplaceFieldWithGetterAccess@67440de6 to Target : cpw.mods.modlauncher.api.TargetType@7216fb24 {Lnet/minecraft/world/level/levelgen/structure/Structure;} {} {V}
[12:20:53] [main/DEBUG] [cp.mo.mo.TransformStore/MODLAUNCHER]: Adding transformer net.neoforged.neoforge.coremods.ReplaceFieldWithGetterAccess@889d9e8 to Target : cpw.mods.modlauncher.api.TargetType@7216fb24 {Lnet/minecraft/world/level/block/FlowerPotBlock;} {} {V}
[12:20:53] [main/DEBUG] [cp.mo.mo.TransformStore/MODLAUNCHER]: Adding transformer net.neoforged.neoforge.coremods.MethodRedirector@5246a3b3 to Target : cpw.mods.modlauncher.api.TargetType@7216fb24 {Lnet/minecraft/world/entity/raid/Raid;} {} {V}
[12:20:53] [main/DEBUG] [cp.mo.mo.TransformStore/MODLAUNCHER]: Adding transformer net.neoforged.neoforge.coremods.MethodRedirector@5246a3b3 to Target : cpw.mods.modlauncher.api.TargetType@7216fb24 {Lnet/minecraft/world/level/levelgen/structure/structures/SwampHutPiece;} {} {V}
[12:20:53] [main/DEBUG] [cp.mo.mo.TransformStore/MODLAUNCHER]: Adding transformer net.neoforged.neoforge.coremods.MethodRedirector@5246a3b3 to Target : cpw.mods.modlauncher.api.TargetType@7216fb24 {Lnet/minecraft/world/entity/EntityType;} {} {V}
[12:20:53] [main/DEBUG] [cp.mo.mo.TransformStore/MODLAUNCHER]: Adding transformer net.neoforged.neoforge.coremods.MethodRedirector@5246a3b3 to Target : cpw.mods.modlauncher.api.TargetType@7216fb24 {Lnet/minecraft/world/entity/animal/horse/SkeletonTrapGoal;} {} {V}
[12:20:53] [main/DEBUG] [cp.mo.mo.TransformStore/MODLAUNCHER]: Adding transformer net.neoforged.neoforge.coremods.MethodRedirector@5246a3b3 to Target : cpw.mods.modlauncher.api.TargetType@7216fb24 {Lnet/minecraft/world/entity/monster/Evoker$EvokerSummonSpellGoal;} {} {V}
[12:20:53] [main/DEBUG] [cp.mo.mo.TransformStore/MODLAUNCHER]: Adding transformer net.neoforged.neoforge.coremods.MethodRedirector@5246a3b3 to Target : cpw.mods.modlauncher.api.TargetType@7216fb24 {Lnet/minecraft/world/level/levelgen/structure/structures/OceanMonumentPieces$OceanMonumentPiece;} {} {V}
[12:20:53] [main/DEBUG] [cp.mo.mo.TransformStore/MODLAUNCHER]: Adding transformer net.neoforged.neoforge.coremods.MethodRedirector@5246a3b3 to Target : cpw.mods.modlauncher.api.TargetType@7216fb24 {Lnet/minecraft/world/entity/monster/Strider;} {} {V}
[12:20:53] [main/DEBUG] [cp.mo.mo.TransformStore/MODLAUNCHER]: Adding transformer net.neoforged.neoforge.coremods.MethodRedirector@5246a3b3 to Target : cpw.mods.modlauncher.api.TargetType@7216fb24 {Lnet/minecraft/world/level/levelgen/structure/templatesystem/StructureTemplate;} {} {V}
[12:20:53] [main/DEBUG] [cp.mo.mo.TransformStore/MODLAUNCHER]: Adding transformer net.neoforged.neoforge.coremods.MethodRedirector@5246a3b3 to Target : cpw.mods.modlauncher.api.TargetType@7216fb24 {Lnet/minecraft/world/level/levelgen/PatrolSpawner;} {} {V}
[12:20:53] [main/DEBUG] [cp.mo.mo.TransformStore/MODLAUNCHER]: Adding transformer net.neoforged.neoforge.coremods.MethodRedirector@5246a3b3 to Target : cpw.mods.modlauncher.api.TargetType@7216fb24 {Lnet/minecraft/world/level/levelgen/structure/structures/OceanRuinPieces$OceanRuinPiece;} {} {V}
[12:20:53] [main/DEBUG] [cp.mo.mo.TransformStore/MODLAUNCHER]: Adding transformer net.neoforged.neoforge.coremods.MethodRedirector@5246a3b3 to Target : cpw.mods.modlauncher.api.TargetType@7216fb24 {Lnet/minecraft/world/entity/animal/frog/Tadpole;} {} {V}
[12:20:53] [main/DEBUG] [cp.mo.mo.TransformStore/MODLAUNCHER]: Adding transformer net.neoforged.neoforge.coremods.MethodRedirector@5246a3b3 to Target : cpw.mods.modlauncher.api.TargetType@7216fb24 {Lnet/minecraft/world/level/levelgen/PhantomSpawner;} {} {V}
[12:20:53] [main/DEBUG] [cp.mo.mo.TransformStore/MODLAUNCHER]: Adding transformer net.neoforged.neoforge.coremods.MethodRedirector@5246a3b3 to Target : cpw.mods.modlauncher.api.TargetType@7216fb24 {Lnet/minecraft/world/entity/npc/Villager;} {} {V}
[12:20:53] [main/DEBUG] [cp.mo.mo.TransformStore/MODLAUNCHER]: Adding transformer net.neoforged.neoforge.coremods.MethodRedirector@5246a3b3 to Target : cpw.mods.modlauncher.api.TargetType@7216fb24 {Lnet/minecraft/world/entity/ai/village/VillageSiege;} {} {V}
[12:20:53] [main/DEBUG] [cp.mo.mo.TransformStore/MODLAUNCHER]: Adding transformer net.neoforged.neoforge.coremods.MethodRedirector@5246a3b3 to Target : cpw.mods.modlauncher.api.TargetType@7216fb24 {Lnet/minecraft/world/level/NaturalSpawner;} {} {V}
[12:20:53] [main/DEBUG] [cp.mo.mo.TransformStore/MODLAUNCHER]: Adding transformer net.neoforged.neoforge.coremods.MethodRedirector@5246a3b3 to Target : cpw.mods.modlauncher.api.TargetType@7216fb24 {Lnet/minecraft/world/entity/monster/ZombieVillager;} {} {V}
[12:20:53] [main/DEBUG] [cp.mo.mo.TransformStore/MODLAUNCHER]: Adding transformer net.neoforged.neoforge.coremods.MethodRedirector@5246a3b3 to Target : cpw.mods.modlauncher.api.TargetType@7216fb24 {Lnet/minecraft/world/entity/monster/Spider;} {} {V}
[12:20:53] [main/DEBUG] [cp.mo.mo.TransformStore/MODLAUNCHER]: Adding transformer net.neoforged.neoforge.coremods.MethodRedirector@5246a3b3 to Target : cpw.mods.modlauncher.api.TargetType@7216fb24 {Lnet/minecraft/world/entity/monster/Zombie;} {} {V}
[12:20:53] [main/DEBUG] [cp.mo.mo.TransformStore/MODLAUNCHER]: Adding transformer net.neoforged.neoforge.coremods.MethodRedirector@5246a3b3 to Target : cpw.mods.modlauncher.api.TargetType@7216fb24 {Lnet/minecraft/server/commands/RaidCommand;} {} {V}
[12:20:53] [main/DEBUG] [cp.mo.mo.TransformStore/MODLAUNCHER]: Adding transformer net.neoforged.neoforge.coremods.MethodRedirector@5246a3b3 to Target : cpw.mods.modlauncher.api.TargetType@7216fb24 {Lnet/minecraft/world/entity/npc/CatSpawner;} {} {V}
[12:20:53] [main/DEBUG] [cp.mo.mo.TransformStore/MODLAUNCHER]: Adding transformer net.neoforged.neoforge.coremods.MethodRedirector@5246a3b3 to Target : cpw.mods.modlauncher.api.TargetType@7216fb24 {Lnet/minecraft/server/commands/SummonCommand;} {} {V}
[12:20:53] [main/DEBUG] [cp.mo.mo.TransformStore/MODLAUNCHER]: Adding transformer net.neoforged.neoforge.coremods.MethodRedirector@5246a3b3 to Target : cpw.mods.modlauncher.api.TargetType@7216fb24 {Lnet/minecraft/world/level/levelgen/structure/structures/WoodlandMansionPieces$WoodlandMansionPiece;} {} {V}
[12:20:53] [main/DEBUG] [cp.mo.mo.TransformationServiceDecorator/MODLAUNCHER]: Initialized transformers for transformation service fml
[12:20:53] [pool-2-thread-1/INFO] [EARLYDISPLAY/]: GL info: Apple M5 GL version 4.1 Metal - 91.7, Apple
[12:20:54] [main/DEBUG] [mixin/]: Processing prepare() for PlatformAgent[MixinPlatformAgentDefault:ModLauncher Root Container(ModLauncher:4f56a0a2)]
[12:20:54] [main/DEBUG] [mixin/]: Processing prepare() for PlatformAgent[MixinPlatformAgentDefault:net.neoforged.fml.loading.mixin.FMLMixinContainerHandle@4f82663e]
[12:20:54] [main/DEBUG] [mixin/]: Processing prepare() for PlatformAgent[FMLMixinPlatformAgent:null]
[12:20:54] [main/DEBUG] [mixin/]: Compatibility level JAVA_17 specified by emi.mixins.json is higher than the maximum level supported by this version of mixin (JAVA_13).
[12:20:54] [main/INFO] [mixin/]: Compatibility level set to JAVA_17
[12:20:54] [main/DEBUG] [mixin/]: Compatibility level JAVA_21 specified by vestige.communication.mixins.json is higher than the maximum level supported by this version of mixin (JAVA_13).
[12:20:54] [main/INFO] [mixin/]: Compatibility level set to JAVA_21
[12:20:54] [main/DEBUG] [mixin/]: Processing launch tasks for PlatformAgent[MixinPlatformAgentDefault:ModLauncher Root Container(ModLauncher:4f56a0a2)]
[12:20:54] [main/DEBUG] [mixin/]: Adding mixin platform agents for container SecureJarResource(mixin_synthetic)
[12:20:54] [main/DEBUG] [mixin/]: Instancing new MixinPlatformAgentMinecraftForge for SecureJarResource(mixin_synthetic)
[12:20:54] [main/DEBUG] [mixin/]: MixinPlatformAgentMinecraftForge rejected container SecureJarResource(mixin_synthetic)
[12:20:54] [main/DEBUG] [mixin/]: Instancing new MixinPlatformAgentDefault for SecureJarResource(mixin_synthetic)
[12:20:54] [main/DEBUG] [mixin/]: MixinPlatformAgentDefault accepted container SecureJarResource(mixin_synthetic)
[12:20:54] [main/DEBUG] [mixin/]: Instancing new FMLMixinPlatformAgent for SecureJarResource(mixin_synthetic)
[12:20:54] [main/DEBUG] [mixin/]: FMLMixinPlatformAgent rejected container SecureJarResource(mixin_synthetic)
[12:20:54] [main/DEBUG] [mixin/]: Processing prepare() for PlatformAgent[MixinPlatformAgentDefault:SecureJarResource(mixin_synthetic)]
[12:20:54] [main/DEBUG] [mixin/]: Adding mixin platform agents for container SecureJarResource(emi)
[12:20:54] [main/DEBUG] [mixin/]: Instancing new MixinPlatformAgentMinecraftForge for SecureJarResource(emi)
[12:20:54] [main/DEBUG] [mixin/]: MixinPlatformAgentMinecraftForge rejected container SecureJarResource(emi)
[12:20:54] [main/DEBUG] [mixin/]: Instancing new MixinPlatformAgentDefault for SecureJarResource(emi)
[12:20:54] [main/DEBUG] [mixin/]: MixinPlatformAgentDefault accepted container SecureJarResource(emi)
[12:20:54] [main/DEBUG] [mixin/]: Instancing new FMLMixinPlatformAgent for SecureJarResource(emi)
[12:20:54] [main/DEBUG] [mixin/]: FMLMixinPlatformAgent rejected container SecureJarResource(emi)
[12:20:54] [main/DEBUG] [mixin/]: Processing prepare() for PlatformAgent[MixinPlatformAgentDefault:SecureJarResource(emi)]
[12:20:54] [main/DEBUG] [mixin/]: Adding mixin platform agents for container SecureJarResource(minecraft)
[12:20:54] [main/DEBUG] [mixin/]: Instancing new MixinPlatformAgentMinecraftForge for SecureJarResource(minecraft)
[12:20:54] [main/DEBUG] [mixin/]: MixinPlatformAgentMinecraftForge rejected container SecureJarResource(minecraft)
[12:20:54] [main/DEBUG] [mixin/]: Instancing new MixinPlatformAgentDefault for SecureJarResource(minecraft)
[12:20:54] [main/DEBUG] [mixin/]: MixinPlatformAgentDefault accepted container SecureJarResource(minecraft)
[12:20:54] [main/DEBUG] [mixin/]: Instancing new FMLMixinPlatformAgent for SecureJarResource(minecraft)
[12:20:54] [main/DEBUG] [mixin/]: FMLMixinPlatformAgent rejected container SecureJarResource(minecraft)
[12:20:54] [main/DEBUG] [mixin/]: Processing prepare() for PlatformAgent[MixinPlatformAgentDefault:SecureJarResource(minecraft)]
[12:20:54] [main/DEBUG] [mixin/]: Adding mixin platform agents for container SecureJarResource(kithkyn)
[12:20:54] [main/DEBUG] [mixin/]: Instancing new MixinPlatformAgentMinecraftForge for SecureJarResource(kithkyn)
[12:20:54] [main/DEBUG] [mixin/]: MixinPlatformAgentMinecraftForge rejected container SecureJarResource(kithkyn)
[12:20:54] [main/DEBUG] [mixin/]: Instancing new MixinPlatformAgentDefault for SecureJarResource(kithkyn)
[12:20:54] [main/DEBUG] [mixin/]: MixinPlatformAgentDefault accepted container SecureJarResource(kithkyn)
[12:20:54] [main/DEBUG] [mixin/]: Instancing new FMLMixinPlatformAgent for SecureJarResource(kithkyn)
[12:20:54] [main/DEBUG] [mixin/]: FMLMixinPlatformAgent rejected container SecureJarResource(kithkyn)
[12:20:54] [main/DEBUG] [mixin/]: Processing prepare() for PlatformAgent[MixinPlatformAgentDefault:SecureJarResource(kithkyn)]
[12:20:54] [main/DEBUG] [mixin/]: Adding mixin platform agents for container SecureJarResource(vestige)
[12:20:54] [main/DEBUG] [mixin/]: Instancing new MixinPlatformAgentMinecraftForge for SecureJarResource(vestige)
[12:20:54] [main/DEBUG] [mixin/]: MixinPlatformAgentMinecraftForge rejected container SecureJarResource(vestige)
[12:20:54] [main/DEBUG] [mixin/]: Instancing new MixinPlatformAgentDefault for SecureJarResource(vestige)
[12:20:54] [main/DEBUG] [mixin/]: MixinPlatformAgentDefault accepted container SecureJarResource(vestige)
[12:20:54] [main/DEBUG] [mixin/]: Instancing new FMLMixinPlatformAgent for SecureJarResource(vestige)
[12:20:54] [main/DEBUG] [mixin/]: FMLMixinPlatformAgent rejected container SecureJarResource(vestige)
[12:20:54] [main/DEBUG] [mixin/]: Processing prepare() for PlatformAgent[MixinPlatformAgentDefault:SecureJarResource(vestige)]
[12:20:54] [main/DEBUG] [mixin/]: Adding mixin platform agents for container SecureJarResource(jei)
[12:20:54] [main/DEBUG] [mixin/]: Instancing new MixinPlatformAgentMinecraftForge for SecureJarResource(jei)
[12:20:54] [main/DEBUG] [mixin/]: MixinPlatformAgentMinecraftForge rejected container SecureJarResource(jei)
[12:20:54] [main/DEBUG] [mixin/]: Instancing new MixinPlatformAgentDefault for SecureJarResource(jei)
[12:20:54] [main/DEBUG] [mixin/]: MixinPlatformAgentDefault accepted container SecureJarResource(jei)
[12:20:54] [main/DEBUG] [mixin/]: Instancing new FMLMixinPlatformAgent for SecureJarResource(jei)
[12:20:54] [main/DEBUG] [mixin/]: FMLMixinPlatformAgent rejected container SecureJarResource(jei)
[12:20:54] [main/DEBUG] [mixin/]: Processing prepare() for PlatformAgent[MixinPlatformAgentDefault:SecureJarResource(jei)]
[12:20:54] [main/DEBUG] [mixin/]: Adding mixin platform agents for container SecureJarResource(mixinextras.neoforge)
[12:20:54] [main/DEBUG] [mixin/]: Instancing new MixinPlatformAgentMinecraftForge for SecureJarResource(mixinextras.neoforge)
[12:20:54] [main/DEBUG] [mixin/]: MixinPlatformAgentMinecraftForge rejected container SecureJarResource(mixinextras.neoforge)
[12:20:54] [main/DEBUG] [mixin/]: Instancing new MixinPlatformAgentDefault for SecureJarResource(mixinextras.neoforge)
[12:20:54] [main/DEBUG] [mixin/]: MixinPlatformAgentDefault accepted container SecureJarResource(mixinextras.neoforge)
[12:20:54] [main/DEBUG] [mixin/]: Instancing new FMLMixinPlatformAgent for SecureJarResource(mixinextras.neoforge)
[12:20:54] [main/DEBUG] [mixin/]: FMLMixinPlatformAgent rejected container SecureJarResource(mixinextras.neoforge)
[12:20:54] [main/DEBUG] [mixin/]: Processing prepare() for PlatformAgent[MixinPlatformAgentDefault:SecureJarResource(mixinextras.neoforge)]
[12:20:54] [main/DEBUG] [mixin/]: Registering mixin config: mixinextras.init.mixins.json source=SecureJarResource(mixinextras.neoforge)
[12:20:54] [main/DEBUG] [mixin/]: inject() running with 9 agents
[12:20:54] [main/DEBUG] [mixin/]: Processing inject() for PlatformAgent[MixinPlatformAgentDefault:ModLauncher Root Container(ModLauncher:4f56a0a2)]
[12:20:54] [main/DEBUG] [mixin/]: Processing inject() for PlatformAgent[MixinPlatformAgentDefault:net.neoforged.fml.loading.mixin.FMLMixinContainerHandle@4f82663e]
[12:20:54] [main/DEBUG] [mixin/]: Processing inject() for PlatformAgent[FMLMixinPlatformAgent:null]
[12:20:54] [main/DEBUG] [mixin/]: Processing inject() for PlatformAgent[MixinPlatformAgentDefault:SecureJarResource(mixin_synthetic)]
[12:20:54] [main/DEBUG] [mixin/]: Processing inject() for PlatformAgent[MixinPlatformAgentDefault:SecureJarResource(emi)]
[12:20:54] [main/DEBUG] [mixin/]: Processing inject() for PlatformAgent[MixinPlatformAgentDefault:SecureJarResource(minecraft)]
[12:20:54] [main/DEBUG] [mixin/]: Processing inject() for PlatformAgent[MixinPlatformAgentDefault:SecureJarResource(kithkyn)]
[12:20:54] [main/DEBUG] [mixin/]: Processing inject() for PlatformAgent[MixinPlatformAgentDefault:SecureJarResource(vestige)]
[12:20:54] [main/DEBUG] [mixin/]: Processing inject() for PlatformAgent[MixinPlatformAgentDefault:SecureJarResource(jei)]
[12:20:54] [main/DEBUG] [mixin/]: Processing inject() for PlatformAgent[MixinPlatformAgentDefault:SecureJarResource(mixinextras.neoforge)]
[12:20:54] [main/INFO] [cp.mo.mo.LaunchServiceHandler/MODLAUNCHER]: Launching target 'forgeclientuserdev' with arguments [--version, 21.1.72, --gameDir, ., --assetsDir, /Users/quzzar/.gradle/caches/neoformruntime/assets, --assetIndex, 17, --width, 960, --height, 540]
[12:20:54] [main/DEBUG] [mixin/]: Preparing mixins for MixinEnvironment[DEFAULT]
[12:20:54] [main/DEBUG] [mixin/]: Selecting config emi.mixins.json
[12:20:54] [main/DEBUG] [mixin/]: Selecting config emi-neoforge.mixins.json
[12:20:54] [main/DEBUG] [mixin/]: Selecting config vestige.communication.mixins.json
[12:20:54] [main/DEBUG] [mixin/]: Selecting config neoforge.mixins.json
[12:20:55] [main/DEBUG] [mixin/]: Selecting config mixinextras.init.mixins.json
[12:20:55] [main/DEBUG] [MixinExtras|Service/]: com.llamalad7.mixinextras.service.MixinExtrasServiceImpl(version=0.4.1) is taking over from null
[12:20:55] [main/DEBUG] [mixin/]: Registering new injector for @Inject with org.spongepowered.asm.mixin.injection.struct.CallbackInjectionInfo
[12:20:55] [main/DEBUG] [mixin/]: Registering new injector for @ModifyArg with org.spongepowered.asm.mixin.injection.struct.ModifyArgInjectionInfo
[12:20:55] [main/DEBUG] [mixin/]: Registering new injector for @ModifyArgs with org.spongepowered.asm.mixin.injection.struct.ModifyArgsInjectionInfo
[12:20:55] [main/DEBUG] [mixin/]: Registering new injector for @Redirect with org.spongepowered.asm.mixin.injection.struct.RedirectInjectionInfo
[12:20:55] [main/DEBUG] [mixin/]: Registering new injector for @ModifyVariable with org.spongepowered.asm.mixin.injection.struct.ModifyVariableInjectionInfo
[12:20:55] [main/DEBUG] [mixin/]: Registering new injector for @ModifyConstant with org.spongepowered.asm.mixin.injection.struct.ModifyConstantInjectionInfo
[12:20:55] [main/DEBUG] [mixin/]: Preparing emi.mixins.json (26)
[12:20:55] [main/DEBUG] [mixin/]: Preparing emi-neoforge.mixins.json (0)
[12:20:55] [main/DEBUG] [mixin/]: Preparing vestige.communication.mixins.json (2)
[12:20:55] [main/DEBUG] [mixin/]: Preparing neoforge.mixins.json (2)
[12:20:55] [main/DEBUG] [mixin/]: Preparing mixinextras.init.mixins.json (0)
[12:20:55] [main/DEBUG] [mixin/]: Prepared 30 mixins in 0.392 sec (13.1ms avg) (0ms load, 0ms transform, 0ms plugin)
[12:20:55] [main/INFO] [MixinExtras|Service/]: Initializing MixinExtras via com.llamalad7.mixinextras.service.MixinExtrasServiceImpl(version=0.4.1).
[12:20:55] [main/DEBUG] [mixin/]: Registering new injector for @SugarWrapper with com.llamalad7.mixinextras.sugar.impl.SugarWrapperInjectionInfo
[12:20:55] [main/DEBUG] [mixin/]: Registering new injector for @FactoryRedirectWrapper with com.llamalad7.mixinextras.wrapper.factory.FactoryRedirectWrapperInjectionInfo
[12:20:55] [main/DEBUG] [mixin/]: Mixing accessor.DrawContextAccessor from emi.mixins.json into net.minecraft.client.gui.GuiGraphics
[12:20:55] [main/DEBUG] [mixin/]: emi.mixins.json:accessor.DrawContextAccessor from mod emi: Class version 65 required is higher than the class version supported by the current version of Mixin (JAVA_17 supports class version 61)
[12:20:55] [main/DEBUG] [mixin/]: Mixing DrawContextMixin from emi.mixins.json into net.minecraft.client.gui.GuiGraphics
[12:20:55] [main/DEBUG] [mixin/]: emi.mixins.json:DrawContextMixin from mod emi: Class version 65 required is higher than the class version supported by the current version of Mixin (JAVA_17 supports class version 61)
[12:20:55] [main/DEBUG] [mixin/]: emi.mixins.json:DrawContextMixin from mod emi->@Inject::drawItemTooltip(Lnet/minecraft/client/gui/Font;Lnet/minecraft/world/item/ItemStack;IILorg/spongepowered/asm/mixin/injection/callback/CallbackInfo;)V doesn't use it's CallbackInfo
[12:20:55] [main/DEBUG] [mixin/]: emi.mixins.json:DrawContextMixin from mod emi->@Inject::drawItemTooltip(Lnet/minecraft/client/gui/Font;Lnet/minecraft/world/item/ItemStack;IILorg/spongepowered/asm/mixin/injection/callback/CallbackInfo;)V has 0 override(s) in child classes
[12:20:55] [main/DEBUG] [mixin/]: emi.mixins.json:DrawContextMixin from mod emi->@Inject::drawItemTooltip(Lnet/minecraft/client/gui/Font;Lnet/minecraft/world/item/ItemStack;IILorg/spongepowered/asm/mixin/injection/callback/CallbackInfo;)V won't be passed a CallbackInfo as a result
[12:20:55] [main/DEBUG] [mixin/]: Mixing MinecraftClientMixin from emi.mixins.json into net.minecraft.client.Minecraft
[12:20:55] [main/DEBUG] [mixin/]: emi.mixins.json:MinecraftClientMixin from mod emi: Class version 65 required is higher than the class version supported by the current version of Mixin (JAVA_17 supports class version 61)
[12:20:55] [main/DEBUG] [mixin/]: Renaming synthetic method lambda$reloadResources$0()V to md4c071a$emi$lambda$reloadResources$0$0 in emi.mixins.json:MinecraftClientMixin from mod emi
[12:20:55] [main/DEBUG] [mixin/]: emi.mixins.json:MinecraftClientMixin from mod emi->@Inject::reloadResources(ZLjava/lang/Object;Lorg/spongepowered/asm/mixin/injection/callback/CallbackInfoReturnable;)V does use it's CallbackInfoReturnable
[12:20:55] [main/DEBUG] [mixin/]: emi.mixins.json:MinecraftClientMixin from mod emi->@Inject::reloadResources(ZLjava/lang/Object;Lorg/spongepowered/asm/mixin/injection/callback/CallbackInfoReturnable;)V does use it's CallbackInfoReturnable
[12:20:55] [main/DEBUG] [mixin/]: emi.mixins.json:MinecraftClientMixin from mod emi->@Inject::reloadResources(ZLjava/lang/Object;Lorg/spongepowered/asm/mixin/injection/callback/CallbackInfoReturnable;)V does use it's CallbackInfoReturnable
[12:20:55] [main/DEBUG] [mixin/]: emi.mixins.json:MinecraftClientMixin from mod emi->@Inject::disconnect(Lorg/spongepowered/asm/mixin/injection/callback/CallbackInfo;)V doesn't use it's CallbackInfo
[12:20:55] [main/DEBUG] [mixin/]: emi.mixins.json:MinecraftClientMixin from mod emi->@Inject::disconnect(Lorg/spongepowered/asm/mixin/injection/callback/CallbackInfo;)V has 0 override(s) in child classes
[12:20:55] [main/DEBUG] [mixin/]: emi.mixins.json:MinecraftClientMixin from mod emi->@Inject::disconnect(Lorg/spongepowered/asm/mixin/injection/callback/CallbackInfo;)V won't be passed a CallbackInfo as a result
[12:20:55] [main/DEBUG] [io.ne.ut.in.lo.InternalLoggerFactory/]: Using SLF4J as the default logging framework
[12:20:55] [main/DEBUG] [io.ne.ut.ResourceLeakDetector/]: -Dio.netty.leakDetection.level: simple
[12:20:55] [main/DEBUG] [io.ne.ut.ResourceLeakDetector/]: -Dio.netty.leakDetection.targetRecords: 4
[12:20:56] [main/DEBUG] [os.ut.FileUtil/]: No oshi.properties file found from ClassLoader cpw.mods.modlauncher.TransformingClassLoader@6d9fb2d1
[12:20:56] [main/DEBUG] [os.ut.FileUtil/]: No oshi.architecture.properties file found from ClassLoader cpw.mods.modlauncher.TransformingClassLoader@6d9fb2d1
[12:20:57] [Datafixer Bootstrap/INFO] [mojang/DataFixerBuilder]: 229 Datafixer optimizations took 747 milliseconds
[12:20:58] [pool-10-thread-1/DEBUG] [mixin/]: Mixing MappedRegistryAccessor from neoforge.mixins.json into net.minecraft.core.MappedRegistry
[12:21:06] [pool-10-thread-1/DEBUG] [mixin/]: Mixing BlockEntityTypeAccessor from neoforge.mixins.json into net.minecraft.world.level.block.entity.BlockEntityType
[12:21:07] [pool-10-thread-1/DEBUG] [mixin/]: Mixing ItemStackMixin from emi.mixins.json into net.minecraft.world.item.ItemStack
[12:21:07] [pool-10-thread-1/DEBUG] [mixin/]: emi.mixins.json:ItemStackMixin from mod emi: Class version 65 required is higher than the class version supported by the current version of Mixin (JAVA_17 supports class version 61)
[12:21:07] [pool-10-thread-1/DEBUG] [mixin/]: emi.mixins.json:ItemStackMixin from mod emi->@Inject::getTooltip(Lnet/minecraft/world/item/Item$TooltipContext;Lnet/minecraft/world/entity/player/Player;Lnet/minecraft/world/item/TooltipFlag;Lorg/spongepowered/asm/mixin/injection/callback/CallbackInfoReturnable;)V does use it's CallbackInfoReturnable
[12:21:07] [pool-10-thread-1/DEBUG] [mixin/]: emi.mixins.json:ItemStackMixin from mod emi->@Inject::getTooltip(Lnet/minecraft/world/item/Item$TooltipContext;Lnet/minecraft/world/entity/player/Player;Lnet/minecraft/world/item/TooltipFlag;Lorg/spongepowered/asm/mixin/injection/callback/CallbackInfoReturnable;)V does use it's CallbackInfoReturnable
[12:21:13] [pool-10-thread-1/DEBUG] [mixin/]: Mixing accessor.ShovelItemAccessor from emi.mixins.json into net.minecraft.world.item.ShovelItem
[12:21:13] [pool-10-thread-1/DEBUG] [mixin/]: emi.mixins.json:accessor.ShovelItemAccessor from mod emi: Class version 65 required is higher than the class version supported by the current version of Mixin (JAVA_17 supports class version 61)
[12:21:13] [pool-10-thread-1/DEBUG] [mixin/]: Renaming @Accessor method getPathStates()Ljava/util/Map; to getPathStates$emi_$md$4c071a$0 in emi.mixins.json:accessor.ShovelItemAccessor from mod emi
[12:21:13] [pool-10-thread-1/DEBUG] [mixin/]: Mixing accessor.AxeItemAccessor from emi.mixins.json into net.minecraft.world.item.AxeItem
[12:21:13] [pool-10-thread-1/DEBUG] [mixin/]: emi.mixins.json:accessor.AxeItemAccessor from mod emi: Class version 65 required is higher than the class version supported by the current version of Mixin (JAVA_17 supports class version 61)
[12:21:13] [pool-10-thread-1/DEBUG] [mixin/]: Renaming @Accessor method getStrippedBlocks()Ljava/util/Map; to getStrippedBlocks$emi_$md$4c071a$0 in emi.mixins.json:accessor.AxeItemAccessor from mod emi
[12:21:13] [pool-10-thread-1/DEBUG] [mixin/]: Mixing accessor.HoeItemAccessor from emi.mixins.json into net.minecraft.world.item.HoeItem
[12:21:13] [pool-10-thread-1/DEBUG] [mixin/]: emi.mixins.json:accessor.HoeItemAccessor from mod emi: Class version 65 required is higher than the class version supported by the current version of Mixin (JAVA_17 supports class version 61)
[12:21:13] [pool-10-thread-1/DEBUG] [mixin/]: Renaming @Accessor method getTillingActions()Ljava/util/Map; to getTillingActions$emi_$md$4c071a$0 in emi.mixins.json:accessor.HoeItemAccessor from mod emi
[12:21:13] [pool-10-thread-1/DEBUG] [mixin/]: Mixing HoeItemMixin from emi.mixins.json into net.minecraft.world.item.HoeItem
[12:21:13] [pool-10-thread-1/DEBUG] [mixin/]: emi.mixins.json:HoeItemMixin from mod emi: Class version 65 required is higher than the class version supported by the current version of Mixin (JAVA_17 supports class version 61)
[12:21:13] [pool-10-thread-1/DEBUG] [mixin/]: emi.mixins.json:HoeItemMixin from mod emi->@Inject::createTillAction(Lnet/minecraft/world/level/block/state/BlockState;Lorg/spongepowered/asm/mixin/injection/callback/CallbackInfoReturnable;)V does use it's CallbackInfoReturnable
[12:21:13] [pool-10-thread-1/DEBUG] [mixin/]: emi.mixins.json:HoeItemMixin from mod emi->@Inject::createTillAndDropAction(Lnet/minecraft/world/level/block/state/BlockState;Lnet/minecraft/world/level/ItemLike;Lorg/spongepowered/asm/mixin/injection/callback/CallbackInfoReturnable;)V does use it's CallbackInfoReturnable
[12:21:13] [pool-10-thread-1/DEBUG] [io.ne.ut.in.PlatformDependent0/]: -Dio.netty.noUnsafe: false
[12:21:13] [pool-10-thread-1/DEBUG] [io.ne.ut.in.PlatformDependent0/]: Java version: 21
[12:21:13] [pool-10-thread-1/DEBUG] [io.ne.ut.in.PlatformDependent0/]: sun.misc.Unsafe.theUnsafe: available
[12:21:13] [pool-10-thread-1/DEBUG] [io.ne.ut.in.PlatformDependent0/]: sun.misc.Unsafe.copyMemory: available
[12:21:13] [pool-10-thread-1/DEBUG] [io.ne.ut.in.PlatformDependent0/]: sun.misc.Unsafe.storeFence: available
[12:21:13] [pool-10-thread-1/DEBUG] [io.ne.ut.in.PlatformDependent0/]: java.nio.Buffer.address: available
[12:21:13] [pool-10-thread-1/DEBUG] [io.ne.ut.in.PlatformDependent0/]: direct buffer constructor: unavailable: Reflective setAccessible(true) disabled
[12:21:13] [pool-10-thread-1/DEBUG] [io.ne.ut.in.PlatformDependent0/]: java.nio.Bits.unaligned: available, true
[12:21:13] [pool-10-thread-1/DEBUG] [io.ne.ut.in.PlatformDependent0/]: jdk.internal.misc.Unsafe.allocateUninitializedArray(int): unavailable: class io.netty.util.internal.PlatformDependent0$7 (in module io.netty.common) cannot access class jdk.internal.misc.Unsafe (in module java.base) because module java.base does not export jdk.internal.misc to module io.netty.common
[12:21:13] [pool-10-thread-1/DEBUG] [io.ne.ut.in.PlatformDependent0/]: java.nio.DirectByteBuffer.<init>(long, {int,long}): unavailable
[12:21:13] [pool-10-thread-1/DEBUG] [io.ne.ut.in.PlatformDependent/]: sun.misc.Unsafe: available
[12:21:13] [pool-10-thread-1/DEBUG] [io.ne.ut.in.PlatformDependent/]: maxDirectMemory: 8589934592 bytes (maybe)
[12:21:13] [pool-10-thread-1/DEBUG] [io.ne.ut.in.PlatformDependent/]: -Dio.netty.tmpdir: /var/folders/x7/my3yq15j6c1gf4m_rm5k2b8c0000gn/T (java.io.tmpdir)
[12:21:13] [pool-10-thread-1/DEBUG] [io.ne.ut.in.PlatformDependent/]: -Dio.netty.bitMode: 64 (sun.arch.data.model)
[12:21:13] [pool-10-thread-1/DEBUG] [io.ne.ut.in.PlatformDependent/]: Platform: MacOS
[12:21:13] [pool-10-thread-1/DEBUG] [io.ne.ut.in.PlatformDependent/]: -Dio.netty.maxDirectMemory: -1 bytes
[12:21:13] [pool-10-thread-1/DEBUG] [io.ne.ut.in.PlatformDependent/]: -Dio.netty.uninitializedArrayAllocationThreshold: -1
[12:21:13] [pool-10-thread-1/DEBUG] [io.ne.ut.in.CleanerJava9/]: java.nio.ByteBuffer.cleaner(): available
[12:21:13] [pool-10-thread-1/DEBUG] [io.ne.ut.in.PlatformDependent/]: -Dio.netty.noPreferDirect: false
[12:21:17] [pool-10-thread-1/DEBUG] [mixin/]: Mixing GlobalMixin from emi.mixins.json into dev.emi.emi.platform.EmiClient
[12:21:17] [pool-10-thread-1/DEBUG] [mixin/]: Mixing GlobalMixin from emi.mixins.json into dev.emi.emi.network.EmiPacket
[12:21:18] [pool-10-thread-1/DEBUG] [mixin/]: Mixing accessor.CraftingResultSlotAccessor from emi.mixins.json into net.minecraft.world.inventory.ResultSlot
[12:21:18] [pool-10-thread-1/DEBUG] [mixin/]: emi.mixins.json:accessor.CraftingResultSlotAccessor from mod emi: Class version 65 required is higher than the class version supported by the current version of Mixin (JAVA_17 supports class version 61)
[12:21:18] [pool-10-thread-1/DEBUG] [mixin/]: Mixing CraftingResultSlotMixin from emi.mixins.json into net.minecraft.world.inventory.ResultSlot
[12:21:18] [pool-10-thread-1/DEBUG] [mixin/]: emi.mixins.json:CraftingResultSlotMixin from mod emi: Class version 65 required is higher than the class version supported by the current version of Mixin (JAVA_17 supports class version 61)
[12:21:18] [pool-10-thread-1/DEBUG] [mixin/]: emi.mixins.json:CraftingResultSlotMixin from mod emi->@Inject::onCrafted(Lnet/minecraft/world/item/ItemStack;Lorg/spongepowered/asm/mixin/injection/callback/CallbackInfo;)V doesn't use it's CallbackInfo
[12:21:18] [pool-10-thread-1/DEBUG] [mixin/]: emi.mixins.json:CraftingResultSlotMixin from mod emi->@Inject::onCrafted(Lnet/minecraft/world/item/ItemStack;Lorg/spongepowered/asm/mixin/injection/callback/CallbackInfo;)V has 0 override(s) in child classes
[12:21:18] [pool-10-thread-1/DEBUG] [mixin/]: emi.mixins.json:CraftingResultSlotMixin from mod emi->@Inject::onCrafted(Lnet/minecraft/world/item/ItemStack;Lorg/spongepowered/asm/mixin/injection/callback/CallbackInfo;)V won't be passed a CallbackInfo as a result
[12:21:18] [pool-10-thread-1/DEBUG] [mixin/]: Mixing accessor.SmithingTransformRecipeAccessor from emi.mixins.json into net.minecraft.world.item.crafting.SmithingTransformRecipe
[12:21:18] [pool-10-thread-1/DEBUG] [mixin/]: emi.mixins.json:accessor.SmithingTransformRecipeAccessor from mod emi: Class version 65 required is higher than the class version supported by the current version of Mixin (JAVA_17 supports class version 61)
[12:21:18] [pool-10-thread-1/DEBUG] [mixin/]: Mixing accessor.SmithingTrimRecipeAccessor from emi.mixins.json into net.minecraft.world.item.crafting.SmithingTrimRecipe
[12:21:18] [pool-10-thread-1/DEBUG] [mixin/]: emi.mixins.json:accessor.SmithingTrimRecipeAccessor from mod emi: Class version 65 required is higher than the class version supported by the current version of Mixin (JAVA_17 supports class version 61)
[12:21:21] [main/WARN] [minecraft/Commands]: Ambiguity between arguments [teleport, location] and [teleport, destination] with inputs: [0.1 -0.5 .9, 0 0 0]
[12:21:21] [main/WARN] [minecraft/Commands]: Ambiguity between arguments [teleport, location] and [teleport, targets] with inputs: [0.1 -0.5 .9, 0 0 0]
[12:21:21] [main/WARN] [minecraft/Commands]: Ambiguity between arguments [teleport, destination] and [teleport, targets] with inputs: [Player, 0123, @e, dd12be42-52a9-4a91-a8a1-11c01849e498]
[12:21:21] [main/WARN] [minecraft/Commands]: Ambiguity between arguments [teleport, targets] and [teleport, destination] with inputs: [Player, 0123, dd12be42-52a9-4a91-a8a1-11c01849e498]
[12:21:21] [main/WARN] [minecraft/Commands]: Ambiguity between arguments [teleport, targets, location] and [teleport, targets, destination] with inputs: [0.1 -0.5 .9, 0 0 0]
[12:21:21] [Render thread/DEBUG] [mixin/]: Mixing ScreenMixin from emi.mixins.json into net.minecraft.client.gui.screens.Screen
[12:21:21] [Render thread/DEBUG] [mixin/]: emi.mixins.json:ScreenMixin from mod emi: Class version 65 required is higher than the class version supported by the current version of Mixin (JAVA_17 supports class version 61)
[12:21:21] [Render thread/DEBUG] [mixin/]: emi.mixins.json:ScreenMixin from mod emi->@Inject::init(Lnet/minecraft/client/Minecraft;IILorg/spongepowered/asm/mixin/injection/callback/CallbackInfo;)V doesn't use it's CallbackInfo
[12:21:21] [Render thread/DEBUG] [mixin/]: emi.mixins.json:ScreenMixin from mod emi->@Inject::init(Lnet/minecraft/client/Minecraft;IILorg/spongepowered/asm/mixin/injection/callback/CallbackInfo;)V has 0 override(s) in child classes
[12:21:21] [Render thread/DEBUG] [mixin/]: emi.mixins.json:ScreenMixin from mod emi->@Inject::init(Lnet/minecraft/client/Minecraft;IILorg/spongepowered/asm/mixin/injection/callback/CallbackInfo;)V won't be passed a CallbackInfo as a result
[12:21:21] [Render thread/DEBUG] [mixin/]: emi.mixins.json:ScreenMixin from mod emi->@Inject::resize(Lnet/minecraft/client/Minecraft;IILorg/spongepowered/asm/mixin/injection/callback/CallbackInfo;)V doesn't use it's CallbackInfo
[12:21:21] [Render thread/DEBUG] [mixin/]: emi.mixins.json:ScreenMixin from mod emi->@Inject::resize(Lnet/minecraft/client/Minecraft;IILorg/spongepowered/asm/mixin/injection/callback/CallbackInfo;)V has 0 override(s) in child classes
[12:21:21] [Render thread/DEBUG] [mixin/]: emi.mixins.json:ScreenMixin from mod emi->@Inject::resize(Lnet/minecraft/client/Minecraft;IILorg/spongepowered/asm/mixin/injection/callback/CallbackInfo;)V won't be passed a CallbackInfo as a result
[12:21:21] [Render thread/DEBUG] [mixin/]: Mixing AbstractInventoryScreenMixin from emi.mixins.json into net.minecraft.client.gui.screens.inventory.EffectRenderingInventoryScreen
[12:21:21] [Render thread/DEBUG] [mixin/]: emi.mixins.json:AbstractInventoryScreenMixin from mod emi: Class version 65 required is higher than the class version supported by the current version of Mixin (JAVA_17 supports class version 61)
[12:21:21] [Render thread/DEBUG] [mixin/]: emi.mixins.json:AbstractInventoryScreenMixin from mod emi->@Inject::drawStatusEffects(Lnet/minecraft/client/gui/GuiGraphics;IILorg/spongepowered/asm/mixin/injection/callback/CallbackInfo;)V doesn't use it's CallbackInfo
[12:21:21] [Render thread/DEBUG] [mixin/]: emi.mixins.json:AbstractInventoryScreenMixin from mod emi->@Inject::drawStatusEffects(Lnet/minecraft/client/gui/GuiGraphics;IILorg/spongepowered/asm/mixin/injection/callback/CallbackInfo;)V has 0 override(s) in child classes
[12:21:21] [Render thread/DEBUG] [mixin/]: emi.mixins.json:AbstractInventoryScreenMixin from mod emi->@Inject::drawStatusEffects(Lnet/minecraft/client/gui/GuiGraphics;IILorg/spongepowered/asm/mixin/injection/callback/CallbackInfo;)V won't be passed a CallbackInfo as a result
[12:21:21] [Render thread/DEBUG] [mixin/]: Mixing accessor.HandledScreenAccessor from emi.mixins.json into net.minecraft.client.gui.screens.inventory.AbstractContainerScreen
[12:21:21] [Render thread/DEBUG] [mixin/]: emi.mixins.json:accessor.HandledScreenAccessor from mod emi: Class version 65 required is higher than the class version supported by the current version of Mixin (JAVA_17 supports class version 61)
[12:21:21] [Render thread/DEBUG] [mixin/]: Mixing HandledScreenMixin from emi.mixins.json into net.minecraft.client.gui.screens.inventory.AbstractContainerScreen
[12:21:21] [Render thread/DEBUG] [mixin/]: emi.mixins.json:HandledScreenMixin from mod emi: Class version 65 required is higher than the class version supported by the current version of Mixin (JAVA_17 supports class version 61)
[12:21:21] [Render thread/DEBUG] [mixin/]: emi.mixins.json:HandledScreenMixin from mod emi->@Inject::renderBackground(Lnet/minecraft/client/gui/GuiGraphics;IIFLorg/spongepowered/asm/mixin/injection/callback/CallbackInfo;)V doesn't use it's CallbackInfo
[12:21:21] [Render thread/DEBUG] [mixin/]: emi.mixins.json:HandledScreenMixin from mod emi->@Inject::renderBackground(Lnet/minecraft/client/gui/GuiGraphics;IIFLorg/spongepowered/asm/mixin/injection/callback/CallbackInfo;)V has 0 override(s) in child classes
[12:21:21] [Render thread/DEBUG] [mixin/]: emi.mixins.json:HandledScreenMixin from mod emi->@Inject::renderBackground(Lnet/minecraft/client/gui/GuiGraphics;IIFLorg/spongepowered/asm/mixin/injection/callback/CallbackInfo;)V won't be passed a CallbackInfo as a result
[12:21:21] [Render thread/DEBUG] [mixin/]: emi.mixins.json:HandledScreenMixin from mod emi->@Inject::renderForeground(Lnet/minecraft/client/gui/GuiGraphics;IIFLorg/spongepowered/asm/mixin/injection/callback/CallbackInfo;)V doesn't use it's CallbackInfo
[12:21:21] [Render thread/DEBUG] [mixin/]: emi.mixins.json:HandledScreenMixin from mod emi->@Inject::renderForeground(Lnet/minecraft/client/gui/GuiGraphics;IIFLorg/spongepowered/asm/mixin/injection/callback/CallbackInfo;)V has 0 override(s) in child classes
[12:21:21] [Render thread/DEBUG] [mixin/]: emi.mixins.json:HandledScreenMixin from mod emi->@Inject::renderForeground(Lnet/minecraft/client/gui/GuiGraphics;IIFLorg/spongepowered/asm/mixin/injection/callback/CallbackInfo;)V won't be passed a CallbackInfo as a result
[12:21:21] [Render thread/WARN] [minecraft/VanillaPackResourcesBuilder]: Assets URL 'union:/Users/quzzar/Projects/vestige/build/moddev/artifacts/neoforge-21.1.72-minecraft.jar%23178!/assets/.mcassetsroot' uses unexpected schema
[12:21:21] [Render thread/WARN] [minecraft/VanillaPackResourcesBuilder]: Assets URL 'union:/Users/quzzar/Projects/vestige/build/moddev/artifacts/neoforge-21.1.72-minecraft.jar%23178!/data/.mcassetsroot' uses unexpected schema
[12:21:21] [Render thread/INFO] [mojang/YggdrasilAuthenticationService]: Environment: Environment[sessionHost=https://sessionserver.mojang.com, servicesHost=https://api.minecraftservices.com, name=PROD]
[12:21:21] [Render thread/INFO] [minecraft/Minecraft]: Setting user: Dev
[12:21:21] [Render thread/DEBUG] [mixin/]: Mixing ToastManagerMixin from emi.mixins.json into net.minecraft.client.gui.components.toasts.ToastComponent
[12:21:21] [Render thread/DEBUG] [mixin/]: emi.mixins.json:ToastManagerMixin from mod emi: Class version 65 required is higher than the class version supported by the current version of Mixin (JAVA_17 supports class version 61)
[12:21:21] [Render thread/DEBUG] [mixin/]: emi.mixins.json:ToastManagerMixin from mod emi->@Inject::drawHead(Lnet/minecraft/client/gui/GuiGraphics;Lorg/spongepowered/asm/mixin/injection/callback/CallbackInfo;)V does use it's CallbackInfo
[12:21:22] [Render thread/INFO] [minecraft/Minecraft]: Backend library: LWJGL version 3.3.3+5
[12:21:22] [Render thread/DEBUG] [mixin/]: Mixing MouseMixin from emi.mixins.json into net.minecraft.client.MouseHandler
[12:21:22] [Render thread/DEBUG] [mixin/]: emi.mixins.json:MouseMixin from mod emi: Class version 65 required is higher than the class version supported by the current version of Mixin (JAVA_17 supports class version 61)
[12:21:22] [Render thread/DEBUG] [mixin/]: emi.mixins.json:MouseMixin from mod emi->@Inject::onMouseDown(JIIILorg/spongepowered/asm/mixin/injection/callback/CallbackInfo;)V does use it's CallbackInfo
[12:21:22] [Render thread/DEBUG] [mixin/]: emi.mixins.json:MouseMixin from mod emi->@Inject::onMouseUp(JIIILorg/spongepowered/asm/mixin/injection/callback/CallbackInfo;)V does use it's CallbackInfo
[12:21:22] [Render thread/DEBUG] [mixin/]: emi.mixins.json:MouseMixin from mod emi->@Inject::onMouseDragged(Lorg/spongepowered/asm/mixin/injection/callback/CallbackInfo;)V doesn't use it's CallbackInfo
[12:21:22] [Render thread/DEBUG] [mixin/]: emi.mixins.json:MouseMixin from mod emi->@Inject::onMouseDragged(Lorg/spongepowered/asm/mixin/injection/callback/CallbackInfo;)V has 0 override(s) in child classes
[12:21:22] [Render thread/DEBUG] [mixin/]: emi.mixins.json:MouseMixin from mod emi->@Inject::onMouseDragged(Lorg/spongepowered/asm/mixin/injection/callback/CallbackInfo;)V won't be passed a CallbackInfo as a result
[12:21:22] [Render thread/DEBUG] [mixin/]: emi.mixins.json:MouseMixin from mod emi->@Inject::onMouseScrolled(JDDLorg/spongepowered/asm/mixin/injection/callback/CallbackInfo;)V does use it's CallbackInfo
[12:21:22] [Render thread/DEBUG] [mixin/]: Mixing KeyboardMixin from emi.mixins.json into net.minecraft.client.KeyboardHandler
[12:21:22] [Render thread/DEBUG] [mixin/]: emi.mixins.json:KeyboardMixin from mod emi: Class version 65 required is higher than the class version supported by the current version of Mixin (JAVA_17 supports class version 61)
[12:21:22] [Render thread/DEBUG] [mixin/]: emi.mixins.json:KeyboardMixin from mod emi->@Inject::onKey(JIIIILorg/spongepowered/asm/mixin/injection/callback/CallbackInfo;)V does use it's CallbackInfo
[12:21:22] [Render thread/DEBUG] [mixin/]: emi.mixins.json:KeyboardMixin from mod emi->@Inject::onChar(JIILorg/spongepowered/asm/mixin/injection/callback/CallbackInfo;)V does use it's CallbackInfo
[12:21:22] [Render thread/DEBUG] [ne.ne.fm.ModWorkManager/LOADING]: Using 10 threads for parallel mod-loading
UNSUPPORTED (log once): POSSIBLE ISSUE: unit 0 GLD_TEXTURE_INDEX_2D is unloadable and bound to sampler type (Float) - using zero texture because texture unloadable
[12:21:22] [Render thread/DEBUG] [ne.ne.fm.ja.FMLModContainer/LOADING]: Creating FMLModContainer instance for [dev.emi.emi.platform.neoforge.EmiNeoForge]
[12:21:22] [Render thread/DEBUG] [mixin/]: Mixing GlobalMixin from emi.mixins.json into dev.emi.emi.platform.neoforge.EmiNeoForge
[12:21:22] [Render thread/DEBUG] [ne.ne.fm.ja.FMLModContainer/LOADING]: Creating FMLModContainer instance for [com.quzzar.kithkyn.Kithkyn]
[12:21:22] [Render thread/DEBUG] [ne.ne.fm.ja.FMLModContainer/LOADING]: Creating FMLModContainer instance for [com.quzzar.vestige.VestigeMod]
[12:21:22] [Render thread/DEBUG] [ne.ne.fm.ja.FMLModContainer/LOADING]: Creating FMLModContainer instance for [net.neoforged.neoforge.common.NeoForgeMod, net.neoforged.neoforge.client.ClientNeoForgeMod]
[12:21:22] [Render thread/DEBUG] [ne.ne.fm.ja.FMLModContainer/LOADING]: Creating FMLModContainer instance for [mezz.jei.neoforge.JustEnoughItems]
[12:21:22] [modloading-worker-0/DEBUG] [mixin/]: Mixing GlobalMixin from emi.mixins.json into dev.emi.emi.platform.EmiMain
[12:21:22] [modloading-worker-0/DEBUG] [mixin/]: Mixing GlobalMixin from emi.mixins.json into dev.emi.emi.platform.neoforge.EmiPacketHandler
[12:21:22] [modloading-worker-0/DEBUG] [mixin/]: Mixing GlobalMixin from emi.mixins.json into dev.emi.emi.network.EmiNetwork
[12:21:22] [modloading-worker-0/DEBUG] [mixin/]: Mixing GlobalMixin from emi.mixins.json into dev.emi.emi.EmiPort
[12:21:22] [modloading-worker-0/DEBUG] [ne.ne.fm.ja.AutomaticEventSubscriber/LOADING]: Attempting to inject @EventBusSubscriber classes into the eventbus for emi
[12:21:22] [modloading-worker-0/DEBUG] [ne.ne.fm.ja.AutomaticEventSubscriber/LOADING]: Auto-subscribing dev.emi.emi.platform.neoforge.EmiClientNeoForge to MOD
[12:21:22] [modloading-worker-0/DEBUG] [mixin/]: Mixing GlobalMixin from emi.mixins.json into dev.emi.emi.platform.neoforge.EmiClientNeoForge
[12:21:22] [modloading-worker-0/DEBUG] [mixin/]: Mixing GlobalMixin from emi.mixins.json into dev.emi.emi.screen.ConfigScreen
[12:21:22] [modloading-worker-0/DEBUG] [mixin/]: Mixing GlobalMixin from emi.mixins.json into dev.emi.emi.data.EmiResourceReloadListener
[12:21:22] [modloading-worker-0/DEBUG] [ne.ne.fm.co.ConfigTracker/CONFIG]: Config file jei-server.toml for jei tracking
[12:21:22] [modloading-worker-0/DEBUG] [ne.ne.fm.co.ConfigTracker/CONFIG]: Config file kithkyn-common.toml for kithkyn tracking
[12:21:22] [modloading-worker-0/DEBUG] [ne.ne.fm.co.ConfigTracker/CONFIG]: Config file kithkyn-advanced.toml for kithkyn tracking
[12:21:22] [modloading-worker-0/DEBUG] [ne.ne.ne.in.ve.ne.NeoForgeVersion/CORE]: Found NeoForge version 21.1.72
[12:21:22] [modloading-worker-0/DEBUG] [ne.ne.ne.in.ve.ne.NeoForgeVersion/CORE]: Found FML version 4.0.29
[12:21:22] [modloading-worker-0/INFO] [ne.ne.ne.co.NeoForgeMod/NEOFORGE-MOD]: NeoForge mod loading, version 21.1.72, for MC 1.21.1
[12:21:22] [modloading-worker-0/DEBUG] [ne.ne.fm.co.ConfigTracker/CONFIG]: Config file neoforge-client.toml for neoforge tracking
[12:21:22] [modloading-worker-0/DEBUG] [ne.ne.fm.co.ConfigTracker/CONFIG]: Config file neoforge-server.toml for neoforge tracking
[12:21:22] [modloading-worker-0/DEBUG] [ne.ne.fm.co.ConfigTracker/CONFIG]: Config file neoforge-common.toml for neoforge tracking
[12:21:22] [modloading-worker-0/DEBUG] [ne.ne.fm.ja.AutomaticEventSubscriber/LOADING]: Attempting to inject @EventBusSubscriber classes into the eventbus for kithkyn
[12:21:22] [modloading-worker-0/DEBUG] [ne.ne.fm.ja.AutomaticEventSubscriber/LOADING]: Auto-subscribing com.quzzar.kithkyn.entities.ai.goals.work.ContainerVisit to GAME
[12:21:23] [modloading-worker-0/DEBUG] [mixin/]: Mixing GlobalMixin from emi.mixins.json into dev.emi.emi.jemi.JemiPlugin
[12:21:23] [modloading-worker-0/DEBUG] [mixin/]: Mixing GlobalMixin from emi.mixins.json into dev.emi.emi.api.EmiPlugin
[12:21:23] [modloading-worker-0/DEBUG] [mixin/]: Mixing GlobalMixin from emi.mixins.json into dev.emi.emi.api.recipe.EmiRecipe
[12:21:23] [modloading-worker-0/DEBUG] [mixin/]: Mixing GlobalMixin from emi.mixins.json into dev.emi.emi.api.recipe.EmiCraftingRecipe
[12:21:23] [modloading-worker-0/DEBUG] [mixin/]: Mixing GlobalMixin from emi.mixins.json into dev.emi.emi.jemi.JemiPlugin$1
[12:21:23] [modloading-worker-0/DEBUG] [mixin/]: Mixing GlobalMixin from emi.mixins.json into dev.emi.emi.api.recipe.EmiPatternCraftingRecipe
[12:21:23] [modloading-worker-0/DEBUG] [mixin/]: Mixing GlobalMixin from emi.mixins.json into dev.emi.emi.api.stack.EmiIngredient
[12:21:23] [modloading-worker-0/DEBUG] [mixin/]: Mixing GlobalMixin from emi.mixins.json into dev.emi.emi.api.render.EmiRenderable
[12:21:23] [modloading-worker-0/DEBUG] [mixin/]: Mixing GlobalMixin from emi.mixins.json into dev.emi.emi.api.EmiDragDropHandler
[12:21:23] [modloading-worker-0/DEBUG] [mixin/]: Mixing GlobalMixin from emi.mixins.json into dev.emi.emi.api.stack.serializer.EmiIngredientSerializer
[12:21:23] [modloading-worker-0/DEBUG] [mixin/]: Mixing GlobalMixin from emi.mixins.json into dev.emi.emi.api.recipe.EmiRecipeCategory
[12:21:23] [modloading-worker-0/DEBUG] [mixin/]: Mixing GlobalMixin from emi.mixins.json into dev.emi.emi.jemi.JemiCategory
[12:21:23] [modloading-worker-0/DEBUG] [ne.ne.fm.ja.AutomaticEventSubscriber/LOADING]: Auto-subscribing com.quzzar.kithkyn.client.gui.TradeSelfTest to GAME
[12:21:23] [modloading-worker-0/DEBUG] [ne.ne.fm.ja.AutomaticEventSubscriber/LOADING]: Auto-subscribing com.quzzar.kithkyn.client.gui.UiPreview to GAME
[12:21:23] [modloading-worker-0/DEBUG] [ne.ne.fm.ja.AutomaticEventSubscriber/LOADING]: Auto-subscribing com.quzzar.kithkyn.events.CoreEvents to GAME
[12:21:23] [modloading-worker-0/DEBUG] [ne.ne.fm.ja.AutomaticEventSubscriber/LOADING]: Auto-subscribing com.quzzar.kithkyn.events.GolemEvents to GAME
[12:21:23] [modloading-worker-0/DEBUG] [ne.ne.fm.ja.AutomaticEventSubscriber/LOADING]: Auto-subscribing com.quzzar.kithkyn.events.AllayEvents to GAME
[12:21:23] [modloading-worker-0/DEBUG] [ne.ne.fm.ja.AutomaticEventSubscriber/LOADING]: Auto-subscribing com.quzzar.kithkyn.events.PersonClientEvents to MOD
[12:21:23] [modloading-worker-0/DEBUG] [ne.ne.fm.ja.AutomaticEventSubscriber/LOADING]: Auto-subscribing com.quzzar.kithkyn.events.RepairEvents to GAME
[12:21:23] [modloading-worker-0/DEBUG] [ne.ne.fm.ja.AutomaticEventSubscriber/LOADING]: Auto-subscribing com.quzzar.kithkyn.events.BlockPlacementEvents to GAME
[12:21:23] [modloading-worker-0/DEBUG] [ne.ne.fm.ja.AutomaticEventSubscriber/LOADING]: Auto-subscribing com.quzzar.kithkyn.events.VillageEntryTitle to GAME
[12:21:23] [modloading-worker-0/DEBUG] [ne.ne.fm.ja.AutomaticEventSubscriber/LOADING]: Auto-subscribing com.quzzar.kithkyn.events.CustodyEvents to GAME
[12:21:23] [modloading-worker-0/DEBUG] [ne.ne.fm.ja.AutomaticEventSubscriber/LOADING]: Auto-subscribing com.quzzar.kithkyn.events.KithkynCommands to GAME
[12:21:23] [modloading-worker-0/DEBUG] [me.je.co.pl.Services/]: Loaded mezz.jei.neoforge.platform.PlatformHelper@7a601f1 for service interface mezz.jei.common.platform.IPlatformHelper
[12:21:23] [modloading-worker-0/DEBUG] [ne.ne.fm.ja.AutomaticEventSubscriber/LOADING]: Auto-subscribing com.quzzar.kithkyn.dev.BirchVillageVerification to GAME
[12:21:23] [modloading-worker-0/DEBUG] [me.je.co.co.fi.ConfigSchema/]: Localization has not loaded yet, waiting to save the config file until JEI starts.
[12:21:23] [modloading-worker-0/DEBUG] [me.je.co.co.fi.ConfigSchema/]: Localization has not loaded yet, waiting to save the config file until JEI starts.
[12:21:23] [modloading-worker-0/DEBUG] [ne.ne.fm.ja.AutomaticEventSubscriber/LOADING]: Auto-subscribing com.quzzar.kithkyn.dev.CastleRolesVerification to GAME
[12:21:23] [modloading-worker-0/DEBUG] [ne.ne.fm.ja.AutomaticEventSubscriber/LOADING]: Attempting to inject @EventBusSubscriber classes into the eventbus for neoforge
[12:21:23] [modloading-worker-0/DEBUG] [ne.ne.fm.ja.AutomaticEventSubscriber/LOADING]: Auto-subscribing net.neoforged.neoforge.server.command.ConfigCommand to GAME
[12:21:23] [modloading-worker-0/DEBUG] [ne.ne.fm.ja.AutomaticEventSubscriber/LOADING]: Auto-subscribing com.quzzar.kithkyn.dev.BuildingPlacementVerification to GAME
[12:21:23] [modloading-worker-0/DEBUG] [ne.ne.fm.ja.AutomaticEventSubscriber/LOADING]: Auto-subscribing net.neoforged.neoforge.network.filters.GenericPacketSplitter to MOD
[12:21:23] [modloading-worker-0/DEBUG] [me.je.co.co.fi.ConfigSchema/]: Localization has not loaded yet, waiting to save the config file until JEI starts.
[12:21:23] [modloading-worker-0/DEBUG] [ne.ne.fm.ja.AutomaticEventSubscriber/LOADING]: Auto-subscribing com.quzzar.kithkyn.dev.AccessoryEvidenceVerification to GAME
[12:21:23] [modloading-worker-0/DEBUG] [ne.ne.fm.ja.AutomaticEventSubscriber/LOADING]: Auto-subscribing com.quzzar.kithkyn.dev.ChestTakeOutVerification to GAME
[12:21:23] [modloading-worker-0/DEBUG] [ne.ne.fm.ja.AutomaticEventSubscriber/LOADING]: Auto-subscribing com.quzzar.kithkyn.dev.CastleConstructionVerification to GAME
[12:21:23] [modloading-worker-0/DEBUG] [me.je.co.co.fi.ConfigSchema/]: Localization has not loaded yet, waiting to save the config file until JEI starts.
[12:21:23] [modloading-worker-0/DEBUG] [mixin/]: Mixing jei.PluginCallerMixin from emi.mixins.json into mezz.jei.library.load.PluginCaller
[12:21:23] [modloading-worker-0/DEBUG] [mixin/]: emi.mixins.json:jei.PluginCallerMixin from mod emi: Class version 65 required is higher than the class version supported by the current version of Mixin (JAVA_17 supports class version 61)
[12:21:23] [modloading-worker-0/DEBUG] [io.ne.bu.AbstractByteBuf/]: -Dio.netty.buffer.checkAccessible: true
[12:21:23] [modloading-worker-0/DEBUG] [io.ne.bu.AbstractByteBuf/]: -Dio.netty.buffer.checkBounds: true
[12:21:23] [modloading-worker-0/DEBUG] [io.ne.ut.ResourceLeakDetectorFactory/]: Loaded default ResourceLeakDetector: io.netty.util.ResourceLeakDetector@57eb3fff
[12:21:23] [modloading-worker-0/DEBUG] [mixin/]: Mixing GlobalMixin from emi.mixins.json into dev.emi.emi.jemi.JemiUtil
[12:21:23] [modloading-worker-0/DEBUG] [ne.ne.fm.ja.AutomaticEventSubscriber/LOADING]: Auto-subscribing com.quzzar.kithkyn.dev.WallFoundationVerification to GAME
[12:21:23] [modloading-worker-0/DEBUG] [mixin/]: Mixing GlobalMixin from emi.mixins.json into dev.emi.emi.api.stack.EmiStack
[12:21:23] [modloading-worker-0/DEBUG] [mixin/]: Mixing GlobalMixin from emi.mixins.json into dev.emi.emi.jemi.JemiStack
[12:21:23] [modloading-worker-0/DEBUG] [ne.ne.fm.ja.AutomaticEventSubscriber/LOADING]: Auto-subscribing com.quzzar.kithkyn.dev.WorkerRecoveryVerification to GAME
[12:21:23] [modloading-worker-0/DEBUG] [mixin/]: Mixing GlobalMixin from emi.mixins.json into dev.emi.emi.platform.EmiAgnos
[12:21:23] [modloading-worker-0/DEBUG] [io.ne.ut.in.InternalThreadLocalMap/]: -Dio.netty.threadLocalMap.stringBuilder.initialSize: 1024
[12:21:23] [modloading-worker-0/DEBUG] [io.ne.ut.in.InternalThreadLocalMap/]: -Dio.netty.threadLocalMap.stringBuilder.maxSize: 4096
[12:21:23] [modloading-worker-0/DEBUG] [mixin/]: Mixing GlobalMixin from emi.mixins.json into dev.emi.emi.platform.neoforge.EmiAgnosNeoForge
[12:21:23] [modloading-worker-0/DEBUG] [mixin/]: Mixing GlobalMixin from emi.mixins.json into dev.emi.emi.api.EmiEntrypoint
[12:21:23] [modloading-worker-0/DEBUG] [io.ne.bu.PooledByteBufAllocator/]: -Dio.netty.allocator.numHeapArenas: 20
[12:21:23] [modloading-worker-0/DEBUG] [io.ne.bu.PooledByteBufAllocator/]: -Dio.netty.allocator.numDirectArenas: 20
[12:21:23] [modloading-worker-0/DEBUG] [io.ne.bu.PooledByteBufAllocator/]: -Dio.netty.allocator.pageSize: 8192
[12:21:23] [modloading-worker-0/DEBUG] [io.ne.bu.PooledByteBufAllocator/]: -Dio.netty.allocator.maxOrder: 9
[12:21:23] [modloading-worker-0/DEBUG] [io.ne.bu.PooledByteBufAllocator/]: -Dio.netty.allocator.chunkSize: 4194304
[12:21:23] [modloading-worker-0/DEBUG] [io.ne.bu.PooledByteBufAllocator/]: -Dio.netty.allocator.smallCacheSize: 256
[12:21:23] [modloading-worker-0/DEBUG] [io.ne.bu.PooledByteBufAllocator/]: -Dio.netty.allocator.normalCacheSize: 64
[12:21:23] [modloading-worker-0/DEBUG] [io.ne.bu.PooledByteBufAllocator/]: -Dio.netty.allocator.maxCachedBufferCapacity: 32768
[12:21:23] [modloading-worker-0/DEBUG] [io.ne.bu.PooledByteBufAllocator/]: -Dio.netty.allocator.cacheTrimInterval: 8192
[12:21:23] [modloading-worker-0/DEBUG] [io.ne.bu.PooledByteBufAllocator/]: -Dio.netty.allocator.cacheTrimIntervalMillis: 0
[12:21:23] [modloading-worker-0/DEBUG] [io.ne.bu.PooledByteBufAllocator/]: -Dio.netty.allocator.useCacheForAllThreads: false
[12:21:23] [modloading-worker-0/DEBUG] [io.ne.bu.PooledByteBufAllocator/]: -Dio.netty.allocator.maxCachedByteBuffersPerChunk: 1023
[12:21:23] [modloading-worker-0/INFO] [me.je.li.lo.PluginCaller/]: Sending ConfigManager...
[12:21:23] [modloading-worker-0/DEBUG] [me.je.li.lo.PluginCallerTimerRunnable/]: Sending ConfigManager: jei:minecraft...
[12:21:23] [modloading-worker-0/DEBUG] [me.je.li.lo.PluginCallerTimerRunnable/]: Sending ConfigManager: emi:jemi...
[12:21:23] [modloading-worker-0/DEBUG] [me.je.li.lo.PluginCallerTimerRunnable/]: Sending ConfigManager: vestige:ritual_viewer...
[12:21:23] [modloading-worker-0/DEBUG] [me.je.li.lo.PluginCallerTimerRunnable/]: Sending ConfigManager: jei:neoforge_gui...
[12:21:23] [modloading-worker-0/DEBUG] [me.je.li.lo.PluginCallerTimerRunnable/]: Sending ConfigManager: jei:debug...
[12:21:23] [modloading-worker-0/DEBUG] [me.je.li.lo.PluginCallerTimerRunnable/]: Sending ConfigManager: jei:gui...
[12:21:23] [modloading-worker-0/DEBUG] [me.je.li.lo.PluginCallerTimerRunnable/]: Sending ConfigManager: jei:internal...
[12:21:23] [modloading-worker-0/DEBUG] [ne.ne.fm.ja.AutomaticEventSubscriber/LOADING]: Auto-subscribing com.quzzar.kithkyn.dev.VillageCleanup to GAME
[12:21:23] [modloading-worker-0/INFO] [me.je.li.lo.PluginCaller/]: Sending ConfigManager took 2.371 milliseconds
[12:21:23] [modloading-worker-0/DEBUG] [ne.ne.fm.ja.AutomaticEventSubscriber/LOADING]: Auto-subscribing com.quzzar.kithkyn.dev.LowPassageVerification to GAME
[12:21:23] [modloading-worker-0/DEBUG] [ne.ne.fm.ja.AutomaticEventSubscriber/LOADING]: Auto-subscribing com.quzzar.kithkyn.dev.RedevelopmentBenchmark to GAME
[12:21:23] [modloading-worker-0/DEBUG] [ne.ne.fm.ja.AutomaticEventSubscriber/LOADING]: Attempting to inject @EventBusSubscriber classes into the eventbus for jei
[12:21:23] [modloading-worker-0/DEBUG] [ne.ne.fm.ja.AutomaticEventSubscriber/LOADING]: Auto-subscribing com.quzzar.kithkyn.dev.BadlandsVillageVerification to GAME
[12:21:23] [modloading-worker-0/DEBUG] [io.ne.bu.ByteBufUtil/]: -Dio.netty.allocator.type: pooled
[12:21:23] [modloading-worker-0/DEBUG] [io.ne.bu.ByteBufUtil/]: -Dio.netty.threadLocalDirectBufferSize: 0
[12:21:23] [modloading-worker-0/DEBUG] [io.ne.bu.ByteBufUtil/]: -Dio.netty.maxThreadLocalCharBufferSize: 16384
[12:21:23] [modloading-worker-0/DEBUG] [ne.ne.fm.ja.AutomaticEventSubscriber/LOADING]: Auto-subscribing com.quzzar.kithkyn.dev.VinePassageVerification to GAME
[12:21:23] [modloading-worker-0/DEBUG] [ne.ne.fm.ja.AutomaticEventSubscriber/LOADING]: Auto-subscribing net.neoforged.neoforge.network.NetworkInitialization to MOD
[12:21:23] [modloading-worker-0/DEBUG] [ne.ne.fm.ja.AutomaticEventSubscriber/LOADING]: Auto-subscribing net.neoforged.neoforge.network.ConfigurationInitialization to MOD
[12:21:23] [modloading-worker-0/DEBUG] [ne.ne.fm.ja.AutomaticEventSubscriber/LOADING]: Auto-subscribing net.neoforged.neoforge.common.MonsterRoomHooks to GAME
[12:21:23] [modloading-worker-0/DEBUG] [ne.ne.fm.ja.AutomaticEventSubscriber/LOADING]: Auto-subscribing net.neoforged.neoforge.common.DeferredSpawnEggItem$CommonHandler to MOD
[12:21:23] [modloading-worker-0/DEBUG] [ne.ne.fm.ja.AutomaticEventSubscriber/LOADING]: Auto-subscribing net.neoforged.neoforge.common.DeferredSpawnEggItem$ColorRegisterHandler to MOD
[12:21:23] [modloading-worker-0/DEBUG] [ne.ne.fm.ja.AutomaticEventSubscriber/LOADING]: Auto-subscribing net.neoforged.neoforge.client.model.data.ModelDataManager to GAME
[12:21:23] [modloading-worker-0/DEBUG] [ne.ne.fm.ja.AutomaticEventSubscriber/LOADING]: Auto-subscribing com.quzzar.kithkyn.dev.AllayVerification to GAME
[12:21:23] [modloading-worker-0/DEBUG] [ne.ne.fm.ja.AutomaticEventSubscriber/LOADING]: Auto-subscribing com.quzzar.kithkyn.dev.RedevelopmentVerification to GAME
[12:21:23] [modloading-worker-0/DEBUG] [ne.ne.fm.ja.AutomaticEventSubscriber/LOADING]: Auto-subscribing net.neoforged.neoforge.client.ParticleBoundsDebugRenderer to GAME
[12:21:23] [modloading-worker-0/DEBUG] [ne.ne.fm.ja.AutomaticEventSubscriber/LOADING]: Auto-subscribing com.quzzar.kithkyn.dev.BellRecallVerification to GAME
[12:21:23] [modloading-worker-0/DEBUG] [ne.ne.fm.ja.AutomaticEventSubscriber/LOADING]: Auto-subscribing net.neoforged.neoforge.client.ClientHooks$ClientEvents to MOD
[12:21:23] [modloading-worker-0/DEBUG] [ne.ne.fm.ja.AutomaticEventSubscriber/LOADING]: Auto-subscribing com.quzzar.kithkyn.dev.RepairVerification to GAME
[12:21:23] [modloading-worker-0/DEBUG] [ne.ne.fm.ja.AutomaticEventSubscriber/LOADING]: Auto-subscribing net.neoforged.neoforge.client.BlockEntityRenderBoundsDebugRenderer to GAME
[12:21:23] [modloading-worker-0/DEBUG] [ne.ne.fm.ja.AutomaticEventSubscriber/LOADING]: Auto-subscribing net.neoforged.neoforge.attachment.AttachmentInternals to GAME
[12:21:23] [modloading-worker-0/DEBUG] [ne.ne.fm.ja.AutomaticEventSubscriber/LOADING]: Auto-subscribing com.quzzar.kithkyn.dev.VillageAudit to GAME
[12:21:23] [modloading-worker-0/DEBUG] [ne.ne.fm.ja.AutomaticEventSubscriber/LOADING]: Auto-subscribing com.quzzar.kithkyn.dev.GateBannerVerification to GAME
[12:21:23] [modloading-worker-0/DEBUG] [ne.ne.fm.ja.AutomaticEventSubscriber/LOADING]: Auto-subscribing com.quzzar.kithkyn.dev.CompanionPetVerification to GAME
[12:21:23] [modloading-worker-0/DEBUG] [ne.ne.fm.ja.AutomaticEventSubscriber/LOADING]: Auto-subscribing com.quzzar.kithkyn.dev.ApprovedHouseVerification to GAME
[12:21:23] [modloading-worker-0/DEBUG] [ne.ne.fm.ja.AutomaticEventSubscriber/LOADING]: Auto-subscribing com.quzzar.kithkyn.dev.GateAccessVerification to GAME
[12:21:23] [modloading-worker-0/DEBUG] [ne.ne.fm.ja.AutomaticEventSubscriber/LOADING]: Auto-subscribing com.quzzar.kithkyn.dev.FoundingGrowthVerification to GAME
[12:21:23] [modloading-worker-0/DEBUG] [ne.ne.fm.ja.AutomaticEventSubscriber/LOADING]: Auto-subscribing com.quzzar.kithkyn.dev.QuartermasterVisitVerification to GAME
[12:21:23] [modloading-worker-0/DEBUG] [ne.ne.fm.ja.AutomaticEventSubscriber/LOADING]: Auto-subscribing com.quzzar.kithkyn.dev.CastleMerchantVerification to GAME
[12:21:23] [modloading-worker-0/DEBUG] [mixin/]: Mixing ChatSubmissionMixin from vestige.communication.mixins.json into net.minecraft.server.network.ServerGamePacketListenerImpl
[12:21:23] [modloading-worker-0/DEBUG] [mixin/]: vestige.communication.mixins.json:ChatSubmissionMixin from mod vestige->@Inject::vestige$capture(Lnet/minecraft/network/protocol/game/ServerboundChatPacket;Lnet/minecraft/network/chat/LastSeenMessages;Lorg/spongepowered/asm/mixin/injection/callback/CallbackInfoReturnable;)V does use it's CallbackInfoReturnable
[12:21:23] [modloading-worker-0/DEBUG] [ne.ne.fm.ja.AutomaticEventSubscriber/LOADING]: Auto-subscribing com.quzzar.kithkyn.dev.GuardCombatVerification to GAME
[12:21:23] [modloading-worker-0/DEBUG] [ne.ne.fm.ja.AutomaticEventSubscriber/LOADING]: Auto-subscribing com.quzzar.kithkyn.dev.LongRetryVerification to GAME
[12:21:23] [modloading-worker-0/DEBUG] [ne.ne.fm.ja.AutomaticEventSubscriber/LOADING]: Auto-subscribing com.quzzar.kithkyn.dev.CustodyVerification to GAME
[12:21:23] [modloading-worker-0/DEBUG] [ne.ne.fm.ja.AutomaticEventSubscriber/LOADING]: Auto-subscribing com.quzzar.kithkyn.dev.VillageTimelapse to GAME
[12:21:23] [modloading-worker-0/DEBUG] [ne.ne.fm.ja.AutomaticEventSubscriber/LOADING]: Auto-subscribing com.quzzar.kithkyn.dev.CampfireAccessVerification to GAME
[12:21:23] [modloading-worker-0/DEBUG] [ne.ne.fm.ja.AutomaticEventSubscriber/LOADING]: Auto-subscribing com.quzzar.kithkyn.dev.ConstructionClearanceVerification to GAME
[12:21:23] [modloading-worker-0/DEBUG] [ne.ne.fm.ja.AutomaticEventSubscriber/LOADING]: Auto-subscribing com.quzzar.kithkyn.dev.FoundingProbe to GAME
[12:21:23] [modloading-worker-0/DEBUG] [ne.ne.fm.ja.AutomaticEventSubscriber/LOADING]: Auto-subscribing com.quzzar.kithkyn.dev.OccupationWorkVerification to GAME
[12:21:23] [modloading-worker-0/DEBUG] [ne.ne.fm.ja.AutomaticEventSubscriber/LOADING]: Auto-subscribing com.quzzar.kithkyn.dev.GuardNightVerification to GAME
[12:21:23] [modloading-worker-0/DEBUG] [ne.ne.fm.ja.AutomaticEventSubscriber/LOADING]: Auto-subscribing com.quzzar.kithkyn.dev.CastleOperationsVerification to GAME
[12:21:23] [modloading-worker-0/DEBUG] [ne.ne.fm.ja.AutomaticEventSubscriber/LOADING]: Auto-subscribing com.quzzar.kithkyn.dev.ApprovedCenterVerification to GAME
[12:21:23] [modloading-worker-0/DEBUG] [ne.ne.fm.ja.AutomaticEventSubscriber/LOADING]: Auto-subscribing com.quzzar.kithkyn.dev.DevCommands to GAME
[12:21:23] [modloading-worker-0/DEBUG] [ne.ne.fm.ja.AutomaticEventSubscriber/LOADING]: Auto-subscribing com.quzzar.kithkyn.dev.UnhousedBedtimeVerification to GAME
[12:21:23] [modloading-worker-0/DEBUG] [ne.ne.fm.ja.AutomaticEventSubscriber/LOADING]: Auto-subscribing com.quzzar.kithkyn.dev.TreeFellingVerification to GAME
[12:21:24] [modloading-worker-0/DEBUG] [ne.ne.fm.ja.AutomaticEventSubscriber/LOADING]: Auto-subscribing com.quzzar.kithkyn.dev.GuardEquipmentVerification to GAME
[12:21:24] [modloading-worker-0/DEBUG] [ne.ne.fm.ja.AutomaticEventSubscriber/LOADING]: Auto-subscribing com.quzzar.kithkyn.dev.GolemVerification to GAME
[12:21:24] [modloading-worker-0/DEBUG] [ne.ne.fm.ja.AutomaticEventSubscriber/LOADING]: Auto-subscribing com.quzzar.kithkyn.other.KithkynItems to MOD
[12:21:24] [modloading-worker-0/DEBUG] [ne.ne.fm.ja.AutomaticEventSubscriber/LOADING]: Auto-subscribing com.quzzar.kithkyn.wrongdoing.TheftEvents to GAME
[12:21:24] [modloading-worker-0/DEBUG] [ne.ne.fm.ja.AutomaticEventSubscriber/LOADING]: Auto-subscribing com.quzzar.kithkyn.village.VillageChunkLoader to GAME
[12:21:24] [modloading-worker-0/DEBUG] [ne.ne.fm.ja.AutomaticEventSubscriber/LOADING]: Auto-subscribing com.quzzar.kithkyn.village.JobAptitudeLoader to GAME
[12:21:24] [modloading-worker-0/DEBUG] [ne.ne.fm.ja.AutomaticEventSubscriber/LOADING]: Auto-subscribing com.quzzar.kithkyn.village.tiers.VillageTierLoader to GAME
[12:21:24] [modloading-worker-0/DEBUG] [ne.ne.fm.ja.AutomaticEventSubscriber/LOADING]: Auto-subscribing com.quzzar.kithkyn.village.buildings.BuildingDefinitionLoader to GAME
[12:21:24] [modloading-worker-0/DEBUG] [ne.ne.fm.ja.AutomaticEventSubscriber/LOADING]: Auto-subscribing com.quzzar.kithkyn.llm.LlmEvents to GAME
[12:21:24] [modloading-worker-0/DEBUG] [ne.ne.fm.ja.AutomaticEventSubscriber/LOADING]: Auto-subscribing com.quzzar.kithkyn.economy.ItemValueLoader to GAME
[12:21:24] [modloading-worker-0/DEBUG] [ne.ne.fm.ja.AutomaticEventSubscriber/LOADING]: Auto-subscribing com.quzzar.kithkyn.configuration.KithkynConfig to MOD
[12:21:24] [Download-1/WARN] [mojang/YggdrasilMinecraftSessionService]: Couldn't look up profile properties for 380df991-f603-344c-a090-369bad2a924a
com.mojang.authlib.exceptions.MinecraftClientException: Failed to read value <!DOCTYPE html PUBLIC '-//W3C//DTD XHTML 1.0 Transitional//EN' 'http://www.w3.org/TR/xhtml1/DTD/xhtml1-transitional.dtd'>
<html xmlns='http://www.w3.org/1999/xhtml'>

<head>
    <meta content='text/html; charset=utf-8' http-equiv='content-type' />
    <style type='text/css'>
        body {
            font-family: Arial;
            margin-left: 40px;
        }

        img {
            border: 0 none;
        }

        #content {
            margin-left: auto;
            margin-right: auto
        }

        #message h1 {
            font-size: 24px;
            font-weight: normal;
            color: #000000;
            margin: 34px 0px 0px 0px
        }

        #message h2 {
            font-size: 20px;
            font-weight: normal;
            color: #000000;
            margin: 34px 0px 0px 0px
        }

        #message p {
            font-size: 16px;
            color: #000000;
            margin: 8px 0px 0px 0px
        }

        #message hr {
            margin: 15px 0px
        }

        #errorref {
            font-size: 11px;
            color: #737373;
            margin-top: 41px
        }
    </style>
    <title>Service unavailable</title>
</head>

<body>
    <div id='content'>
        <div id='message'>
            <h2>The request is blocked.</h2>
        </div>
        <div id='errorref'>
            <span>20261007T162123Z-1687644f9b5sfstrhC1TEBv76n00000002sg00000000957g            </span>
        </div>
    </div>
</body>
</html>

	at MC-BOOTSTRAP/authlib@6.0.54/com.mojang.authlib.minecraft.client.ObjectMapper.readValue(ObjectMapper.java:32) ~[authlib-6.0.54.jar%23105!/:?] {}
	at MC-BOOTSTRAP/authlib@6.0.54/com.mojang.authlib.minecraft.client.MinecraftClient.readInputStream(MinecraftClient.java:99) ~[authlib-6.0.54.jar%23105!/:?] {}
	at MC-BOOTSTRAP/authlib@6.0.54/com.mojang.authlib.minecraft.client.MinecraftClient.get(MinecraftClient.java:57) ~[authlib-6.0.54.jar%23105!/:?] {}
	at MC-BOOTSTRAP/authlib@6.0.54/com.mojang.authlib.yggdrasil.YggdrasilMinecraftSessionService.fetchProfileUncached(YggdrasilMinecraftSessionService.java:201) ~[authlib-6.0.54.jar%23105!/:?] {}
	at MC-BOOTSTRAP/authlib@6.0.54/com.mojang.authlib.yggdrasil.YggdrasilMinecraftSessionService.fetchProfile(YggdrasilMinecraftSessionService.java:171) ~[authlib-6.0.54.jar%23105!/:?] {}
	at TRANSFORMER/minecraft@1.21.1/net.minecraft.client.Minecraft.lambda$new$1(Minecraft.java:432) ~[neoforge-21.1.72-minecraft.jar%23178!/:?] {re:mixin,pl:accesstransformer:B,pl:runtimedistcleaner:A,re:classloading,pl:accesstransformer:B,pl:mixin:A,pl:runtimedistcleaner:A}
	at java.base/java.util.concurrent.CompletableFuture$AsyncSupply.run(CompletableFuture.java:1768) ~[?:?] {}
	at java.base/java.util.concurrent.ThreadPoolExecutor.runWorker(ThreadPoolExecutor.java:1144) ~[?:?] {}
	at java.base/java.util.concurrent.ThreadPoolExecutor$Worker.run(ThreadPoolExecutor.java:642) ~[?:?] {}
	at java.base/java.lang.Thread.run(Thread.java:1583) [?:?] {re:mixin}
Caused by: com.google.gson.JsonSyntaxException: java.lang.IllegalStateException: Expected BEGIN_OBJECT but was STRING at line 1 column 1 path $
	at MC-BOOTSTRAP/com.google.gson@2.10.1/com.google.gson.internal.bind.ReflectiveTypeAdapterFactory$Adapter.read(ReflectiveTypeAdapterFactory.java:397) ~[gson-2.10.1.jar%2397!/:?] {}
	at MC-BOOTSTRAP/com.google.gson@2.10.1/com.google.gson.Gson.fromJson(Gson.java:1227) ~[gson-2.10.1.jar%2397!/:?] {}
	at MC-BOOTSTRAP/com.google.gson@2.10.1/com.google.gson.Gson.fromJson(Gson.java:1137) ~[gson-2.10.1.jar%2397!/:?] {}
	at MC-BOOTSTRAP/com.google.gson@2.10.1/com.google.gson.Gson.fromJson(Gson.java:1047) ~[gson-2.10.1.jar%2397!/:?] {}
	at MC-BOOTSTRAP/com.google.gson@2.10.1/com.google.gson.Gson.fromJson(Gson.java:982) ~[gson-2.10.1.jar%2397!/:?] {}
	at MC-BOOTSTRAP/authlib@6.0.54/com.mojang.authlib.minecraft.client.ObjectMapper.readValue(ObjectMapper.java:30) ~[authlib-6.0.54.jar%23105!/:?] {}
	... 9 more
Caused by: java.lang.IllegalStateException: Expected BEGIN_OBJECT but was STRING at line 1 column 1 path $
	at MC-BOOTSTRAP/com.google.gson@2.10.1/com.google.gson.stream.JsonReader.beginObject(JsonReader.java:393) ~[gson-2.10.1.jar%2397!/:?] {}
	at MC-BOOTSTRAP/com.google.gson@2.10.1/com.google.gson.internal.bind.ReflectiveTypeAdapterFactory$Adapter.read(ReflectiveTypeAdapterFactory.java:386) ~[gson-2.10.1.jar%2397!/:?] {}
	at MC-BOOTSTRAP/com.google.gson@2.10.1/com.google.gson.Gson.fromJson(Gson.java:1227) ~[gson-2.10.1.jar%2397!/:?] {}
	at MC-BOOTSTRAP/com.google.gson@2.10.1/com.google.gson.Gson.fromJson(Gson.java:1137) ~[gson-2.10.1.jar%2397!/:?] {}
	at MC-BOOTSTRAP/com.google.gson@2.10.1/com.google.gson.Gson.fromJson(Gson.java:1047) ~[gson-2.10.1.jar%2397!/:?] {}
	at MC-BOOTSTRAP/com.google.gson@2.10.1/com.google.gson.Gson.fromJson(Gson.java:982) ~[gson-2.10.1.jar%2397!/:?] {}
	at MC-BOOTSTRAP/authlib@6.0.54/com.mojang.authlib.minecraft.client.ObjectMapper.readValue(ObjectMapper.java:30) ~[authlib-6.0.54.jar%23105!/:?] {}
	... 9 more
[12:21:24] [modloading-worker-0/DEBUG] [ne.ne.fm.ja.AutomaticEventSubscriber/LOADING]: Attempting to inject @EventBusSubscriber classes into the eventbus for vestige
[12:21:24] [modloading-worker-0/DEBUG] [ne.ne.fm.ja.AutomaticEventSubscriber/LOADING]: Auto-subscribing com.quzzar.vestige.magic.world.ManaPayload to MOD
[12:21:24] [modloading-worker-0/DEBUG] [ne.ne.fm.ja.AutomaticEventSubscriber/LOADING]: Auto-subscribing com.quzzar.vestige.magic.world.PreparationPayload to MOD
[12:21:24] [modloading-worker-0/DEBUG] [ne.ne.fm.ja.AutomaticEventSubscriber/LOADING]: Auto-subscribing com.quzzar.vestige.magic.world.NativeMana to GAME
[12:21:24] [modloading-worker-0/DEBUG] [ne.ne.fm.ja.AutomaticEventSubscriber/LOADING]: Auto-subscribing com.quzzar.vestige.magic.world.NativeMagic to GAME
[12:21:24] [modloading-worker-0/DEBUG] [ne.ne.fm.ja.AutomaticEventSubscriber/LOADING]: Auto-subscribing com.quzzar.vestige.magic.world.SpellEntities to MOD
[12:21:24] [modloading-worker-0/DEBUG] [ne.ne.fm.ja.AutomaticEventSubscriber/LOADING]: Auto-subscribing com.quzzar.vestige.magic.world.SpellClient to MOD
[12:21:24] [modloading-worker-0/DEBUG] [ne.ne.fm.ja.AutomaticEventSubscriber/LOADING]: Auto-subscribing com.quzzar.vestige.magic.world.client.ManaHud to GAME
[12:21:24] [modloading-worker-0/DEBUG] [ne.ne.fm.ja.AutomaticEventSubscriber/LOADING]: Auto-subscribing com.quzzar.vestige.magic.world.client.PreparationHud to GAME
[12:21:24] [modloading-worker-0/DEBUG] [ne.ne.fm.ja.AutomaticEventSubscriber/LOADING]: Auto-subscribing com.quzzar.vestige.magic.world.client.NativeManaCapture to GAME
[12:21:24] [modloading-worker-0/DEBUG] [ne.ne.fm.ja.AutomaticEventSubscriber/LOADING]: Auto-subscribing com.quzzar.vestige.magic.world.client.ManaHud$Registration to MOD
[12:21:24] [modloading-worker-0/DEBUG] [ne.ne.fm.ja.AutomaticEventSubscriber/LOADING]: Auto-subscribing com.quzzar.vestige.magic.world.client.NativePreparationCapture to GAME
[12:21:24] [modloading-worker-0/DEBUG] [ne.ne.fm.ja.AutomaticEventSubscriber/LOADING]: Auto-subscribing com.quzzar.vestige.magic.world.client.PreparationHud$Registration to MOD
[12:21:24] [modloading-worker-0/DEBUG] [ne.ne.fm.ja.AutomaticEventSubscriber/LOADING]: Auto-subscribing com.quzzar.vestige.magic.presentation.SpellVisualNetwork to MOD
[12:21:24] [modloading-worker-0/DEBUG] [ne.ne.fm.ja.AutomaticEventSubscriber/LOADING]: Auto-subscribing com.quzzar.vestige.magic.presentation.client.SpellVisualClient to GAME
[12:21:24] [modloading-worker-0/DEBUG] [ne.ne.fm.ja.AutomaticEventSubscriber/LOADING]: Auto-subscribing com.quzzar.vestige.magic.presentation.client.SpellSenseClient to GAME
[12:21:24] [modloading-worker-0/DEBUG] [ne.ne.fm.ja.AutomaticEventSubscriber/LOADING]: Auto-subscribing com.quzzar.vestige.magic.presentation.client.NativeEffectsCapture to GAME
[12:21:24] [modloading-worker-0/DEBUG] [ne.ne.fm.ja.AutomaticEventSubscriber/LOADING]: Auto-subscribing com.quzzar.vestige.gametest.FocusedGameTests to MOD
[12:21:24] [modloading-worker-0/DEBUG] [ne.ne.fm.ja.AutomaticEventSubscriber/LOADING]: Auto-subscribing com.quzzar.vestige.storage.CraneBagAccess to GAME
[12:21:24] [modloading-worker-0/DEBUG] [ne.ne.fm.ja.AutomaticEventSubscriber/LOADING]: Auto-subscribing com.quzzar.vestige.storage.client.CraneBagTooltip to GAME
[12:21:24] [modloading-worker-0/DEBUG] [ne.ne.fm.ja.AutomaticEventSubscriber/LOADING]: Auto-subscribing com.quzzar.vestige.storage.client.NativeCraneBagCapture to GAME
[12:21:24] [modloading-worker-0/DEBUG] [ne.ne.fm.ja.AutomaticEventSubscriber/LOADING]: Auto-subscribing com.quzzar.vestige.apparatus.ScrollCasting to GAME
[12:21:24] [modloading-worker-0/DEBUG] [ne.ne.fm.ja.AutomaticEventSubscriber/LOADING]: Auto-subscribing com.quzzar.vestige.apparatus.StaffSelection to MOD
[12:21:24] [modloading-worker-0/DEBUG] [ne.ne.fm.ja.AutomaticEventSubscriber/LOADING]: Auto-subscribing com.quzzar.vestige.apparatus.StaffSelection$Lifecycle to GAME
[12:21:24] [modloading-worker-0/DEBUG] [ne.ne.fm.ja.AutomaticEventSubscriber/LOADING]: Auto-subscribing com.quzzar.vestige.apparatus.SpellKnowledge to GAME
[12:21:24] [modloading-worker-0/DEBUG] [ne.ne.fm.ja.AutomaticEventSubscriber/LOADING]: Auto-subscribing com.quzzar.vestige.apparatus.StaffCasting to GAME
[12:21:24] [modloading-worker-0/DEBUG] [ne.ne.fm.ja.AutomaticEventSubscriber/LOADING]: Auto-subscribing com.quzzar.vestige.apparatus.RitualCrafting to GAME
[12:21:24] [modloading-worker-0/DEBUG] [ne.ne.fm.ja.AutomaticEventSubscriber/LOADING]: Auto-subscribing com.quzzar.vestige.apparatus.ApparatusBlocks to MOD
[12:21:24] [modloading-worker-0/DEBUG] [ne.ne.fm.ja.AutomaticEventSubscriber/LOADING]: Auto-subscribing com.quzzar.vestige.apparatus.ScrollItems to MOD
[12:21:24] [modloading-worker-0/DEBUG] [ne.ne.fm.ja.AutomaticEventSubscriber/LOADING]: Auto-subscribing com.quzzar.vestige.apparatus.WandCasting to GAME
[12:21:24] [modloading-worker-0/DEBUG] [ne.ne.fm.ja.AutomaticEventSubscriber/LOADING]: Auto-subscribing com.quzzar.vestige.apparatus.ScrollRecastPayload to MOD
[12:21:24] [modloading-worker-0/DEBUG] [ne.ne.fm.ja.AutomaticEventSubscriber/LOADING]: Auto-subscribing com.quzzar.vestige.apparatus.client.NativeItemCapture to GAME
[12:21:24] [modloading-worker-0/DEBUG] [ne.ne.fm.ja.AutomaticEventSubscriber/LOADING]: Auto-subscribing com.quzzar.vestige.apparatus.client.WandClient to MOD
[12:21:24] [modloading-worker-0/DEBUG] [ne.ne.fm.ja.AutomaticEventSubscriber/LOADING]: Auto-subscribing com.quzzar.vestige.apparatus.client.ScrollRecastClient to GAME
[12:21:24] [modloading-worker-0/DEBUG] [ne.ne.fm.ja.AutomaticEventSubscriber/LOADING]: Auto-subscribing com.quzzar.vestige.apparatus.client.SpellstoneHighlight to GAME
[12:21:24] [modloading-worker-0/DEBUG] [ne.ne.fm.ja.AutomaticEventSubscriber/LOADING]: Auto-subscribing com.quzzar.vestige.apparatus.client.NativeWandCapture to GAME
[12:21:24] [modloading-worker-0/DEBUG] [ne.ne.fm.ja.AutomaticEventSubscriber/LOADING]: Auto-subscribing com.quzzar.vestige.apparatus.client.NativeFragmentCapture to GAME
[12:21:24] [modloading-worker-0/DEBUG] [ne.ne.fm.ja.AutomaticEventSubscriber/LOADING]: Auto-subscribing com.quzzar.vestige.apparatus.client.ScrollTooltip to GAME
[12:21:24] [modloading-worker-0/DEBUG] [ne.ne.fm.ja.AutomaticEventSubscriber/LOADING]: Auto-subscribing com.quzzar.vestige.apparatus.client.ApparatusColors to MOD
[12:21:24] [modloading-worker-0/DEBUG] [ne.ne.fm.ja.AutomaticEventSubscriber/LOADING]: Auto-subscribing com.quzzar.vestige.apparatus.client.NativeStaffCapture to GAME
[12:21:24] [modloading-worker-0/DEBUG] [ne.ne.fm.ja.AutomaticEventSubscriber/LOADING]: Auto-subscribing com.quzzar.vestige.apparatus.recipeviewer.RitualDisplayPayload$Sync to GAME
[12:21:24] [modloading-worker-0/DEBUG] [ne.ne.fm.ja.AutomaticEventSubscriber/LOADING]: Auto-subscribing com.quzzar.vestige.apparatus.recipeviewer.WandDisplayPayload$Sync to GAME
[12:21:24] [modloading-worker-0/DEBUG] [ne.ne.fm.ja.AutomaticEventSubscriber/LOADING]: Auto-subscribing com.quzzar.vestige.apparatus.recipeviewer.ImbuementFrameRenderer to MOD
[12:21:24] [modloading-worker-0/DEBUG] [ne.ne.fm.ja.AutomaticEventSubscriber/LOADING]: Auto-subscribing com.quzzar.vestige.apparatus.recipeviewer.WandDisplayPayload$Registration to MOD
[12:21:24] [modloading-worker-0/DEBUG] [ne.ne.fm.ja.AutomaticEventSubscriber/LOADING]: Auto-subscribing com.quzzar.vestige.apparatus.recipeviewer.NativeWandRecipeCapture to GAME
[12:21:24] [modloading-worker-0/DEBUG] [ne.ne.fm.ja.AutomaticEventSubscriber/LOADING]: Auto-subscribing com.quzzar.vestige.apparatus.recipeviewer.RitualViewerClient to GAME
[12:21:24] [modloading-worker-0/DEBUG] [ne.ne.fm.ja.AutomaticEventSubscriber/LOADING]: Auto-subscribing com.quzzar.vestige.apparatus.recipeviewer.RitualDisplayPayload$Registration to MOD
[12:21:24] [modloading-worker-0/DEBUG] [ne.ne.fm.ja.AutomaticEventSubscriber/LOADING]: Auto-subscribing com.quzzar.vestige.apparatus.recipeviewer.NativeThreadRecipeCapture to GAME
[12:21:24] [modloading-worker-0/DEBUG] [ne.ne.fm.ja.AutomaticEventSubscriber/LOADING]: Auto-subscribing com.quzzar.vestige.apparatus.recipeviewer.WandViewerClient to GAME
[12:21:24] [modloading-worker-0/DEBUG] [ne.ne.fm.ja.AutomaticEventSubscriber/LOADING]: Auto-subscribing com.quzzar.vestige.apparatus.recipeviewer.NativeRecipeCapture to GAME
[12:21:24] [modloading-worker-0/DEBUG] [ne.ne.fm.ja.AutomaticEventSubscriber/LOADING]: Auto-subscribing com.quzzar.vestige.communication.ShellCuePayload to MOD
[12:21:24] [modloading-worker-0/DEBUG] [ne.ne.fm.ja.AutomaticEventSubscriber/LOADING]: Auto-subscribing com.quzzar.vestige.communication.WhisperingShellChat to GAME
[12:21:24] [modloading-worker-0/DEBUG] [ne.ne.fm.ja.AutomaticEventSubscriber/LOADING]: Auto-subscribing com.quzzar.vestige.communication.client.ShellFeedback$Registration to MOD
[12:21:24] [modloading-worker-0/DEBUG] [ne.ne.fm.ja.AutomaticEventSubscriber/LOADING]: Auto-subscribing com.quzzar.vestige.travel.StoneTravelPayloads to MOD
[12:21:24] [modloading-worker-0/DEBUG] [ne.ne.fm.ja.AutomaticEventSubscriber/LOADING]: Auto-subscribing com.quzzar.vestige.travel.StoneTravel to GAME
[12:21:24] [modloading-worker-0/DEBUG] [ne.ne.fm.ja.AutomaticEventSubscriber/LOADING]: Auto-subscribing com.quzzar.vestige.travel.StandingStones to MOD
[12:21:24] [modloading-worker-0/DEBUG] [ne.ne.fm.ja.AutomaticEventSubscriber/LOADING]: Auto-subscribing com.quzzar.vestige.travel.client.NativeStandingStoneModelCapture to GAME
[12:21:24] [modloading-worker-0/DEBUG] [ne.ne.fm.ja.AutomaticEventSubscriber/LOADING]: Auto-subscribing com.quzzar.vestige.travel.client.NativeStoneCapture to GAME
[12:21:24] [modloading-worker-0/DEBUG] [ne.ne.fm.ja.AutomaticEventSubscriber/LOADING]: Auto-subscribing com.quzzar.vestige.travel.client.StandingStoneClient to MOD
[12:21:33] [modloading-sync-worker/DEBUG] [ne.ne.fm.co.ConfigTracker/CONFIG]: Loading configs type CLIENT
[12:21:33] [modloading-sync-worker/DEBUG] [ne.ne.ne.co.NeoForgeConfig/FORGEMOD]: Loaded NeoForge config file neoforge-client.toml
[12:21:33] [modloading-sync-worker/DEBUG] [ne.ne.fm.co.ConfigTracker/CONFIG]: Loaded TOML config file /Users/quzzar/Projects/vestige/run/wands-both-kith-final/config/neoforge-client.toml
[12:21:33] [modloading-sync-worker/DEBUG] [ne.ne.fm.co.ConfigTracker/CONFIG]: Watching TOML config file /Users/quzzar/Projects/vestige/run/wands-both-kith-final/config/neoforge-client.toml for changes
[12:21:33] [modloading-sync-worker/DEBUG] [ne.ne.fm.co.ConfigTracker/CONFIG]: Loading configs type COMMON
[12:21:33] [modloading-sync-worker/WARN] [ne.ne.fm.co.ConfigTracker/CONFIG]: Configuration file /Users/quzzar/Projects/vestige/run/wands-both-kith-final/config/kithkyn-common.toml is not correct. Correcting
[12:21:33] [modloading-sync-worker/DEBUG] [ne.ne.fm.co.ConfigTracker/CONFIG]: Loaded TOML config file /Users/quzzar/Projects/vestige/run/wands-both-kith-final/config/kithkyn-common.toml
[12:21:33] [modloading-sync-worker/DEBUG] [ne.ne.fm.co.ConfigTracker/CONFIG]: Watching TOML config file /Users/quzzar/Projects/vestige/run/wands-both-kith-final/config/kithkyn-common.toml for changes
[12:21:33] [modloading-sync-worker/DEBUG] [ne.ne.fm.co.ConfigTracker/CONFIG]: Loaded TOML config file /Users/quzzar/Projects/vestige/run/wands-both-kith-final/config/kithkyn-advanced.toml
[12:21:33] [modloading-sync-worker/DEBUG] [ne.ne.fm.co.ConfigTracker/CONFIG]: Watching TOML config file /Users/quzzar/Projects/vestige/run/wands-both-kith-final/config/kithkyn-advanced.toml for changes
[12:21:33] [modloading-sync-worker/DEBUG] [ne.ne.ne.co.NeoForgeConfig/FORGEMOD]: Loaded NeoForge config file neoforge-common.toml
[12:21:33] [modloading-sync-worker/DEBUG] [ne.ne.fm.co.ConfigTracker/CONFIG]: Loaded TOML config file /Users/quzzar/Projects/vestige/run/wands-both-kith-final/config/neoforge-common.toml
[12:21:33] [modloading-sync-worker/DEBUG] [ne.ne.fm.co.ConfigTracker/CONFIG]: Watching TOML config file /Users/quzzar/Projects/vestige/run/wands-both-kith-final/config/neoforge-common.toml for changes
[12:21:34] [Render thread/DEBUG] [mixin/]: Mixing accessor.ItemRendererAccessor from emi.mixins.json into net.minecraft.client.renderer.entity.ItemRenderer
[12:21:34] [Render thread/DEBUG] [mixin/]: emi.mixins.json:accessor.ItemRendererAccessor from mod emi: Class version 65 required is higher than the class version supported by the current version of Mixin (JAVA_17 supports class version 61)
[12:21:34] [Render thread/DEBUG] [mixin/]: Mixing accessor.BakedModelManagerAccessor from emi.mixins.json into net.minecraft.client.resources.model.ModelManager
[12:21:34] [Render thread/DEBUG] [mixin/]: emi.mixins.json:accessor.BakedModelManagerAccessor from mod emi: Class version 65 required is higher than the class version supported by the current version of Mixin (JAVA_17 supports class version 61)
[12:21:34] [Render thread/INFO] [ne.ne.ne.ga.GameTestHooks/]: Enabled Gametest Namespaces: []
[12:21:34] [Render thread/DEBUG] [mixin/]: Mixing RecipeBookWidgetMixin from emi.mixins.json into net.minecraft.client.gui.screens.recipebook.RecipeBookComponent
[12:21:34] [Render thread/DEBUG] [mixin/]: emi.mixins.json:RecipeBookWidgetMixin from mod emi: Class version 65 required is higher than the class version supported by the current version of Mixin (JAVA_17 supports class version 61)
[12:21:34] [Render thread/DEBUG] [mixin/]: emi.mixins.json:RecipeBookWidgetMixin from mod emi->@Inject::toggleOpen(Lorg/spongepowered/asm/mixin/injection/callback/CallbackInfo;)V does use it's CallbackInfo
[12:21:34] [Render thread/DEBUG] [mixin/]: Mixing GlobalMixin from emi.mixins.json into dev.emi.emi.data.EmiData
[12:21:34] [Render thread/DEBUG] [mixin/]: Mixing GlobalMixin from emi.mixins.json into dev.emi.emi.data.RecipeDefaultLoader
[12:21:34] [Render thread/DEBUG] [mixin/]: Mixing GlobalMixin from emi.mixins.json into dev.emi.emi.data.EmiTagExclusionsLoader
[12:21:34] [Render thread/DEBUG] [mixin/]: Mixing GlobalMixin from emi.mixins.json into dev.emi.emi.data.EmiDataLoader
[12:21:34] [Render thread/DEBUG] [mixin/]: Mixing GlobalMixin from emi.mixins.json into dev.emi.emi.data.EmiDataLoader$DataConsumer
[12:21:35] [Render thread/INFO] [minecraft/ReloadableResourceManager]: Reloading ResourceManager: vanilla, mod_resources, mod/emi, mod/kithkyn, mod/vestige, mod/neoforge, mod/jei
[12:21:35] [Worker-Main-1/INFO] [co.qu.ki.Kithkyn/]: Kithkyn setup!
[12:21:35] [Render thread/DEBUG] [ne.ne.fm.DeferredWorkQueue/LOADING]: Dispatching synchronous work for work queue Common setup: 1 jobs
[12:21:35] [Render thread/DEBUG] [ne.ne.fm.DeferredWorkQueue/LOADING]: Synchronous work queue completed in 492.9 μs
[12:21:35] [Worker-Main-3/INFO] [minecraft/UnihexProvider]: Found unifont_all_no_pua-15.1.05.hex, loading
[12:21:35] [Worker-Main-4/DEBUG] [mixin/]: Mixing GlobalMixin from emi.mixins.json into dev.emi.emi.data.RecipeDefaults
[12:21:35] [Worker-Main-4/DEBUG] [mixin/]: Mixing GlobalMixin from emi.mixins.json into dev.emi.emi.data.TagExclusions
[12:21:35] [Worker-Main-6/DEBUG] [mixin/]: Mixing GlobalMixin from emi.mixins.json into dev.emi.emi.data.EmiRecipeCategoryProperties
[12:21:35] [Worker-Main-4/DEBUG] [mixin/]: Mixing GlobalMixin from emi.mixins.json into dev.emi.emi.data.EmiAlias
[12:21:35] [Worker-Main-1/INFO] [minecraft/UnihexProvider]: Found unifont_jp_patch-15.1.05.hex, loading
[12:21:35] [Worker-Main-8/DEBUG] [mixin/]: Mixing GlobalMixin from emi.mixins.json into dev.emi.emi.screen.StackBatcher
[12:21:35] [Worker-Main-8/DEBUG] [mixin/]: Mixing GlobalMixin from emi.mixins.json into dev.emi.emi.config.EmiConfig
[12:21:35] [Worker-Main-8/DEBUG] [mixin/]: Mixing GlobalMixin from emi.mixins.json into dev.emi.emi.config.CheatMode
[12:21:35] [Worker-Main-8/DEBUG] [mixin/]: Mixing GlobalMixin from emi.mixins.json into dev.emi.emi.config.ConfigEnum
[12:21:35] [Worker-Main-8/DEBUG] [mixin/]: Mixing GlobalMixin from emi.mixins.json into dev.emi.emi.config.HelpLevel
[12:21:35] [Worker-Main-8/DEBUG] [mixin/]: Mixing GlobalMixin from emi.mixins.json into dev.emi.emi.config.IndexSource
[12:21:35] [Worker-Main-8/DEBUG] [mixin/]: Mixing GlobalMixin from emi.mixins.json into dev.emi.emi.config.SidebarSide
[12:21:35] [Worker-Main-8/DEBUG] [mixin/]: Mixing GlobalMixin from emi.mixins.json into dev.emi.emi.config.RecipeBookAction
[12:21:35] [Worker-Main-8/DEBUG] [mixin/]: Mixing GlobalMixin from emi.mixins.json into dev.emi.emi.config.EffectLocation
[12:21:35] [Worker-Main-8/DEBUG] [mixin/]: Mixing GlobalMixin from emi.mixins.json into dev.emi.emi.config.FluidUnit
[12:21:35] [Worker-Main-8/DEBUG] [mixin/]: Mixing GlobalMixin from emi.mixins.json into dev.emi.emi.config.SidebarType
[12:21:35] [Worker-Main-8/DEBUG] [mixin/]: Mixing GlobalMixin from emi.mixins.json into dev.emi.emi.config.ButtonVisibility
[12:21:35] [Worker-Main-8/DEBUG] [mixin/]: Mixing GlobalMixin from emi.mixins.json into dev.emi.emi.config.SidebarPages
[12:21:35] [Worker-Main-8/DEBUG] [mixin/]: Mixing GlobalMixin from emi.mixins.json into dev.emi.emi.config.SidebarPages$SidebarPage
[12:21:35] [Worker-Main-8/DEBUG] [mixin/]: Mixing GlobalMixin from emi.mixins.json into dev.emi.emi.config.SidebarSettings
[12:21:35] [Worker-Main-8/DEBUG] [mixin/]: Mixing GlobalMixin from emi.mixins.json into dev.emi.emi.config.SidebarSubpanels
[12:21:35] [Worker-Main-8/DEBUG] [mixin/]: Mixing GlobalMixin from emi.mixins.json into dev.emi.emi.config.IntGroup
[12:21:35] [Worker-Main-8/DEBUG] [mixin/]: Mixing GlobalMixin from emi.mixins.json into dev.emi.emi.config.Margins
[12:21:35] [Worker-Main-8/DEBUG] [mixin/]: Mixing GlobalMixin from emi.mixins.json into dev.emi.emi.config.ScreenAlign
[12:21:35] [Worker-Main-8/DEBUG] [mixin/]: Mixing GlobalMixin from emi.mixins.json into dev.emi.emi.config.HeaderType
[12:21:35] [Worker-Main-8/DEBUG] [mixin/]: Mixing GlobalMixin from emi.mixins.json into dev.emi.emi.config.SidebarTheme
[12:21:35] [Worker-Main-8/DEBUG] [mixin/]: Mixing GlobalMixin from emi.mixins.json into dev.emi.emi.config.ScreenAlign$Horizontal
[12:21:35] [Worker-Main-8/DEBUG] [mixin/]: Mixing GlobalMixin from emi.mixins.json into dev.emi.emi.config.ScreenAlign$Vertical
[12:21:35] [Worker-Main-8/DEBUG] [mixin/]: Mixing GlobalMixin from emi.mixins.json into dev.emi.emi.input.EmiBind
[12:21:35] [Worker-Main-8/DEBUG] [mixin/]: Mixing GlobalMixin from emi.mixins.json into dev.emi.emi.input.EmiBind$ModifiedKey
[12:21:35] [Worker-Main-8/DEBUG] [mixin/]: Mixing GlobalMixin from emi.mixins.json into dev.emi.emi.com.unascribed.qdcss.QDCSS
[12:21:35] [Render thread/DEBUG] [ne.ne.fm.DeferredWorkQueue/LOADING]: Dispatching synchronous work for work queue Sided setup: 3 jobs
[12:21:35] [Render thread/DEBUG] [ne.ne.fm.DeferredWorkQueue/LOADING]: Synchronous work queue completed in 15.60 ms
[12:21:37] [Worker-Main-2/WARN] [minecraft/BlockStateModelLoader]: Exception loading blockstate definition: 'vestige:blockstates/temporary_water.json' missing model for variant: 'vestige:temporary_water#level=0'
[12:21:37] [Worker-Main-2/WARN] [minecraft/BlockStateModelLoader]: Exception loading blockstate definition: 'vestige:blockstates/temporary_water.json' missing model for variant: 'vestige:temporary_water#level=1'
[12:21:37] [Worker-Main-2/WARN] [minecraft/BlockStateModelLoader]: Exception loading blockstate definition: 'vestige:blockstates/temporary_water.json' missing model for variant: 'vestige:temporary_water#level=2'
[12:21:37] [Worker-Main-2/WARN] [minecraft/BlockStateModelLoader]: Exception loading blockstate definition: 'vestige:blockstates/temporary_water.json' missing model for variant: 'vestige:temporary_water#level=12'
[12:21:37] [Worker-Main-2/WARN] [minecraft/BlockStateModelLoader]: Exception loading blockstate definition: 'vestige:blockstates/temporary_water.json' missing model for variant: 'vestige:temporary_water#level=13'
[12:21:37] [Worker-Main-2/WARN] [minecraft/BlockStateModelLoader]: Exception loading blockstate definition: 'vestige:blockstates/temporary_water.json' missing model for variant: 'vestige:temporary_water#level=14'
[12:21:37] [Worker-Main-2/WARN] [minecraft/BlockStateModelLoader]: Exception loading blockstate definition: 'vestige:blockstates/temporary_water.json' missing model for variant: 'vestige:temporary_water#level=15'
[12:21:37] [Worker-Main-2/WARN] [minecraft/BlockStateModelLoader]: Exception loading blockstate definition: 'vestige:blockstates/temporary_water.json' missing model for variant: 'vestige:temporary_water#level=7'
[12:21:37] [Worker-Main-2/WARN] [minecraft/BlockStateModelLoader]: Exception loading blockstate definition: 'vestige:blockstates/temporary_water.json' missing model for variant: 'vestige:temporary_water#level=8'
[12:21:37] [Worker-Main-2/WARN] [minecraft/BlockStateModelLoader]: Exception loading blockstate definition: 'vestige:blockstates/temporary_water.json' missing model for variant: 'vestige:temporary_water#level=9'
[12:21:37] [Worker-Main-2/WARN] [minecraft/BlockStateModelLoader]: Exception loading blockstate definition: 'vestige:blockstates/temporary_water.json' missing model for variant: 'vestige:temporary_water#level=10'
[12:21:37] [Worker-Main-2/WARN] [minecraft/BlockStateModelLoader]: Exception loading blockstate definition: 'vestige:blockstates/temporary_water.json' missing model for variant: 'vestige:temporary_water#level=11'
[12:21:37] [Worker-Main-2/WARN] [minecraft/BlockStateModelLoader]: Exception loading blockstate definition: 'vestige:blockstates/temporary_water.json' missing model for variant: 'vestige:temporary_water#level=3'
[12:21:37] [Worker-Main-2/WARN] [minecraft/BlockStateModelLoader]: Exception loading blockstate definition: 'vestige:blockstates/temporary_water.json' missing model for variant: 'vestige:temporary_water#level=4'
[12:21:37] [Worker-Main-2/WARN] [minecraft/BlockStateModelLoader]: Exception loading blockstate definition: 'vestige:blockstates/temporary_water.json' missing model for variant: 'vestige:temporary_water#level=5'
[12:21:37] [Worker-Main-2/WARN] [minecraft/BlockStateModelLoader]: Exception loading blockstate definition: 'vestige:blockstates/temporary_water.json' missing model for variant: 'vestige:temporary_water#level=6'
[12:21:37] [Worker-Main-2/DEBUG] [mixin/]: Mixing GlobalMixin from emi.mixins.json into dev.emi.emi.registry.EmiTags
[12:21:37] [Worker-Main-2/DEBUG] [mixin/]: Mixing GlobalMixin from emi.mixins.json into dev.emi.emi.util.InheritanceMap
[12:21:40] [Render thread/DEBUG] [mixin/]: Mixing GlobalMixin from emi.mixins.json into dev.emi.emi.network.FillRecipeC2SPacket
[12:21:40] [Render thread/DEBUG] [mixin/]: Mixing GlobalMixin from emi.mixins.json into dev.emi.emi.network.CreateItemC2SPacket
[12:21:40] [Render thread/DEBUG] [mixin/]: Mixing GlobalMixin from emi.mixins.json into dev.emi.emi.network.PingS2CPacket
[12:21:40] [Render thread/DEBUG] [mixin/]: Mixing GlobalMixin from emi.mixins.json into dev.emi.emi.network.CommandS2CPacket
[12:21:40] [Render thread/DEBUG] [mixin/]: Mixing GlobalMixin from emi.mixins.json into dev.emi.emi.network.EmiChessPacket$C2S
[12:21:40] [Render thread/DEBUG] [mixin/]: Mixing GlobalMixin from emi.mixins.json into dev.emi.emi.network.EmiChessPacket
[12:21:40] [Render thread/DEBUG] [mixin/]: Mixing GlobalMixin from emi.mixins.json into dev.emi.emi.network.EmiChessPacket$S2C
[12:21:40] [Render thread/WARN] [minecraft/SoundEngine]: Missing sound for event: minecraft:item.goat_horn.play
[12:21:40] [Render thread/WARN] [minecraft/SoundEngine]: Missing sound for event: minecraft:entity.goat.screaming.horn_break
[12:21:40] [Render thread/INFO] [mojang/Library]: OpenAL initialized on device MacBook Air Speakers
[12:21:40] [Render thread/INFO] [minecraft/SoundEngine]: Sound engine started
[12:21:40] [Render thread/INFO] [minecraft/TextureAtlas]: Created: 4096x4096x4 minecraft:textures/atlas/blocks.png-atlas
[12:21:40] [Render thread/INFO] [minecraft/TextureAtlas]: Created: 256x256x4 minecraft:textures/atlas/signs.png-atlas
[12:21:40] [Render thread/INFO] [minecraft/TextureAtlas]: Created: 512x512x4 minecraft:textures/atlas/banner_patterns.png-atlas
[12:21:40] [Render thread/INFO] [minecraft/TextureAtlas]: Created: 512x512x4 minecraft:textures/atlas/shield_patterns.png-atlas
[12:21:40] [Render thread/INFO] [minecraft/TextureAtlas]: Created: 1024x1024x4 minecraft:textures/atlas/armor_trims.png-atlas
[12:21:40] [Render thread/INFO] [minecraft/TextureAtlas]: Created: 128x64x4 minecraft:textures/atlas/decorated_pot.png-atlas
[12:21:40] [Render thread/INFO] [minecraft/TextureAtlas]: Created: 256x256x4 minecraft:textures/atlas/chest.png-atlas
[12:21:40] [Render thread/INFO] [minecraft/TextureAtlas]: Created: 512x256x4 minecraft:textures/atlas/beds.png-atlas
[12:21:40] [Render thread/INFO] [minecraft/TextureAtlas]: Created: 512x256x4 minecraft:textures/atlas/shulker_boxes.png-atlas
[12:21:40] [Render thread/INFO] [minecraft/TextureAtlas]: Created: 512x256x0 minecraft:textures/atlas/particles.png-atlas
[12:21:40] [Render thread/INFO] [minecraft/TextureAtlas]: Created: 512x256x0 minecraft:textures/atlas/paintings.png-atlas
[12:21:40] [Render thread/INFO] [minecraft/TextureAtlas]: Created: 256x128x0 minecraft:textures/atlas/mob_effects.png-atlas
[12:21:40] [Render thread/INFO] [minecraft/TextureAtlas]: Created: 64x64x0 minecraft:textures/atlas/map_decorations.png-atlas
[12:21:40] [Render thread/INFO] [minecraft/TextureAtlas]: Created: 1024x512x0 minecraft:textures/atlas/gui.png-atlas
[12:21:40] [Render thread/WARN] [minecraft/ShaderInstance]: Shader rendertype_entity_translucent_emissive could not find sampler named Sampler2 in the specified shader program.
[12:21:40] [Render thread/DEBUG] [mixin/]: Mixing GlobalMixin from emi.mixins.json into dev.emi.emi.bom.BoM
[12:21:40] [Render thread/INFO] [ne.ne.ne.cl.en.an.js.AnimationLoader/]: Loaded 0 entity animations
[12:21:40] [Render thread/INFO] [minecraft/TextureAtlas]: Created: 256x256x0 jei:textures/atlas/gui.png-atlas
[12:21:40] [Render thread/INFO] [co.qu.ve.ap.re.NativeWandRecipeCapture/]: Wand inspection phase 0, destination /Users/quzzar/Projects/vestige/docs/art/wands-native
[12:21:40] [Render thread/DEBUG] [mixin/]: Mixing GlobalMixin from emi.mixins.json into dev.emi.emi.api.EmiApi
[12:21:40] [Render thread/DEBUG] [mixin/]: Mixing GlobalMixin from emi.mixins.json into dev.emi.emi.screen.RecipeScreen
[12:21:40] [Render thread/DEBUG] [mixin/]: Mixing GlobalMixin from emi.mixins.json into dev.emi.emi.screen.BoMScreen
[12:21:42] [Render thread/DEBUG] [mixin/]: Mixing GlobalMixin from emi.mixins.json into dev.emi.emi.runtime.EmiDrawContext
[12:21:42] [Render thread/INFO] [co.qu.ve.ap.re.NativeWandRecipeCapture/]: Wand inspection phase 1, destination /Users/quzzar/Projects/vestige/docs/art/wands-native
[12:21:42] [Render thread/INFO] [minecraft/MinecraftServer]: Found new data pack mod/kithkyn:packs/replace_villages, loading it automatically
[12:21:42] [Render thread/INFO] [minecraft/MinecraftServer]: Found new data pack mod/kithkyn:packs/replace_pillagers, loading it automatically
[12:21:43] [Worker-Main-1/DEBUG] [mixin/]: Mixing GlobalMixin from emi.mixins.json into dev.emi.emi.registry.EmiCommands
[12:21:43] [Render thread/INFO] [minecraft/RecipeManager]: Loaded 1364 recipes
[12:21:43] [Render thread/INFO] [minecraft/AdvancementTree]: Loaded 1474 advancements
[12:21:43] [Render thread/INFO] [co.qu.ki.Kithkyn/]: Loaded 12 job aptitude profiles
[12:21:43] [Render thread/INFO] [co.qu.ki.Kithkyn/]: Loaded 6 village tiers
[12:21:43] [Render thread/INFO] [co.qu.ki.Kithkyn/]: Loaded 23 village building definitions
[12:21:43] [Render thread/INFO] [co.qu.ki.Kithkyn/]: Loaded 76 item values and 7 tag fallbacks
[12:21:43] [Render thread/DEBUG] [me.je.ne.st.StartEventObserver/]: JEI StartEventObserver received class net.neoforged.neoforge.event.TagsUpdatedEvent too early, ignoring
[12:21:43] [Render thread/DEBUG] [mixin/]: Mixing GlobalMixin from emi.mixins.json into dev.emi.emi.runtime.EmiReloadManager
[12:21:43] [Render thread/DEBUG] [mixin/]: Mixing GlobalMixin from emi.mixins.json into dev.emi.emi.runtime.EmiLog
[12:21:43] [Render thread/INFO] [EMI/]: [EMI] Recipes synchronized, waiting for tags to reload EMI...
[12:21:43] [Render thread/DEBUG] [ne.ne.ne.co.CommonHooks/WP]: Gathered mod list to write to world save Wand viewer inspection
[12:21:43] [Render thread/DEBUG] [mixin/]: Mixing ChatRecipientsMixin from vestige.communication.mixins.json into net.minecraft.server.players.PlayerList
[12:21:43] [Render thread/DEBUG] [mixin/]: Mixing accessor.BrewingRecipeRegistryAccessor from emi.mixins.json into net.minecraft.world.item.alchemy.PotionBrewing
[12:21:43] [Render thread/DEBUG] [mixin/]: emi.mixins.json:accessor.BrewingRecipeRegistryAccessor from mod emi: Class version 65 required is higher than the class version supported by the current version of Mixin (JAVA_17 supports class version 61)
[12:21:43] [Server thread/INFO] [minecraft/IntegratedServer]: Starting integrated minecraft server version 1.21.1
[12:21:43] [Server thread/INFO] [minecraft/MinecraftServer]: Generating keypair
[12:21:43] [Server thread/DEBUG] [ne.ne.fm.co.ConfigTracker/CONFIG]: Loading configs type SERVER
[12:21:43] [Server thread/DEBUG] [ne.ne.fm.co.ConfigTracker/CONFIG]: Loaded TOML config file /Users/quzzar/Projects/vestige/run/wands-both-kith-final/config/jei-server.toml
[12:21:43] [Server thread/DEBUG] [ne.ne.fm.co.ConfigTracker/CONFIG]: Watching TOML config file /Users/quzzar/Projects/vestige/run/wands-both-kith-final/config/jei-server.toml for changes
[12:21:43] [Server thread/DEBUG] [ne.ne.ne.co.NeoForgeConfig/FORGEMOD]: Loaded NeoForge config file neoforge-server.toml
[12:21:43] [Server thread/DEBUG] [ne.ne.fm.co.ConfigTracker/CONFIG]: Loaded TOML config file /Users/quzzar/Projects/vestige/run/wands-both-kith-final/config/neoforge-server.toml
[12:21:43] [Server thread/DEBUG] [ne.ne.fm.co.ConfigTracker/CONFIG]: Watching TOML config file /Users/quzzar/Projects/vestige/run/wands-both-kith-final/config/neoforge-server.toml for changes
[12:21:44] [Server thread/INFO] [minecraft/MinecraftServer]: Preparing start region for dimension minecraft:overworld
[12:21:44] [progressListener/INFO] [minecraft/LoggerChunkProgressListener]: Preparing spawn area: 2%
[12:21:44] [Server thread/INFO] [ne.ne.ne.se.pe.PermissionAPI/]: Successfully initialized permission handler neoforge:default_handler
[12:21:44] [progressListener/INFO] [minecraft/LoggerChunkProgressListener]: Time elapsed: 216 ms
[12:21:44] [Server thread/INFO] [minecraft/IntegratedServer]: Changing view distance to 4, from 10
[12:21:44] [Server thread/INFO] [minecraft/IntegratedServer]: Changing simulation distance to 12, from 0
[12:21:44] [Render thread/DEBUG] [io.ne.ch.MultithreadEventLoopGroup/]: -Dio.netty.eventLoopThreads: 20
[12:21:44] [Render thread/DEBUG] [io.ne.ut.co.GlobalEventExecutor/]: -Dio.netty.globalEventExecutor.quietPeriodSeconds: 1
[12:21:44] [Render thread/DEBUG] [io.ne.ch.ni.NioEventLoop/]: -Dio.netty.noKeySetOptimization: false
[12:21:44] [Render thread/DEBUG] [io.ne.ch.ni.NioEventLoop/]: -Dio.netty.selectorAutoRebuildThreshold: 512
[12:21:44] [Render thread/DEBUG] [io.ne.ut.in.PlatformDependent/]: org.jctools-core.MpscChunkedArrayQueue: available
[12:21:44] [Render thread/DEBUG] [io.ne.ch.DefaultChannelId/]: -Dio.netty.processId: 64971 (auto-detected)
[12:21:44] [Render thread/DEBUG] [io.ne.ut.NetUtil/]: -Djava.net.preferIPv4Stack: false
[12:21:44] [Render thread/DEBUG] [io.ne.ut.NetUtil/]: -Djava.net.preferIPv6Addresses: system
[12:21:44] [Render thread/DEBUG] [io.ne.ut.NetUtilInitializations/]: Loopback interface: lo0 (lo0, 0:0:0:0:0:0:0:1%lo0)
[12:21:44] [Render thread/DEBUG] [io.ne.ut.NetUtil/]: Failed to get SOMAXCONN from sysctl and file /proc/sys/net/core/somaxconn. Default: 128
[12:21:44] [Render thread/DEBUG] [io.ne.ch.DefaultChannelId/]: -Dio.netty.machineId: b6:34:7e:ff:fe:76:e8:11 (auto-detected)
[12:21:44] [Render thread/DEBUG] [io.ne.ut.Recycler/]: -Dio.netty.recycler.maxCapacityPerThread: 4096
[12:21:44] [Render thread/DEBUG] [io.ne.ut.Recycler/]: -Dio.netty.recycler.ratio: 8
[12:21:44] [Render thread/DEBUG] [io.ne.ut.Recycler/]: -Dio.netty.recycler.chunkSize: 32
[12:21:44] [Render thread/DEBUG] [io.ne.ut.Recycler/]: -Dio.netty.recycler.blocking: false
[12:21:44] [Render thread/DEBUG] [io.ne.ut.Recycler/]: -Dio.netty.recycler.batchFastThreadLocalOnly: true
[12:21:44] [pool-13-thread-1/DEBUG] [ne.ne.fm.co.ConfigWatcher/CONFIG]: Config file neoforge-server.toml changed, re-loading
[12:21:44] [pool-13-thread-1/DEBUG] [ne.ne.ne.co.NeoForgeConfig/FORGEMOD]: NeoForge config just got changed on the file system!
[12:21:44] [pool-13-thread-1/DEBUG] [ne.ne.fm.co.ConfigWatcher/CONFIG]: Config file jei-server.toml changed, re-loading
[12:21:44] [Netty Server IO #1/DEBUG] [ne.ne.ne.ne.fi.NetworkFilters/]: Injected net.neoforged.neoforge.network.filters.GenericPacketSplitter@71d524de into net.minecraft.network.Connection@4b3bb711
[12:21:45] [Netty Local Client IO #0/DEBUG] [ne.ne.ne.ne.fi.NetworkFilters/]: Injected net.neoforged.neoforge.network.filters.GenericPacketSplitter@69f1e5db into net.minecraft.network.Connection@25e41839
[12:21:45] [Render thread/DEBUG] [me.je.ne.st.StartEventObserver/]: JEI StartEventObserver received event: class net.neoforged.neoforge.event.TagsUpdatedEvent
[12:21:45] [Render thread/INFO] [EMI/]: [EMI] Recipes synchronized, waiting for tags to reload EMI...
[12:21:45] [Netty Server IO #1/DEBUG] [ne.ne.ne.ne.fi.NetworkFilters/]: Injected net.neoforged.neoforge.network.filters.GenericPacketSplitter@f1c1d2c into net.minecraft.network.Connection@4b3bb711
[12:21:46] [Server thread/INFO] [minecraft/PlayerList]: Dev[local:E:beec4b8d] logged in with entity id 1 at (-7.5, -60.0, -2.5)
[12:21:46] [Render thread/DEBUG] [mixin/]: Mixing GlobalMixin from emi.mixins.json into dev.emi.emi.registry.EmiRecipes
[12:21:46] [Render thread/DEBUG] [mixin/]: Mixing GlobalMixin from emi.mixins.json into dev.emi.emi.api.recipe.EmiRecipeManager
[12:21:46] [Render thread/DEBUG] [mixin/]: Mixing GlobalMixin from emi.mixins.json into dev.emi.emi.registry.EmiRecipes$Manager
[12:21:46] [Render thread/DEBUG] [mixin/]: Mixing GlobalMixin from emi.mixins.json into dev.emi.emi.registry.EmiStackList$ComparisonHashStrategy
[12:21:46] [Render thread/INFO] [co.qu.ve.ap.re.NativeWandRecipeCapture/]: Wand inspection waiting: phase=1, source=0, viewer=0, exact=false, ready=false
[12:21:48] [Server thread/INFO] [minecraft/MinecraftServer]: Dev joined the game
[12:21:48] [Server thread/WARN] [minecraft/MinecraftServer]: Can't keep up! Is the server overloaded? Running 2488ms or 49 ticks behind
[12:21:48] [Render thread/DEBUG] [me.je.ne.st.StartEventObserver/]: JEI StartEventObserver received event: class net.neoforged.neoforge.client.event.RecipesUpdatedEvent
[12:21:48] [Render thread/DEBUG] [me.je.ne.st.StartEventObserver/]: JEI StartEventObserver transitioning state from LISTENING to JEI_STARTED
[12:21:48] [Render thread/INFO] [me.je.co.ut.LoggedTimer/]: Starting JEI...
[12:21:48] [Render thread/INFO] [me.je.li.lo.PluginCaller/]: Registering item subtypes...
[12:21:48] [Render thread/DEBUG] [me.je.li.lo.PluginCallerTimerRunnable/]: Registering item subtypes: jei:minecraft...
[12:21:48] [Render thread/DEBUG] [me.je.li.lo.PluginCallerTimerRunnable/]: Registering item subtypes: emi:jemi...
[12:21:48] [Render thread/DEBUG] [me.je.li.lo.PluginCallerTimerRunnable/]: Registering item subtypes: vestige:ritual_viewer...
[12:21:48] [Render thread/DEBUG] [me.je.li.lo.PluginCallerTimerRunnable/]: Registering item subtypes: jei:neoforge_gui...
[12:21:48] [Render thread/DEBUG] [me.je.li.lo.PluginCallerTimerRunnable/]: Registering item subtypes: jei:debug...
[12:21:48] [Render thread/DEBUG] [me.je.li.lo.PluginCallerTimerRunnable/]: Registering item subtypes: jei:gui...
[12:21:48] [Render thread/DEBUG] [me.je.li.lo.PluginCallerTimerRunnable/]: Registering item subtypes: jei:internal...
[12:21:48] [Render thread/INFO] [me.je.li.lo.PluginCaller/]: Registering item subtypes took 427.6 microseconds
[12:21:48] [Render thread/INFO] [me.je.li.lo.PluginCaller/]: Registering fluid subtypes...
[12:21:48] [Render thread/DEBUG] [me.je.li.lo.PluginCallerTimerRunnable/]: Registering fluid subtypes: jei:minecraft...
[12:21:48] [Render thread/DEBUG] [me.je.li.lo.PluginCallerTimerRunnable/]: Registering fluid subtypes: emi:jemi...
[12:21:48] [Render thread/DEBUG] [me.je.li.lo.PluginCallerTimerRunnable/]: Registering fluid subtypes: vestige:ritual_viewer...
[12:21:48] [Render thread/DEBUG] [me.je.li.lo.PluginCallerTimerRunnable/]: Registering fluid subtypes: jei:neoforge_gui...
[12:21:48] [Render thread/DEBUG] [me.je.li.lo.PluginCallerTimerRunnable/]: Registering fluid subtypes: jei:debug...
[12:21:48] [Render thread/DEBUG] [me.je.li.lo.PluginCallerTimerRunnable/]: Registering fluid subtypes: jei:gui...
[12:21:48] [Render thread/DEBUG] [me.je.li.lo.PluginCallerTimerRunnable/]: Registering fluid subtypes: jei:internal...
[12:21:48] [Render thread/INFO] [me.je.li.lo.PluginCaller/]: Registering fluid subtypes took 840.1 microseconds
[12:21:48] [Render thread/INFO] [me.je.li.lo.PluginCaller/]: Registering ingredients...
[12:21:48] [Render thread/DEBUG] [me.je.li.lo.PluginCallerTimerRunnable/]: Registering ingredients: jei:minecraft...
[12:21:48] [Render thread/DEBUG] [me.je.li.pl.va.in.ItemStackListFactory/]: Added  402/ 402 new items from 'Building Blocks' creative tab's displayItems
[12:21:48] [Render thread/DEBUG] [me.je.li.pl.va.in.ItemStackListFactory/]: Added  198/ 198 new items from 'Colored Blocks' creative tab's displayItems
[12:21:48] [Render thread/DEBUG] [me.je.li.pl.va.in.ItemStackListFactory/]: Added  201/ 226 new items from 'Natural Blocks' creative tab's displayItems
[12:21:48] [Render thread/DEBUG] [me.je.li.pl.va.in.ItemStackListFactory/]: Added  200/ 333 new items from 'Functional Blocks' creative tab's displayItems
[12:21:48] [Render thread/WARN] [me.je.li.pl.va.in.ItemStackListFactory/]: 46 duplicate items were found in 'Functional Blocks' creative tab's: displayItems
This may indicate that these types of item need a subtype interpreter added to JEI:
[minecraft:painting]
[12:21:48] [Render thread/DEBUG] [me.je.li.pl.va.in.ItemStackListFactory/]: Added   29/  68 new items from 'Redstone Blocks' creative tab's displayItems
[12:21:48] [Render thread/DEBUG] [me.je.li.pl.va.in.ItemStackListFactory/]: Skipping creative tab: 'Saved Hotbars' because it is type: HOTBAR
[12:21:48] [Render thread/DEBUG] [me.je.li.pl.va.in.ItemStackListFactory/]: Skipping creative tab: 'Search Items' because it is type: SEARCH
[12:21:48] [Render thread/DEBUG] [me.je.li.pl.va.in.ItemStackListFactory/]: Added   92/ 113 new items from 'Tools & Utilities' creative tab's displayItems
[12:21:48] [Render thread/WARN] [me.je.li.pl.va.in.ItemStackListFactory/]: 9 duplicate items were found in 'Tools & Utilities' creative tab's: displayItems
This may indicate that these types of item need a subtype interpreter added to JEI:
[minecraft:firework_rocket, minecraft:goat_horn]
[12:21:48] [Render thread/DEBUG] [me.je.li.pl.va.in.ItemStackListFactory/]: Added   47/ 104 new items from 'Combat' creative tab's displayItems
[12:21:48] [Render thread/WARN] [me.je.li.pl.va.in.ItemStackListFactory/]: 45 duplicate items were found in 'Combat' creative tab's: displayItems
This may indicate that these types of item need a subtype interpreter added to JEI:
[minecraft:tipped_arrow]
[12:21:48] [Worker-Main-8/DEBUG] [mixin/]: Mixing GlobalMixin from emi.mixins.json into dev.emi.emi.search.EmiSearch
[12:21:48] [Render thread/DEBUG] [me.je.li.pl.va.in.ItemStackListFactory/]: Added   43/ 193 new items from 'Food & Drinks' creative tab's displayItems
[12:21:48] [Render thread/WARN] [me.je.li.pl.va.in.ItemStackListFactory/]: 147 duplicate items were found in 'Food & Drinks' creative tab's: displayItems
This may indicate that these types of item need a subtype interpreter added to JEI:
[minecraft:ominous_bottle, minecraft:lingering_potion, minecraft:potion, minecraft:splash_potion, minecraft:suspicious_stew]
[12:21:48] [Worker-Main-8/DEBUG] [mixin/]: Mixing GlobalMixin from emi.mixins.json into dev.emi.emi.registry.EmiStackList
[12:21:48] [Worker-Main-8/DEBUG] [mixin/]: Mixing GlobalMixin from emi.mixins.json into dev.emi.emi.registry.EmiStackList$StrictHashStrategy
[12:21:48] [Worker-Main-8/DEBUG] [mixin/]: Mixing GlobalMixin from emi.mixins.json into dev.emi.emi.EmiUtil
[12:21:48] [Worker-Main-8/DEBUG] [mixin/]: Mixing GlobalMixin from emi.mixins.json into dev.emi.emi.EmiUtil$1
[12:21:48] [Render thread/DEBUG] [me.je.li.pl.va.in.ItemStackListFactory/]: Added  143/ 500 new items from 'Ingredients' creative tab's displayItems
[12:21:48] [Render thread/WARN] [me.je.li.pl.va.in.ItemStackListFactory/]: 343 duplicate items were found in 'Ingredients' creative tab's: displayItems
This may indicate that these types of item need a subtype interpreter added to JEI:
[vestige:staff, vestige:scroll_fragment, minecraft:enchanted_book, vestige:spell_scroll]
[12:21:48] [Render thread/DEBUG] [me.je.li.pl.va.in.ItemStackListFactory/]: Added    0/ 583 new items from 'Ingredients' creative tab's searchTabDisplayItems
[12:21:48] [Render thread/DEBUG] [me.je.li.pl.va.in.ItemStackListFactory/]: Added   81/  81 new items from 'Spawn Eggs' creative tab's displayItems
[12:21:48] [Render thread/DEBUG] [me.je.li.pl.va.in.ItemStackListFactory/]: Item Group has no display items and no search tab display items. Items from this group will be missing from the JEI ingredient list. Operator Utilities
[12:21:48] [Render thread/DEBUG] [me.je.li.pl.va.in.ItemStackListFactory/]: Skipping creative tab: 'Survival Inventory' because it is type: INVENTORY
[12:21:48] [Render thread/INFO] [me.je.li.lo.PluginCallerTimerRunnable/]: Registering ingredients: jei:minecraft took 87.57 milliseconds
[12:21:48] [Render thread/DEBUG] [me.je.li.lo.PluginCallerTimerRunnable/]: Registering ingredients: emi:jemi...
[12:21:48] [Render thread/DEBUG] [me.je.li.lo.PluginCallerTimerRunnable/]: Registering ingredients: vestige:ritual_viewer...
[12:21:48] [Render thread/DEBUG] [me.je.li.lo.PluginCallerTimerRunnable/]: Registering ingredients: jei:neoforge_gui...
[12:21:48] [Render thread/DEBUG] [me.je.li.lo.PluginCallerTimerRunnable/]: Registering ingredients: jei:debug...
[12:21:48] [Render thread/DEBUG] [me.je.li.lo.PluginCallerTimerRunnable/]: Registering ingredients: jei:gui...
[12:21:48] [Render thread/DEBUG] [me.je.li.lo.PluginCallerTimerRunnable/]: Registering ingredients: jei:internal...
[12:21:48] [Render thread/INFO] [me.je.li.lo.PluginCaller/]: Registering ingredients took 88.17 milliseconds
[12:21:48] [Render thread/INFO] [me.je.li.lo.PluginCaller/]: Registering extra ingredients...
[12:21:48] [Render thread/DEBUG] [me.je.li.lo.PluginCallerTimerRunnable/]: Registering extra ingredients: jei:minecraft...
[12:21:48] [Render thread/DEBUG] [me.je.li.lo.PluginCallerTimerRunnable/]: Registering extra ingredients: emi:jemi...
[12:21:48] [Render thread/DEBUG] [me.je.li.lo.PluginCallerTimerRunnable/]: Registering extra ingredients: vestige:ritual_viewer...
[12:21:48] [Render thread/DEBUG] [me.je.li.lo.PluginCallerTimerRunnable/]: Registering extra ingredients: jei:neoforge_gui...
[12:21:48] [Render thread/DEBUG] [me.je.li.lo.PluginCallerTimerRunnable/]: Registering extra ingredients: jei:debug...
[12:21:48] [Render thread/DEBUG] [me.je.li.lo.PluginCallerTimerRunnable/]: Registering extra ingredients: jei:gui...
[12:21:48] [Render thread/DEBUG] [me.je.li.lo.PluginCallerTimerRunnable/]: Registering extra ingredients: jei:internal...
[12:21:48] [Render thread/INFO] [me.je.li.lo.PluginCaller/]: Registering extra ingredients took 380.5 microseconds
[12:21:48] [Render thread/INFO] [me.je.li.lo.PluginCaller/]: Registering search ingredient aliases...
[12:21:48] [Render thread/DEBUG] [me.je.li.lo.PluginCallerTimerRunnable/]: Registering search ingredient aliases: jei:minecraft...
[12:21:48] [Render thread/DEBUG] [me.je.li.lo.PluginCallerTimerRunnable/]: Registering search ingredient aliases: emi:jemi...
[12:21:48] [Render thread/DEBUG] [me.je.li.lo.PluginCallerTimerRunnable/]: Registering search ingredient aliases: vestige:ritual_viewer...
[12:21:48] [Render thread/DEBUG] [me.je.li.lo.PluginCallerTimerRunnable/]: Registering search ingredient aliases: jei:neoforge_gui...
[12:21:48] [Render thread/DEBUG] [me.je.li.lo.PluginCallerTimerRunnable/]: Registering search ingredient aliases: jei:debug...
[12:21:48] [Render thread/DEBUG] [me.je.li.lo.PluginCallerTimerRunnable/]: Registering search ingredient aliases: jei:gui...
[12:21:48] [Render thread/DEBUG] [me.je.li.lo.PluginCallerTimerRunnable/]: Registering search ingredient aliases: jei:internal...
[12:21:48] [Render thread/INFO] [me.je.li.lo.PluginCaller/]: Registering search ingredient aliases took 465.0 microseconds
[12:21:48] [Render thread/DEBUG] [me.je.li.co.EditModeConfig/]: Saved blacklist config to file: /Users/quzzar/Projects/vestige/run/wands-both-kith-final/config/jei/blacklist.json
[12:21:48] [Render thread/INFO] [me.je.li.lo.PluginCaller/]: Registering Mod Info...
[12:21:48] [Render thread/DEBUG] [me.je.li.lo.PluginCallerTimerRunnable/]: Registering Mod Info: jei:minecraft...
[12:21:48] [Render thread/DEBUG] [me.je.li.lo.PluginCallerTimerRunnable/]: Registering Mod Info: emi:jemi...
[12:21:48] [Render thread/DEBUG] [me.je.li.lo.PluginCallerTimerRunnable/]: Registering Mod Info: vestige:ritual_viewer...
[12:21:48] [Render thread/DEBUG] [me.je.li.lo.PluginCallerTimerRunnable/]: Registering Mod Info: jei:neoforge_gui...
[12:21:48] [Render thread/DEBUG] [me.je.li.lo.PluginCallerTimerRunnable/]: Registering Mod Info: jei:debug...
[12:21:48] [Render thread/DEBUG] [me.je.li.lo.PluginCallerTimerRunnable/]: Registering Mod Info: jei:gui...
[12:21:48] [Render thread/DEBUG] [me.je.li.lo.PluginCallerTimerRunnable/]: Registering Mod Info: jei:internal...
[12:21:48] [Render thread/INFO] [me.je.li.lo.PluginCaller/]: Registering Mod Info took 459.0 microseconds
[12:21:48] [Render thread/INFO] [me.je.li.lo.PluginCaller/]: Registering categories...
[12:21:48] [Render thread/DEBUG] [me.je.li.lo.PluginCallerTimerRunnable/]: Registering categories: jei:minecraft...
[12:21:48] [Render thread/DEBUG] [me.je.li.lo.PluginCallerTimerRunnable/]: Registering categories: emi:jemi...
[12:21:48] [Render thread/DEBUG] [me.je.li.lo.PluginCallerTimerRunnable/]: Registering categories: vestige:ritual_viewer...
[12:21:48] [Render thread/DEBUG] [me.je.li.lo.PluginCallerTimerRunnable/]: Registering categories: jei:neoforge_gui...
[12:21:48] [Render thread/DEBUG] [me.je.li.lo.PluginCallerTimerRunnable/]: Registering categories: jei:debug...
[12:21:48] [Render thread/DEBUG] [me.je.li.lo.PluginCallerTimerRunnable/]: Registering categories: jei:gui...
[12:21:48] [Render thread/DEBUG] [me.je.li.lo.PluginCallerTimerRunnable/]: Registering categories: jei:internal...
[12:21:48] [Render thread/INFO] [me.je.li.lo.PluginCaller/]: Registering categories took 9.890 milliseconds
[12:21:48] [Render thread/INFO] [me.je.li.lo.PluginCaller/]: Registering vanilla category extensions...
[12:21:48] [Render thread/DEBUG] [me.je.li.lo.PluginCallerTimerRunnable/]: Registering vanilla category extensions: jei:minecraft...
[12:21:48] [Render thread/DEBUG] [me.je.li.lo.PluginCallerTimerRunnable/]: Registering vanilla category extensions: emi:jemi...
[12:21:48] [Render thread/DEBUG] [me.je.li.lo.PluginCallerTimerRunnable/]: Registering vanilla category extensions: vestige:ritual_viewer...
[12:21:48] [Render thread/DEBUG] [me.je.li.lo.PluginCallerTimerRunnable/]: Registering vanilla category extensions: jei:neoforge_gui...
[12:21:48] [Render thread/DEBUG] [me.je.li.lo.PluginCallerTimerRunnable/]: Registering vanilla category extensions: jei:debug...
[12:21:48] [Render thread/DEBUG] [me.je.li.lo.PluginCallerTimerRunnable/]: Registering vanilla category extensions: jei:gui...
[12:21:48] [Render thread/DEBUG] [me.je.li.lo.PluginCallerTimerRunnable/]: Registering vanilla category extensions: jei:internal...
[12:21:48] [Render thread/INFO] [me.je.li.lo.PluginCaller/]: Registering vanilla category extensions took 1.298 milliseconds
[12:21:48] [Render thread/INFO] [me.je.li.lo.PluginCaller/]: Registering recipe catalysts...
[12:21:48] [Render thread/DEBUG] [me.je.li.lo.PluginCallerTimerRunnable/]: Registering recipe catalysts: jei:minecraft...
[12:21:48] [Render thread/DEBUG] [me.je.li.lo.PluginCallerTimerRunnable/]: Registering recipe catalysts: emi:jemi...
[12:21:48] [Render thread/DEBUG] [me.je.li.lo.PluginCallerTimerRunnable/]: Registering recipe catalysts: vestige:ritual_viewer...
[12:21:48] [Render thread/DEBUG] [me.je.li.lo.PluginCallerTimerRunnable/]: Registering recipe catalysts: jei:neoforge_gui...
[12:21:48] [Render thread/DEBUG] [me.je.li.lo.PluginCallerTimerRunnable/]: Registering recipe catalysts: jei:debug...
[12:21:48] [Render thread/DEBUG] [me.je.li.lo.PluginCallerTimerRunnable/]: Registering recipe catalysts: jei:gui...
[12:21:48] [Render thread/DEBUG] [me.je.li.lo.PluginCallerTimerRunnable/]: Registering recipe catalysts: jei:internal...
[12:21:48] [Render thread/INFO] [me.je.li.lo.PluginCaller/]: Registering recipe catalysts took 411.9 microseconds
[12:21:48] [Render thread/INFO] [me.je.co.ut.LoggedTimer/]: Building recipe registry...
[12:21:48] [Render thread/INFO] [me.je.co.ut.LoggedTimer/]: Building recipe registry took 4.816 milliseconds
[12:21:48] [Render thread/INFO] [me.je.li.lo.PluginCaller/]: Registering advanced plugins...
[12:21:48] [Render thread/DEBUG] [me.je.li.lo.PluginCallerTimerRunnable/]: Registering advanced plugins: jei:minecraft...
[12:21:48] [Render thread/DEBUG] [me.je.li.lo.PluginCallerTimerRunnable/]: Registering advanced plugins: emi:jemi...
[12:21:48] [Render thread/DEBUG] [me.je.li.lo.PluginCallerTimerRunnable/]: Registering advanced plugins: vestige:ritual_viewer...
[12:21:48] [Render thread/DEBUG] [me.je.li.lo.PluginCallerTimerRunnable/]: Registering advanced plugins: jei:neoforge_gui...
[12:21:48] [Render thread/DEBUG] [me.je.li.lo.PluginCallerTimerRunnable/]: Registering advanced plugins: jei:debug...
[12:21:48] [Render thread/DEBUG] [me.je.li.lo.PluginCallerTimerRunnable/]: Registering advanced plugins: jei:gui...
[12:21:48] [Render thread/DEBUG] [me.je.li.lo.PluginCallerTimerRunnable/]: Registering advanced plugins: jei:internal...
[12:21:48] [Render thread/INFO] [me.je.li.lo.PluginCaller/]: Registering advanced plugins took 397.0 microseconds
[12:21:48] [Render thread/INFO] [me.je.li.lo.PluginCaller/]: Registering recipes...
[12:21:48] [Render thread/DEBUG] [me.je.li.lo.PluginCallerTimerRunnable/]: Registering recipes: jei:minecraft...
[12:21:48] [Render thread/DEBUG] [me.je.li.lo.PluginCallerTimerRunnable/]: Registering recipes: emi:jemi...
[12:21:48] [Render thread/DEBUG] [me.je.li.lo.PluginCallerTimerRunnable/]: Registering recipes: vestige:ritual_viewer...
[12:21:48] [Render thread/DEBUG] [me.je.li.lo.PluginCallerTimerRunnable/]: Registering recipes: jei:neoforge_gui...
[12:21:48] [Render thread/DEBUG] [me.je.li.lo.PluginCallerTimerRunnable/]: Registering recipes: jei:debug...
[12:21:48] [Render thread/DEBUG] [me.je.li.lo.PluginCallerTimerRunnable/]: Registering recipes: jei:gui...
[12:21:48] [Render thread/DEBUG] [me.je.li.lo.PluginCallerTimerRunnable/]: Registering recipes: jei:internal...
[12:21:48] [Render thread/DEBUG] [me.je.li.pl.je.ta.TagInfoRecipeMaker/]: No valid ingredients found for minecraft:item tag: Ropes (c:ropes)
[12:21:48] [Render thread/DEBUG] [me.je.li.pl.je.ta.TagInfoRecipeMaker/]: No valid ingredients found for minecraft:item tag: Candies (c:foods/candy)
[12:21:48] [Render thread/DEBUG] [me.je.li.re.RecipeManagerInternal/]: Adding recipes: RecipeType[uid=minecraft:tag_recipes/item, recipeClass=interface mezz.jei.library.plugins.jei.tags.ITagInfoRecipe]
[12:21:48] [Render thread/DEBUG] [me.je.li.pl.je.ta.TagInfoRecipeMaker/]: No valid ingredients found for minecraft:fluid tag: Gaseous (c:gaseous)
[12:21:48] [Render thread/DEBUG] [me.je.li.pl.je.ta.TagInfoRecipeMaker/]: No valid ingredients found for minecraft:fluid tag: Beetroot Soup (c:beetroot_soup)
[12:21:48] [Render thread/DEBUG] [me.je.li.pl.je.ta.TagInfoRecipeMaker/]: No valid ingredients found for minecraft:fluid tag: Experience (c:experience)
[12:21:48] [Render thread/DEBUG] [me.je.li.pl.je.ta.TagInfoRecipeMaker/]: No valid ingredients found for minecraft:fluid tag: Rabbit Stew (c:rabbit_stew)
[12:21:48] [Render thread/DEBUG] [me.je.li.pl.je.ta.TagInfoRecipeMaker/]: No valid ingredients found for minecraft:fluid tag: Honey (c:honey)
[12:21:48] [Render thread/DEBUG] [me.je.li.pl.je.ta.TagInfoRecipeMaker/]: No valid ingredients found for minecraft:fluid tag: Suspicious Stew (c:suspicious_stew)
[12:21:48] [Render thread/DEBUG] [me.je.li.pl.je.ta.TagInfoRecipeMaker/]: No valid ingredients found for minecraft:fluid tag: Milk (c:milk)
[12:21:48] [Render thread/DEBUG] [me.je.li.pl.je.ta.TagInfoRecipeMaker/]: No valid ingredients found for minecraft:fluid tag: Mushroom Stew (c:mushroom_stew)
[12:21:48] [Render thread/DEBUG] [me.je.li.pl.je.ta.TagInfoRecipeMaker/]: No valid ingredients found for minecraft:fluid tag: Potion (c:potion)
[12:21:48] [Render thread/DEBUG] [me.je.li.re.RecipeManagerInternal/]: Adding recipes: RecipeType[uid=minecraft:tag_recipes/fluid, recipeClass=interface mezz.jei.library.plugins.jei.tags.ITagInfoRecipe]
[12:21:48] [Render thread/DEBUG] [me.je.li.pl.je.ta.TagInfoRecipeMaker/]: No valid ingredients found for minecraft:block tag: Relocation Not Supported (c:relocation_not_supported)
[12:21:48] [Render thread/DEBUG] [me.je.li.pl.je.ta.TagInfoRecipeMaker/]: No valid ingredients found for minecraft:block tag: Ropes (c:ropes)
[12:21:48] [Render thread/DEBUG] [me.je.li.pl.je.ta.TagInfoRecipeMaker/]: No valid ingredients found for minecraft:block tag: #minecraft:air (minecraft:air)
[12:21:48] [Render thread/DEBUG] [me.je.li.pl.je.ta.TagInfoRecipeMaker/]: No valid ingredients found for minecraft:block tag: #minecraft:portals (minecraft:portals)
[12:21:48] [Render thread/DEBUG] [me.je.li.pl.je.ta.TagInfoRecipeMaker/]: No valid ingredients found for minecraft:block tag: #minecraft:incorrect_for_netherite_tool (minecraft:incorrect_for_netherite_tool)
[12:21:48] [Render thread/DEBUG] [me.je.li.pl.je.ta.TagInfoRecipeMaker/]: No valid ingredients found for minecraft:block tag: #minecraft:invalid_spawn_inside (minecraft:invalid_spawn_inside)
[12:21:48] [Render thread/DEBUG] [me.je.li.pl.je.ta.TagInfoRecipeMaker/]: No valid ingredients found for minecraft:block tag: #minecraft:candle_cakes (minecraft:candle_cakes)
[12:21:48] [Render thread/DEBUG] [me.je.li.pl.je.ta.TagInfoRecipeMaker/]: No valid ingredients found for minecraft:block tag: #minecraft:strider_warm_blocks (minecraft:strider_warm_blocks)
[12:21:48] [Render thread/DEBUG] [me.je.li.pl.je.ta.TagInfoRecipeMaker/]: No valid ingredients found for minecraft:block tag: #minecraft:incorrect_for_diamond_tool (minecraft:incorrect_for_diamond_tool)
[12:21:48] [Render thread/DEBUG] [me.je.li.pl.je.ta.TagInfoRecipeMaker/]: No valid ingredients found for minecraft:block tag: #minecraft:fire (minecraft:fire)
[12:21:48] [Render thread/DEBUG] [me.je.li.pl.je.ta.TagInfoRecipeMaker/]: No valid ingredients found for minecraft:block tag: Enderman Place On Blacklist (neoforge:enderman_place_on_blacklist)
[12:21:48] [Render thread/DEBUG] [me.je.li.re.RecipeManagerInternal/]: Adding recipes: RecipeType[uid=minecraft:tag_recipes/block, recipeClass=interface mezz.jei.library.plugins.jei.tags.ITagInfoRecipe]
[12:21:48] [Render thread/INFO] [me.je.li.lo.PluginCallerTimerRunnable/]: Registering recipes: jei:internal took 77.67 milliseconds
[12:21:48] [Render thread/INFO] [me.je.li.lo.PluginCaller/]: Registering recipes took 78.37 milliseconds
[12:21:48] [Render thread/INFO] [me.je.li.lo.PluginCaller/]: Registering recipes transfer handlers...
[12:21:48] [Render thread/DEBUG] [me.je.li.lo.PluginCallerTimerRunnable/]: Registering recipes transfer handlers: jei:minecraft...
[12:21:48] [Render thread/DEBUG] [me.je.li.lo.PluginCallerTimerRunnable/]: Registering recipes transfer handlers: emi:jemi...
[12:21:48] [Render thread/DEBUG] [me.je.li.lo.PluginCallerTimerRunnable/]: Registering recipes transfer handlers: vestige:ritual_viewer...
[12:21:48] [Render thread/DEBUG] [me.je.li.lo.PluginCallerTimerRunnable/]: Registering recipes transfer handlers: jei:neoforge_gui...
[12:21:48] [Render thread/DEBUG] [me.je.li.lo.PluginCallerTimerRunnable/]: Registering recipes transfer handlers: jei:debug...
[12:21:48] [Render thread/DEBUG] [me.je.li.lo.PluginCallerTimerRunnable/]: Registering recipes transfer handlers: jei:gui...
[12:21:48] [Render thread/DEBUG] [me.je.li.lo.PluginCallerTimerRunnable/]: Registering recipes transfer handlers: jei:internal...
[12:21:48] [Render thread/INFO] [me.je.li.lo.PluginCaller/]: Registering recipes transfer handlers took 531.4 microseconds
[12:21:48] [Render thread/INFO] [me.je.co.ut.LoggedTimer/]: Building runtime...
[12:21:48] [Render thread/INFO] [me.je.li.lo.PluginCaller/]: Registering gui handlers...
[12:21:48] [Render thread/DEBUG] [me.je.li.lo.PluginCallerTimerRunnable/]: Registering gui handlers: jei:minecraft...
[12:21:48] [Render thread/DEBUG] [me.je.li.lo.PluginCallerTimerRunnable/]: Registering gui handlers: emi:jemi...
[12:21:48] [Render thread/DEBUG] [me.je.li.lo.PluginCallerTimerRunnable/]: Registering gui handlers: vestige:ritual_viewer...
[12:21:48] [Render thread/DEBUG] [me.je.li.lo.PluginCallerTimerRunnable/]: Registering gui handlers: jei:neoforge_gui...
[12:21:48] [Render thread/DEBUG] [me.je.li.lo.PluginCallerTimerRunnable/]: Registering gui handlers: jei:debug...
[12:21:48] [Render thread/DEBUG] [me.je.li.lo.PluginCallerTimerRunnable/]: Registering gui handlers: jei:gui...
[12:21:48] [Render thread/DEBUG] [me.je.li.lo.PluginCallerTimerRunnable/]: Registering gui handlers: jei:internal...
[12:21:48] [Render thread/INFO] [me.je.li.lo.PluginCaller/]: Registering gui handlers took 462.9 microseconds
[12:21:48] [Render thread/INFO] [me.je.li.lo.PluginCaller/]: Registering Runtime...
[12:21:48] [Render thread/DEBUG] [me.je.li.lo.PluginCallerTimerRunnable/]: Registering Runtime: jei:minecraft...
[12:21:48] [Render thread/DEBUG] [me.je.li.lo.PluginCallerTimerRunnable/]: Registering Runtime: emi:jemi...
[12:21:48] [Render thread/DEBUG] [mixin/]: Mixing GlobalMixin from emi.mixins.json into dev.emi.emi.jemi.runtime.JemiIngredientListOverlay
[12:21:48] [Render thread/DEBUG] [mixin/]: Mixing GlobalMixin from emi.mixins.json into dev.emi.emi.jemi.runtime.JemiBookmarkOverlay
[12:21:48] [Render thread/DEBUG] [mixin/]: Mixing GlobalMixin from emi.mixins.json into dev.emi.emi.jemi.runtime.JemiRecipesGui
[12:21:48] [Render thread/DEBUG] [mixin/]: Mixing GlobalMixin from emi.mixins.json into dev.emi.emi.jemi.runtime.JemiIngredientFilter
[12:21:48] [Render thread/DEBUG] [me.je.li.lo.PluginCallerTimerRunnable/]: Registering Runtime: vestige:ritual_viewer...
[12:21:48] [Render thread/DEBUG] [me.je.li.lo.PluginCallerTimerRunnable/]: Registering Runtime: jei:neoforge_gui...
[12:21:48] [Render thread/DEBUG] [me.je.li.lo.PluginCallerTimerRunnable/]: Registering Runtime: jei:debug...
[12:21:48] [Render thread/DEBUG] [me.je.li.lo.PluginCallerTimerRunnable/]: Registering Runtime: jei:gui...
[12:21:48] [Render thread/DEBUG] [me.je.li.lo.PluginCallerTimerRunnable/]: Registering Runtime: jei:internal...
[12:21:48] [Render thread/INFO] [me.je.li.lo.PluginCaller/]: Registering Runtime took 2.959 milliseconds
[12:21:48] [Render thread/INFO] [me.je.co.ut.LoggedTimer/]: Building runtime took 8.612 milliseconds
[12:21:48] [Render thread/INFO] [me.je.li.lo.PluginCaller/]: Sending Runtime...
[12:21:48] [Render thread/DEBUG] [me.je.li.lo.PluginCallerTimerRunnable/]: Sending Runtime: jei:minecraft...
[12:21:48] [Render thread/DEBUG] [me.je.li.lo.PluginCallerTimerRunnable/]: Sending Runtime: emi:jemi...
[12:21:48] [Render thread/DEBUG] [me.je.li.lo.PluginCallerTimerRunnable/]: Sending Runtime: vestige:ritual_viewer...
[12:21:48] [Render thread/DEBUG] [me.je.li.lo.PluginCallerTimerRunnable/]: Sending Runtime: jei:neoforge_gui...
[12:21:48] [Render thread/DEBUG] [me.je.li.lo.PluginCallerTimerRunnable/]: Sending Runtime: jei:debug...
[12:21:48] [Render thread/DEBUG] [me.je.li.lo.PluginCallerTimerRunnable/]: Sending Runtime: jei:gui...
[12:21:48] [Render thread/DEBUG] [me.je.li.lo.PluginCallerTimerRunnable/]: Sending Runtime: jei:internal...
[12:21:48] [Render thread/INFO] [me.je.li.lo.PluginCaller/]: Sending Runtime took 400.7 microseconds
[12:21:48] [Render thread/INFO] [me.je.co.ut.LoggedTimer/]: Starting JEI took 233.7 milliseconds
[12:21:48] [Render thread/INFO] [EMI/]: [EMI] Tags synchronized, reloading EMI
[12:21:48] [Render thread/INFO] [EMI/]: [EMI] Starting Reload
[12:21:48] [Render thread/DEBUG] [mixin/]: Mixing GlobalMixin from emi.mixins.json into dev.emi.emi.runtime.EmiReloadManager$ReloadWorker
[12:21:48] [Render thread/DEBUG] [mixin/]: Mixing GlobalMixin from emi.mixins.json into dev.emi.emi.api.EmiInitRegistry
[12:21:48] [Render thread/DEBUG] [mixin/]: Mixing GlobalMixin from emi.mixins.json into dev.emi.emi.api.EmiRegistry
[12:21:48] [Thread-17/INFO] [EMI/]: [EMI] Starting EMI reload...
[12:21:48] [Thread-17/INFO] [EMI/]: [EMI] Clearing data
[12:21:48] [Thread-17/DEBUG] [mixin/]: Mixing GlobalMixin from emi.mixins.json into dev.emi.emi.registry.EmiIngredientSerializers
[12:21:48] [Thread-17/DEBUG] [mixin/]: Mixing GlobalMixin from emi.mixins.json into dev.emi.emi.registry.EmiExclusionAreas
[12:21:48] [Thread-17/DEBUG] [mixin/]: Mixing GlobalMixin from emi.mixins.json into dev.emi.emi.registry.EmiDragDropHandlers
[12:21:48] [Thread-17/DEBUG] [mixin/]: Mixing GlobalMixin from emi.mixins.json into dev.emi.emi.registry.EmiStackProviders
[12:21:48] [Thread-17/DEBUG] [mixin/]: Mixing GlobalMixin from emi.mixins.json into dev.emi.emi.registry.EmiRecipeFiller
[12:21:48] [Thread-17/DEBUG] [mixin/]: Mixing GlobalMixin from emi.mixins.json into dev.emi.emi.api.recipe.handler.EmiRecipeHandler
[12:21:48] [Render thread/INFO] [minecraft/AdvancementTree]: Loaded 2 advancements
[12:21:48] [Thread-17/DEBUG] [mixin/]: Mixing GlobalMixin from emi.mixins.json into dev.emi.emi.runtime.EmiHidden
[12:21:48] [Thread-17/DEBUG] [mixin/]: Mixing GlobalMixin from emi.mixins.json into dev.emi.emi.screen.EmiScreenBase
[12:21:48] [Thread-17/DEBUG] [mixin/]: Mixing GlobalMixin from emi.mixins.json into dev.emi.emi.api.widget.Bounds
[12:21:48] [Thread-17/DEBUG] [mixin/]: Mixing GlobalMixin from emi.mixins.json into dev.emi.emi.VanillaPlugin
[12:21:48] [Thread-17/DEBUG] [mixin/]: Mixing GlobalMixin from emi.mixins.json into dev.emi.emi.api.widget.SlotWidget
[12:21:48] [Thread-17/DEBUG] [mixin/]: Mixing GlobalMixin from emi.mixins.json into dev.emi.emi.api.widget.Widget
[12:21:48] [Thread-17/DEBUG] [mixin/]: Mixing GlobalMixin from emi.mixins.json into dev.emi.emi.api.widget.GeneratedSlotWidget
[12:21:48] [Thread-17/DEBUG] [mixin/]: Mixing GlobalMixin from emi.mixins.json into dev.emi.emi.api.stack.EmptyEmiStack
[12:21:48] [Thread-17/DEBUG] [mixin/]: Mixing GlobalMixin from emi.mixins.json into dev.emi.emi.api.stack.ItemEmiStack
[12:21:48] [Thread-17/DEBUG] [mixin/]: Mixing GlobalMixin from emi.mixins.json into dev.emi.emi.screen.StackBatcher$Batchable
[12:21:48] [Thread-17/DEBUG] [mixin/]: Mixing GlobalMixin from emi.mixins.json into dev.emi.emi.api.stack.FluidEmiStack
[12:21:48] [Thread-17/DEBUG] [mixin/]: Mixing GlobalMixin from emi.mixins.json into dev.emi.emi.api.stack.Comparison
[12:21:48] [Thread-17/DEBUG] [mixin/]: Mixing GlobalMixin from emi.mixins.json into dev.emi.emi.api.stack.Comparison$Predicate
[12:21:48] [Thread-17/DEBUG] [mixin/]: Mixing GlobalMixin from emi.mixins.json into dev.emi.emi.api.stack.Comparison$HashFunction
[12:21:48] [Thread-17/DEBUG] [mixin/]: Mixing GlobalMixin from emi.mixins.json into dev.emi.emi.api.recipe.EmiRecipeSorting
[12:21:48] [Thread-17/DEBUG] [mixin/]: Mixing GlobalMixin from emi.mixins.json into dev.emi.emi.api.recipe.VanillaEmiRecipeCategories
[12:21:48] [Thread-17/DEBUG] [mixin/]: Mixing GlobalMixin from emi.mixins.json into dev.emi.emi.registry.EmiPluginContainer
[12:21:48] [Thread-17/DEBUG] [mixin/]: Mixing GlobalMixin from emi.mixins.json into dev.emi.emi.registry.EmiInitRegistryImpl
[12:21:48] [Thread-17/INFO] [EMI/]: [EMI] Initializing plugin from emi
[12:21:48] [Thread-17/DEBUG] [mixin/]: Mixing GlobalMixin from emi.mixins.json into dev.emi.emi.stack.serializer.ItemEmiStackSerializer
[12:21:48] [Thread-17/DEBUG] [mixin/]: Mixing GlobalMixin from emi.mixins.json into dev.emi.emi.api.stack.serializer.EmiStackSerializer
[12:21:48] [Thread-17/DEBUG] [mixin/]: Mixing GlobalMixin from emi.mixins.json into dev.emi.emi.stack.serializer.FluidEmiStackSerializer
[12:21:48] [Thread-17/DEBUG] [mixin/]: Mixing GlobalMixin from emi.mixins.json into dev.emi.emi.api.stack.TagEmiIngredient
[12:21:48] [Thread-17/DEBUG] [mixin/]: Mixing GlobalMixin from emi.mixins.json into dev.emi.emi.stack.serializer.TagEmiIngredientSerializer
[12:21:48] [Thread-17/DEBUG] [mixin/]: Mixing GlobalMixin from emi.mixins.json into dev.emi.emi.api.stack.ListEmiIngredient
[12:21:48] [Thread-17/DEBUG] [mixin/]: Mixing GlobalMixin from emi.mixins.json into dev.emi.emi.stack.serializer.ListEmiIngredientSerializer
[12:21:48] [Thread-17/DEBUG] [mixin/]: Mixing GlobalMixin from emi.mixins.json into dev.emi.emi.api.stack.EmiRegistryAdapter$StackConstructor
[12:21:48] [Thread-17/DEBUG] [mixin/]: Mixing GlobalMixin from emi.mixins.json into dev.emi.emi.api.stack.EmiRegistryAdapter
[12:21:48] [Thread-17/DEBUG] [mixin/]: Mixing GlobalMixin from emi.mixins.json into dev.emi.emi.api.stack.EmiRegistryAdapter$1
[12:21:48] [Thread-17/INFO] [EMI/]: [EMI] Initialized plugin from emi in 19ms
[12:21:48] [Thread-17/INFO] [EMI/]: [EMI] Initializing plugin from vestige
[12:21:48] [Thread-17/INFO] [EMI/]: [EMI] Initialized plugin from vestige in 0ms
[12:21:48] [Thread-17/INFO] [EMI/]: [EMI] Initializing plugin from jemi
[12:21:48] [Thread-17/INFO] [EMI/]: [EMI] Initialized plugin from jemi in 0ms
[12:21:48] [Thread-17/DEBUG] [mixin/]: Mixing GlobalMixin from emi.mixins.json into dev.emi.emi.data.IndexStackData
[12:21:48] [Thread-17/INFO] [EMI/]: [EMI] Processing tags
[12:21:48] [Thread-17/DEBUG] [mixin/]: Mixing GlobalMixin from emi.mixins.json into dev.emi.emi.runtime.EmiTagKey
[12:21:48] [Thread-17/DEBUG] [mixin/]: Mixing GlobalMixin from emi.mixins.json into dev.emi.emi.runtime.EmiReloadLog
[12:21:48] [Thread-17/ERROR] [EMI/]: [EMI] Untranslated tag #kithkyn:mine_support_materials
[12:21:48] [Thread-17/INFO] [EMI/]: [EMI]  Tag warning can be disabled in the config, EMI docs describe how to add a translation or exclude tags.
[12:21:48] [Thread-17/INFO] [EMI/]: [EMI] Constructing index
[12:21:48] [Thread-17/DEBUG] [mixin/]: Mixing GlobalMixin from emi.mixins.json into dev.emi.emi.registry.EmiComparisonDefaults
[12:21:48] [Thread-17/DEBUG] [mixin/]: Mixing GlobalMixin from emi.mixins.json into dev.emi.emi.registry.EmiStackList$IndexGroup
[12:21:48] [Thread-17/INFO] [EMI/]: [EMI] Reloading item groups on client thread...
[12:21:48] [Thread-17/INFO] [EMI/]: [EMI] Reloading item groups on client thread took 56ms
[12:21:48] [Thread-17/DEBUG] [mixin/]: Mixing GlobalMixin from emi.mixins.json into dev.emi.emi.registry.EmiRegistryImpl
[12:21:48] [Thread-17/INFO] [EMI/]: [EMI] Loading plugin from emi
[12:21:48] [Thread-17/DEBUG] [mixin/]: Mixing GlobalMixin from emi.mixins.json into dev.emi.emi.handler.InventoryRecipeHandler
[12:21:48] [Thread-17/DEBUG] [mixin/]: Mixing GlobalMixin from emi.mixins.json into dev.emi.emi.api.recipe.handler.StandardRecipeHandler
[12:21:48] [Thread-17/DEBUG] [mixin/]: Mixing GlobalMixin from emi.mixins.json into dev.emi.emi.handler.CraftingRecipeHandler
[12:21:48] [Thread-17/DEBUG] [mixin/]: Mixing GlobalMixin from emi.mixins.json into dev.emi.emi.handler.CookingRecipeHandler
[12:21:48] [Thread-17/DEBUG] [mixin/]: Mixing GlobalMixin from emi.mixins.json into dev.emi.emi.handler.StonecuttingRecipeHandler
[12:21:48] [Thread-17/DEBUG] [mixin/]: Mixing GlobalMixin from emi.mixins.json into dev.emi.emi.api.EmiExclusionArea
[12:21:48] [Thread-17/DEBUG] [mixin/]: Mixing GlobalMixin from emi.mixins.json into dev.emi.emi.recipe.EmiShapelessRecipe
[12:21:48] [Thread-17/DEBUG] [mixin/]: Mixing GlobalMixin from emi.mixins.json into dev.emi.emi.recipe.EmiShapedRecipe
[12:21:48] [Thread-17/DEBUG] [mixin/]: Mixing GlobalMixin from emi.mixins.json into dev.emi.emi.recipe.special.EmiSuspiciousStewRecipe
[12:21:48] [Thread-17/DEBUG] [mixin/]: Mixing GlobalMixin from emi.mixins.json into dev.emi.emi.recipe.special.EmiFireworkStarRecipe
[12:21:48] [Thread-17/DEBUG] [mixin/]: Mixing GlobalMixin from emi.mixins.json into dev.emi.emi.recipe.special.EmiBookCloningRecipe
[12:21:48] [Thread-17/DEBUG] [mixin/]: Mixing GlobalMixin from emi.mixins.json into dev.emi.emi.recipe.special.EmiBookCloningRecipe$Template
[12:21:48] [Thread-17/DEBUG] [mixin/]: Mixing GlobalMixin from emi.mixins.json into dev.emi.emi.recipe.special.EmiBannerDuplicateRecipe
[12:21:49] [Thread-17/DEBUG] [mixin/]: Mixing GlobalMixin from emi.mixins.json into dev.emi.emi.recipe.special.EmiFireworkStarFadeRecipe
[12:21:49] [Thread-17/DEBUG] [mixin/]: Mixing GlobalMixin from emi.mixins.json into dev.emi.emi.recipe.special.EmiBannerShieldRecipe
[12:21:49] [Thread-17/DEBUG] [mixin/]: Mixing GlobalMixin from emi.mixins.json into dev.emi.emi.recipe.special.EmiFireworkRocketRecipe
[12:21:49] [Thread-17/DEBUG] [mixin/]: Mixing GlobalMixin from emi.mixins.json into dev.emi.emi.recipe.special.EmiArmorDyeRecipe
[12:21:49] [Thread-17/DEBUG] [mixin/]: Mixing GlobalMixin from emi.mixins.json into dev.emi.emi.recipe.special.EmiMapCloningRecipe
[12:21:49] [Thread-17/DEBUG] [mixin/]: Mixing GlobalMixin from emi.mixins.json into dev.emi.emi.recipe.special.EmiRepairItemRecipe
[12:21:49] [Thread-17/DEBUG] [mixin/]: Mixing GlobalMixin from emi.mixins.json into dev.emi.emi.recipe.EmiCookingRecipe
[12:21:49] [Thread-17/DEBUG] [mixin/]: Mixing GlobalMixin from emi.mixins.json into dev.emi.emi.recipe.special.EmiSmithingTrimRecipe
[12:21:49] [Thread-17/DEBUG] [mixin/]: Mixing GlobalMixin from emi.mixins.json into dev.emi.emi.recipe.EmiSmithingRecipe
[12:21:49] [Thread-17/DEBUG] [mixin/]: Mixing GlobalMixin from emi.mixins.json into dev.emi.emi.recipe.EmiStonecuttingRecipe
[12:21:49] [Thread-17/DEBUG] [mixin/]: Mixing GlobalMixin from emi.mixins.json into dev.emi.emi.api.recipe.EmiWorldInteractionRecipe
[12:21:49] [Thread-17/DEBUG] [mixin/]: Mixing GlobalMixin from emi.mixins.json into dev.emi.emi.api.recipe.EmiWorldInteractionRecipe$Builder
[12:21:49] [Thread-17/DEBUG] [mixin/]: Mixing GlobalMixin from emi.mixins.json into dev.emi.emi.api.recipe.EmiWorldInteractionRecipe$WorldIngredient
[12:21:49] [Thread-17/DEBUG] [mixin/]: Mixing GlobalMixin from emi.mixins.json into dev.emi.emi.recipe.special.EmiAnvilRepairItemRecipe
[12:21:49] [Thread-17/DEBUG] [mixin/]: Mixing GlobalMixin from emi.mixins.json into dev.emi.emi.recipe.EmiGrindstoneRecipe
[12:21:49] [Thread-17/DEBUG] [mixin/]: Mixing GlobalMixin from emi.mixins.json into dev.emi.emi.recipe.special.EmiAnvilEnchantRecipe
[12:21:49] [Thread-17/DEBUG] [mixin/]: Mixing GlobalMixin from emi.mixins.json into dev.emi.emi.recipe.special.EmiGrindstoneDisenchantingRecipe
[12:21:49] [Thread-17/DEBUG] [mixin/]: Mixing GlobalMixin from emi.mixins.json into dev.emi.emi.recipe.EmiAnvilRecipe
[12:21:49] [Thread-17/DEBUG] [mixin/]: Mixing GlobalMixin from emi.mixins.json into dev.emi.emi.recipe.special.EmiGrindstoneDisenchantingBookRecipe
[12:21:49] [Thread-17/DEBUG] [mixin/]: Mixing GlobalMixin from emi.mixins.json into dev.emi.emi.recipe.EmiBrewingRecipe
[12:21:49] [Thread-17/DEBUG] [mixin/]: Mixing GlobalMixin from emi.mixins.json into dev.emi.emi.recipe.EmiFuelRecipe
[12:21:49] [Thread-17/DEBUG] [mixin/]: Mixing GlobalMixin from emi.mixins.json into dev.emi.emi.recipe.EmiCompostingRecipe
[12:21:49] [Thread-17/DEBUG] [mixin/]: Mixing GlobalMixin from emi.mixins.json into dev.emi.emi.recipe.EmiTagRecipe
[12:21:49] [Thread-17/DEBUG] [mixin/]: Mixing GlobalMixin from emi.mixins.json into dev.emi.emi.api.recipe.EmiIngredientRecipe
[12:21:49] [Thread-17/DEBUG] [mixin/]: Mixing GlobalMixin from emi.mixins.json into dev.emi.emi.api.recipe.EmiIngredientRecipe$PageSlotWidget
[12:21:49] [Thread-17/INFO] [EMI/]: [EMI] Reloaded plugin from emi in 320ms
[12:21:49] [Thread-17/INFO] [EMI/]: [EMI] Loading plugin from vestige
[12:21:49] [Thread-17/INFO] [EMI/]: [EMI] Reloaded plugin from vestige in 449ms
[12:21:49] [Thread-17/INFO] [EMI/]: [EMI] Loading plugin from jemi
[12:21:49] [Thread-17/INFO] [EMI/]: [EMI] [JEMI] Waiting for JEI to finish reloading...
[12:21:49] [Thread-17/INFO] [EMI/]: [EMI] Waiting for JEI to finish...
[12:21:49] [Thread-17/INFO] [EMI/]: [EMI] [JEMI] JEI reloaded!
[12:21:49] [Thread-17/INFO] [EMI/]: [EMI] Loading information from JEI...
[12:21:49] [Thread-17/DEBUG] [mixin/]: Mixing GlobalMixin from emi.mixins.json into dev.emi.emi.api.EmiStackProvider
[12:21:49] [Thread-17/DEBUG] [mixin/]: Mixing GlobalMixin from emi.mixins.json into dev.emi.emi.api.stack.EmiStackInteraction
[12:21:49] [Thread-17/DEBUG] [mixin/]: Mixing GlobalMixin from emi.mixins.json into dev.emi.emi.jemi.runtime.JemiDragDropHandler
[12:21:49] [Thread-17/DEBUG] [mixin/]: Mixing GlobalMixin from emi.mixins.json into dev.emi.emi.jemi.JemiStackSerializer
[12:21:49] [Thread-17/INFO] [EMI/]: [EMI] Processing JEI stacks...
[12:21:49] [Thread-17/INFO] [EMI/]: [EMI] Processing JEI subtypes...
[12:21:49] [Thread-17/INFO] [EMI/]: [EMI] Processing JEI recipes...
[12:21:49] [Thread-17/INFO] [EMI/]: [EMI] [JEMI] Collecting data for Crafting
[12:21:49] [Thread-17/INFO] [EMI/]: [EMI] Loading JEI data for Crafting
[12:21:49] [Thread-17/INFO] [EMI/]: [EMI] [JEMI] Collecting data for Anvil
[12:21:49] [Thread-17/INFO] [EMI/]: [EMI] Loading JEI data for Anvil
[12:21:49] [Thread-17/INFO] [EMI/]: [EMI] [JEMI] Collecting data for Blasting
[12:21:49] [Thread-17/INFO] [EMI/]: [EMI] Loading JEI data for Blasting
[12:21:49] [Thread-17/INFO] [EMI/]: [EMI] [JEMI] Collecting data for Brewing
[12:21:49] [Thread-17/INFO] [EMI/]: [EMI] Loading JEI data for Brewing
[12:21:49] [Thread-17/INFO] [EMI/]: [EMI] [JEMI] Collecting data for Campfire Cooking
[12:21:49] [Thread-17/INFO] [EMI/]: [EMI] Loading JEI data for Campfire Cooking
[12:21:49] [Thread-17/INFO] [EMI/]: [EMI] [JEMI] Collecting data for Composting
[12:21:49] [Thread-17/INFO] [EMI/]: [EMI] Loading JEI data for Composting
[12:21:49] [Thread-17/INFO] [EMI/]: [EMI] [JEMI] Collecting data for Fuel
[12:21:49] [Thread-17/INFO] [EMI/]: [EMI] Loading JEI data for Fuel
[12:21:49] [Thread-17/INFO] [EMI/]: [EMI] [JEMI] Collecting data for Grindstone
[12:21:49] [Thread-17/INFO] [EMI/]: [EMI] Loading JEI data for Grindstone
[12:21:49] [Thread-17/INFO] [EMI/]: [EMI] [JEMI] Collecting data for Smelting
[12:21:49] [Thread-17/INFO] [EMI/]: [EMI] Loading JEI data for Smelting
[12:21:49] [Thread-17/INFO] [EMI/]: [EMI] [JEMI] Collecting data for Smithing Table
[12:21:49] [Thread-17/INFO] [EMI/]: [EMI] Loading JEI data for Smithing Table
[12:21:49] [Thread-17/INFO] [EMI/]: [EMI] [JEMI] Collecting data for Smoking
[12:21:49] [Thread-17/INFO] [EMI/]: [EMI] Loading JEI data for Smoking
[12:21:49] [Thread-17/INFO] [EMI/]: [EMI] [JEMI] Collecting data for Stonecutting
[12:21:49] [Thread-17/INFO] [EMI/]: [EMI] Loading JEI data for Stonecutting
[12:21:49] [Thread-17/INFO] [EMI/]: [EMI] [JEMI] Collecting data for Block Tags
[12:21:49] [Thread-17/INFO] [EMI/]: [EMI] Loading JEI data for Block Tags
[12:21:49] [Thread-17/DEBUG] [mixin/]: Mixing GlobalMixin from emi.mixins.json into dev.emi.emi.jemi.JemiRecipe
[12:21:49] [Thread-17/DEBUG] [mixin/]: Mixing GlobalMixin from emi.mixins.json into dev.emi.emi.jemi.JemiRecipe$JemiWidget
[12:21:49] [Thread-17/DEBUG] [mixin/]: Mixing GlobalMixin from emi.mixins.json into dev.emi.emi.jemi.widget.JemiTankWidget
[12:21:49] [Thread-17/DEBUG] [mixin/]: Mixing GlobalMixin from emi.mixins.json into dev.emi.emi.api.widget.TankWidget
[12:21:49] [Thread-17/DEBUG] [mixin/]: Mixing GlobalMixin from emi.mixins.json into dev.emi.emi.jemi.widget.JemiSlotWidget
[12:21:49] [Thread-17/DEBUG] [mixin/]: Mixing GlobalMixin from emi.mixins.json into dev.emi.emi.jemi.impl.JemiRecipeLayoutBuilder
[12:21:49] [Thread-17/DEBUG] [mixin/]: Mixing GlobalMixin from emi.mixins.json into dev.emi.emi.jemi.impl.JemiRecipeSlotBuilder
[12:21:49] [Thread-17/DEBUG] [mixin/]: Mixing GlobalMixin from emi.mixins.json into dev.emi.emi.jemi.impl.JemiIngredientAcceptor
[12:21:49] [Thread-17/INFO] [EMI/]: [EMI] [JEMI] Collecting data for Fluid Tags
[12:21:49] [Thread-17/INFO] [EMI/]: [EMI] Loading JEI data for Fluid Tags
[12:21:49] [Thread-17/INFO] [EMI/]: [EMI] [JEMI] Collecting data for Item Tags
[12:21:49] [Thread-17/INFO] [EMI/]: [EMI] Loading JEI data for Item Tags
[12:21:49] [Thread-17/INFO] [EMI/]: [EMI] [JEMI] Collecting data for Information
[12:21:49] [Thread-17/INFO] [EMI/]: [EMI] Loading JEI data for Information
[12:21:49] [Thread-17/INFO] [EMI/]: [EMI] Reloaded plugin from jemi in 83ms
[12:21:49] [Thread-17/INFO] [EMI/]: [EMI] Baking index
[12:21:49] [Thread-17/INFO] [EMI/]: [EMI] Registering late recipes
[12:21:49] [Thread-17/INFO] [EMI/]: [EMI] Baking recipes
[12:21:50] [Thread-17/ERROR] [EMI/]: [EMI] 2 recipes loaded with the same id: jei:/c/dyed/light_blue
[12:21:50] [Thread-17/ERROR] [EMI/]: [EMI] 2 recipes loaded with the same id: jei:/c/sands/colorless
[12:21:50] [Thread-17/ERROR] [EMI/]: [EMI] 2 recipes loaded with the same id: jei:/minecraft/mangrove_logs
[12:21:50] [Thread-17/ERROR] [EMI/]: [EMI] 2 recipes loaded with the same id: jei:/minecraft/slabs
[12:21:50] [Thread-17/ERROR] [EMI/]: [EMI] 2 recipes loaded with the same id: jei:/minecraft/soul_fire_base_blocks
[12:21:50] [Thread-17/ERROR] [EMI/]: [EMI] 2 recipes loaded with the same id: jei:/c/fences
[12:21:50] [Thread-17/ERROR] [EMI/]: [EMI] 2 recipes loaded with the same id: jei:/c/dyed/magenta
[12:21:50] [Thread-17/ERROR] [EMI/]: [EMI] 2 recipes loaded with the same id: jei:/c/storage_blocks/slime
[12:21:50] [Thread-17/ERROR] [EMI/]: [EMI] 2 recipes loaded with the same id: jei:/c/chests/ender
[12:21:50] [Thread-17/ERROR] [EMI/]: [EMI] 2 recipes loaded with the same id: jei:/c/dyed/purple
[12:21:50] [Thread-17/ERROR] [EMI/]: [EMI] 2 recipes loaded with the same id: jei:/minecraft/banners
[12:21:50] [Thread-17/ERROR] [EMI/]: [EMI] 2 recipes loaded with the same id: jei:/c/sandstone/slabs
[12:21:50] [Thread-17/ERROR] [EMI/]: [EMI] 2 recipes loaded with the same id: jei:/c/ores/gold
[12:21:50] [Thread-17/ERROR] [EMI/]: [EMI] 2 recipes loaded with the same id: jei:/c/storage_blocks/wheat
[12:21:50] [Thread-17/ERROR] [EMI/]: [EMI] 2 recipes loaded with the same id: jei:/c/ores_in_ground/stone
[12:21:50] [Thread-17/ERROR] [EMI/]: [EMI] 2 recipes loaded with the same id: jei:/c/storage_blocks/bone_meal
[12:21:50] [Thread-17/ERROR] [EMI/]: [EMI] 2 recipes loaded with the same id: jei:/c/dyed/gray
[12:21:50] [Thread-17/ERROR] [EMI/]: [EMI] 2 recipes loaded with the same id: jei:/c/ores/quartz
[12:21:50] [Thread-17/ERROR] [EMI/]: [EMI] 2 recipes loaded with the same id: jei:/minecraft/stone_buttons
[12:21:50] [Thread-17/ERROR] [EMI/]: [EMI] 2 recipes loaded with the same id: jei:/c/dyed/cyan
[12:21:50] [Thread-17/ERROR] [EMI/]: [EMI] 2 recipes loaded with the same id: jei:/c/dyed
[12:21:50] [Thread-17/ERROR] [EMI/]: [EMI] 2 recipes loaded with the same id: jei:/minecraft/wooden_buttons
[12:21:50] [Thread-17/ERROR] [EMI/]: [EMI] 2 recipes loaded with the same id: jei:/c/glazed_terracottas
[12:21:50] [Thread-17/ERROR] [EMI/]: [EMI] 2 recipes loaded with the same id: jei:/minecraft/smelts_to_glass
[12:21:50] [Thread-17/ERROR] [EMI/]: [EMI] 2 recipes loaded with the same id: jei:/minecraft/wooden_pressure_plates
[12:21:50] [Thread-17/ERROR] [EMI/]: [EMI] 2 recipes loaded with the same id: jei:/minecraft/trapdoors
[12:21:50] [Thread-17/ERROR] [EMI/]: [EMI] 2 recipes loaded with the same id: jei:/minecraft/spruce_logs
[12:21:50] [Thread-17/ERROR] [EMI/]: [EMI] 2 recipes loaded with the same id: jei:/c/chests
[12:21:50] [Thread-17/ERROR] [EMI/]: [EMI] 2 recipes loaded with the same id: jei:/minecraft/anvil
[12:21:50] [Thread-17/ERROR] [EMI/]: [EMI] 2 recipes loaded with the same id: jei:/minecraft/oak_logs
[12:21:50] [Thread-17/ERROR] [EMI/]: [EMI] 2 recipes loaded with the same id: jei:/minecraft/wooden_trapdoors
[12:21:50] [Thread-17/ERROR] [EMI/]: [EMI] 2 recipes loaded with the same id: jei:/minecraft/wooden_stairs
[12:21:50] [Thread-17/ERROR] [EMI/]: [EMI] 2 recipes loaded with the same id: jei:/minecraft/stone_bricks
[12:21:50] [Thread-17/ERROR] [EMI/]: [EMI] 2 recipes loaded with the same id: jei:/c/sandstone/red_slabs
[12:21:50] [Thread-17/ERROR] [EMI/]: [EMI] 2 recipes loaded with the same id: jei:/c/storage_blocks/gold
[12:21:50] [Thread-17/ERROR] [EMI/]: [EMI] 2 recipes loaded with the same id: jei:/minecraft/planks
[12:21:50] [Thread-17/ERROR] [EMI/]: [EMI] 2 recipes loaded with the same id: jei:/minecraft/leaves
[12:21:50] [Thread-17/ERROR] [EMI/]: [EMI] 2 recipes loaded with the same id: jei:/c/storage_blocks/copper
[12:21:50] [Thread-17/ERROR] [EMI/]: [EMI] 2 recipes loaded with the same id: jei:/minecraft/bamboo_blocks
[12:21:50] [Thread-17/ERROR] [EMI/]: [EMI] 2 recipes loaded with the same id: jei:/minecraft/doors
[12:21:50] [Thread-17/ERROR] [EMI/]: [EMI] 2 recipes loaded with the same id: jei:/c/dyed/green
[12:21:50] [Thread-17/ERROR] [EMI/]: [EMI] 2 recipes loaded with the same id: jei:/minecraft/beds
[12:21:50] [Thread-17/ERROR] [EMI/]: [EMI] 2 recipes loaded with the same id: jei:/minecraft/copper_ores
[12:21:50] [Thread-17/ERROR] [EMI/]: [EMI] 2 recipes loaded with the same id: jei:/c/dyed/white
[12:21:50] [Thread-17/ERROR] [EMI/]: [EMI] 2 recipes loaded with the same id: jei:/c/ores/netherite_scrap
[12:21:50] [Thread-17/ERROR] [EMI/]: [EMI] 2 recipes loaded with the same id: jei:/c/stripped_woods
[12:21:50] [Thread-17/ERROR] [EMI/]: [EMI] 2 recipes loaded with the same id: jei:/minecraft/candles
[12:21:50] [Thread-17/ERROR] [EMI/]: [EMI] 2 recipes loaded with the same id: jei:/c/storage_blocks/redstone
[12:21:50] [Thread-17/ERROR] [EMI/]: [EMI] 2 recipes loaded with the same id: jei:/c/storage_blocks/lapis
[12:21:50] [Thread-17/ERROR] [EMI/]: [EMI] 2 recipes loaded with the same id: jei:/c/sandstone/uncolored_slabs
[12:21:50] [Thread-17/ERROR] [EMI/]: [EMI] 2 recipes loaded with the same id: jei:/minecraft/buttons
[12:21:50] [Thread-17/ERROR] [EMI/]: [EMI] 2 recipes loaded with the same id: jei:/minecraft/gold_ores
[12:21:50] [Thread-17/ERROR] [EMI/]: [EMI] 2 recipes loaded with the same id: jei:/minecraft/sand
[12:21:50] [Thread-17/ERROR] [EMI/]: [EMI] 2 recipes loaded with the same id: jei:/c/storage_blocks/iron
[12:21:50] [Thread-17/ERROR] [EMI/]: [EMI] 2 recipes loaded with the same id: jei:/c/storage_blocks/raw_copper
[12:21:50] [Thread-17/ERROR] [EMI/]: [EMI] 2 recipes loaded with the same id: jei:/minecraft/dark_oak_logs
[12:21:50] [Thread-17/ERROR] [EMI/]: [EMI] 2 recipes loaded with the same id: jei:/c/dyed/light_gray
[12:21:50] [Thread-17/ERROR] [EMI/]: [EMI] 2 recipes loaded with the same id: jei:/minecraft/emerald_ores
[12:21:50] [Thread-17/ERROR] [EMI/]: [EMI] 2 recipes loaded with the same id: jei:/minecraft/stairs
[12:21:50] [Thread-17/ERROR] [EMI/]: [EMI] 2 recipes loaded with the same id: jei:/c/ore_bearing_ground/netherrack
[12:21:50] [Thread-17/ERROR] [EMI/]: [EMI] 2 recipes loaded with the same id: jei:/c/concretes
[12:21:50] [Thread-17/ERROR] [EMI/]: [EMI] 2 recipes loaded with the same id: jei:/minecraft/logs_that_burn
[12:21:50] [Thread-17/ERROR] [EMI/]: [EMI] 2 recipes loaded with the same id: jei:/c/glass_blocks/tinted
[12:21:50] [Thread-17/ERROR] [EMI/]: [EMI] 2 recipes loaded with the same id: jei:/minecraft/wart_blocks
[12:21:50] [Thread-17/ERROR] [EMI/]: [EMI] 2 recipes loaded with the same id: jei:/minecraft/jungle_logs
[12:21:50] [Thread-17/ERROR] [EMI/]: [EMI] 2 recipes loaded with the same id: jei:/c/cobblestones/infested
[12:21:50] [Thread-17/ERROR] [EMI/]: [EMI] 2 recipes loaded with the same id: jei:/c/glass_panes/colorless
[12:21:50] [Thread-17/ERROR] [EMI/]: [EMI] 2 recipes loaded with the same id: jei:/c/sandstone/red_stairs
[12:21:50] [Thread-17/ERROR] [EMI/]: [EMI] 2 recipes loaded with the same id: jei:/c/ore_bearing_ground/stone
[12:21:50] [Thread-17/ERROR] [EMI/]: [EMI] 2 recipes loaded with the same id: jei:/c/ores_in_ground/netherrack
[12:21:50] [Thread-17/ERROR] [EMI/]: [EMI] 2 recipes loaded with the same id: jei:/c/player_workstations/furnaces
[12:21:50] [Thread-17/ERROR] [EMI/]: [EMI] 2 recipes loaded with the same id: jei:/c/cobblestones/deepslate
[12:21:50] [Thread-17/ERROR] [EMI/]: [EMI] 2 recipes loaded with the same id: jei:/c/storage_blocks/raw_gold
[12:21:50] [Thread-17/ERROR] [EMI/]: [EMI] 2 recipes loaded with the same id: jei:/c/storage_blocks/emerald
[12:21:50] [Thread-17/ERROR] [EMI/]: [EMI] 2 recipes loaded with the same id: jei:/minecraft/coal_ores
[12:21:50] [Thread-17/ERROR] [EMI/]: [EMI] 2 recipes loaded with the same id: jei:/c/chests/wooden
[12:21:50] [Thread-17/ERROR] [EMI/]: [EMI] 2 recipes loaded with the same id: jei:/c/cobblestones/mossy
[12:21:50] [Thread-17/ERROR] [EMI/]: [EMI] 2 recipes loaded with the same id: jei:/c/sandstone/blocks
[12:21:50] [Thread-17/ERROR] [EMI/]: [EMI] 2 recipes loaded with the same id: jei:/minecraft/birch_logs
[12:21:50] [Thread-17/ERROR] [EMI/]: [EMI] 2 recipes loaded with the same id: jei:/minecraft/diamond_ores
[12:21:50] [Thread-17/ERROR] [EMI/]: [EMI] 2 recipes loaded with the same id: jei:/minecraft/tall_flowers
[12:21:50] [Thread-17/ERROR] [EMI/]: [EMI] 2 recipes loaded with the same id: jei:/c/sands
[12:21:50] [Thread-17/ERROR] [EMI/]: [EMI] 2 recipes loaded with the same id: jei:/c/ores/iron
[12:21:50] [Thread-17/ERROR] [EMI/]: [EMI] 2 recipes loaded with the same id: jei:/c/barrels
[12:21:50] [Thread-17/ERROR] [EMI/]: [EMI] 2 recipes loaded with the same id: jei:/c/sandstone/uncolored_blocks
[12:21:50] [Thread-17/ERROR] [EMI/]: [EMI] 2 recipes loaded with the same id: jei:/c/end_stones
[12:21:50] [Thread-17/ERROR] [EMI/]: [EMI] 2 recipes loaded with the same id: jei:/c/dyed/brown
[12:21:50] [Thread-17/ERROR] [EMI/]: [EMI] 2 recipes loaded with the same id: jei:/c/dyed/orange
[12:21:50] [Thread-17/ERROR] [EMI/]: [EMI] 2 recipes loaded with the same id: jei:/minecraft/wool
[12:21:50] [Thread-17/ERROR] [EMI/]: [EMI] 2 recipes loaded with the same id: jei:/c/dyed/pink
[12:21:50] [Thread-17/ERROR] [EMI/]: [EMI] 2 recipes loaded with the same id: jei:/c/gravels
[12:21:50] [Thread-17/ERROR] [EMI/]: [EMI] 2 recipes loaded with the same id: jei:/minecraft/dirt
[12:21:50] [Thread-17/ERROR] [EMI/]: [EMI] 2 recipes loaded with the same id: jei:/c/fence_gates
[12:21:50] [Thread-17/ERROR] [EMI/]: [EMI] 2 recipes loaded with the same id: jei:/minecraft/signs
[12:21:50] [Thread-17/ERROR] [EMI/]: [EMI] 2 recipes loaded with the same id: jei:/c/chests/trapped
[12:21:50] [Thread-17/ERROR] [EMI/]: [EMI] 2 recipes loaded with the same id: jei:/minecraft/acacia_logs
[12:21:50] [Thread-17/ERROR] [EMI/]: [EMI] 2 recipes loaded with the same id: jei:/c/glass_blocks
[12:21:50] [Thread-17/ERROR] [EMI/]: [EMI] 2 recipes loaded with the same id: jei:/c/storage_blocks/coal
[12:21:50] [Thread-17/ERROR] [EMI/]: [EMI] 2 recipes loaded with the same id: jei:/minecraft/flowers
[12:21:50] [Thread-17/ERROR] [EMI/]: [EMI] 2 recipes loaded with the same id: jei:/c/ores
[12:21:50] [Thread-17/ERROR] [EMI/]: [EMI] 2 recipes loaded with the same id: jei:/minecraft/completes_find_tree_tutorial
[12:21:50] [Thread-17/ERROR] [EMI/]: [EMI] 2 recipes loaded with the same id: jei:/c/villager_job_sites
[12:21:50] [Thread-17/ERROR] [EMI/]: [EMI] 2 recipes loaded with the same id: jei:/c/glass_panes
[12:21:50] [Thread-17/ERROR] [EMI/]: [EMI] 2 recipes loaded with the same id: jei:/minecraft/fences
[12:21:50] [Thread-17/ERROR] [EMI/]: [EMI] 2 recipes loaded with the same id: jei:/c/storage_blocks/raw_iron
[12:21:50] [Thread-17/ERROR] [EMI/]: [EMI] 2 recipes loaded with the same id: jei:/c/storage_blocks/netherite
[12:21:50] [Thread-17/ERROR] [EMI/]: [EMI] 2 recipes loaded with the same id: jei:/minecraft/warped_stems
[12:21:50] [Thread-17/ERROR] [EMI/]: [EMI] 2 recipes loaded with the same id: jei:/c/dyed/yellow
[12:21:50] [Thread-17/ERROR] [EMI/]: [EMI] 2 recipes loaded with the same id: jei:/c/bookshelves
[12:21:50] [Thread-17/ERROR] [EMI/]: [EMI] 2 recipes loaded with the same id: jei:/c/stones
[12:21:50] [Thread-17/ERROR] [EMI/]: [EMI] 2 recipes loaded with the same id: jei:/c/ores_in_ground/deepslate
[12:21:50] [Thread-17/ERROR] [EMI/]: [EMI] 2 recipes loaded with the same id: jei:/c/ores/diamond
[12:21:50] [Thread-17/ERROR] [EMI/]: [EMI] 2 recipes loaded with the same id: jei:/c/cobblestones
[12:21:50] [Thread-17/ERROR] [EMI/]: [EMI] 2 recipes loaded with the same id: jei:/c/barrels/wooden
[12:21:50] [Thread-17/ERROR] [EMI/]: [EMI] 2 recipes loaded with the same id: jei:/c/ores/redstone
[12:21:50] [Thread-17/ERROR] [EMI/]: [EMI] 2 recipes loaded with the same id: jei:/minecraft/cherry_logs
[12:21:50] [Thread-17/ERROR] [EMI/]: [EMI] 2 recipes loaded with the same id: jei:/minecraft/lapis_ores
[12:21:50] [Thread-17/ERROR] [EMI/]: [EMI] 2 recipes loaded with the same id: jei:/minecraft/redstone_ores
[12:21:50] [Thread-17/ERROR] [EMI/]: [EMI] 2 recipes loaded with the same id: jei:/c/ore_rates/dense
[12:21:50] [Thread-17/ERROR] [EMI/]: [EMI] 2 recipes loaded with the same id: jei:/minecraft/wooden_doors
[12:21:50] [Thread-17/ERROR] [EMI/]: [EMI] 2 recipes loaded with the same id: jei:/c/chains
[12:21:50] [Thread-17/ERROR] [EMI/]: [EMI] 2 recipes loaded with the same id: jei:/c/ores/coal
[12:21:50] [Thread-17/ERROR] [EMI/]: [EMI] 2 recipes loaded with the same id: jei:/c/glass_blocks/cheap
[12:21:50] [Thread-17/ERROR] [EMI/]: [EMI] 2 recipes loaded with the same id: jei:/minecraft/rails
[12:21:50] [Thread-17/ERROR] [EMI/]: [EMI] 2 recipes loaded with the same id: jei:/c/storage_blocks/diamond
[12:21:50] [Thread-17/ERROR] [EMI/]: [EMI] 2 recipes loaded with the same id: jei:/c/netherracks
[12:21:50] [Thread-17/ERROR] [EMI/]: [EMI] 2 recipes loaded with the same id: jei:/c/sandstone/red_blocks
[12:21:50] [Thread-17/ERROR] [EMI/]: [EMI] 2 recipes loaded with the same id: jei:/c/fences/nether_brick
[12:21:50] [Thread-17/ERROR] [EMI/]: [EMI] 2 recipes loaded with the same id: jei:/c/obsidians/normal
[12:21:50] [Thread-17/ERROR] [EMI/]: [EMI] 2 recipes loaded with the same id: jei:/c/player_workstations/crafting_tables
[12:21:50] [Thread-17/ERROR] [EMI/]: [EMI] 2 recipes loaded with the same id: jei:/c/cobblestones/normal
[12:21:50] [Thread-17/ERROR] [EMI/]: [EMI] 2 recipes loaded with the same id: jei:/minecraft/fence_gates
[12:21:50] [Thread-17/ERROR] [EMI/]: [EMI] 2 recipes loaded with the same id: jei:/c/dyed/blue
[12:21:50] [Thread-17/ERROR] [EMI/]: [EMI] 2 recipes loaded with the same id: jei:/c/sandstone/stairs
[12:21:50] [Thread-17/ERROR] [EMI/]: [EMI] 2 recipes loaded with the same id: jei:/minecraft/small_flowers
[12:21:50] [Thread-17/ERROR] [EMI/]: [EMI] 2 recipes loaded with the same id: jei:/c/ores/emerald
[12:21:50] [Thread-17/ERROR] [EMI/]: [EMI] 2 recipes loaded with the same id: jei:/minecraft/wooden_slabs
[12:21:50] [Thread-17/ERROR] [EMI/]: [EMI] 2 recipes loaded with the same id: jei:/c/ores/copper
[12:21:50] [Thread-17/ERROR] [EMI/]: [EMI] 2 recipes loaded with the same id: jei:/c/sands/red
[12:21:50] [Thread-17/ERROR] [EMI/]: [EMI] 2 recipes loaded with the same id: jei:/minecraft/saplings
[12:21:50] [Thread-17/ERROR] [EMI/]: [EMI] 2 recipes loaded with the same id: jei:/minecraft/dampens_vibrations
[12:21:50] [Thread-17/ERROR] [EMI/]: [EMI] 2 recipes loaded with the same id: jei:/c/fences/wooden
[12:21:50] [Thread-17/ERROR] [EMI/]: [EMI] 2 recipes loaded with the same id: jei:/c/ore_bearing_ground/deepslate
[12:21:50] [Thread-17/ERROR] [EMI/]: [EMI] 2 recipes loaded with the same id: jei:/minecraft/wool_carpets
[12:21:50] [Thread-17/ERROR] [EMI/]: [EMI] 2 recipes loaded with the same id: jei:/c/storage_blocks
[12:21:50] [Thread-17/ERROR] [EMI/]: [EMI] 2 recipes loaded with the same id: jei:/c/ores/lapis
[12:21:50] [Thread-17/ERROR] [EMI/]: [EMI] 2 recipes loaded with the same id: jei:/minecraft/piglin_repellents
[12:21:50] [Thread-17/ERROR] [EMI/]: [EMI] 2 recipes loaded with the same id: jei:/c/obsidians/crying
[12:21:50] [Thread-17/ERROR] [EMI/]: [EMI] 2 recipes loaded with the same id: jei:/c/clusters
[12:21:50] [Thread-17/ERROR] [EMI/]: [EMI] 2 recipes loaded with the same id: jei:/minecraft/crimson_stems
[12:21:50] [Thread-17/ERROR] [EMI/]: [EMI] 2 recipes loaded with the same id: jei:/c/buds
[12:21:50] [Thread-17/ERROR] [EMI/]: [EMI] 2 recipes loaded with the same id: jei:/minecraft/terracotta
[12:21:50] [Thread-17/ERROR] [EMI/]: [EMI] 2 recipes loaded with the same id: jei:/c/storage_blocks/dried_kelp
[12:21:50] [Thread-17/ERROR] [EMI/]: [EMI] 2 recipes loaded with the same id: jei:/c/sandstone/uncolored_stairs
[12:21:50] [Thread-17/ERROR] [EMI/]: [EMI] 2 recipes loaded with the same id: jei:/c/budding_blocks
[12:21:50] [Thread-17/ERROR] [EMI/]: [EMI] 2 recipes loaded with the same id: jei:/c/fence_gates/wooden
[12:21:50] [Thread-17/ERROR] [EMI/]: [EMI] 2 recipes loaded with the same id: jei:/minecraft/iron_ores
[12:21:50] [Thread-17/ERROR] [EMI/]: [EMI] 2 recipes loaded with the same id: jei:/c/obsidians
[12:21:50] [Thread-17/ERROR] [EMI/]: [EMI] 2 recipes loaded with the same id: jei:/minecraft/wooden_fences
[12:21:50] [Thread-17/ERROR] [EMI/]: [EMI] 2 recipes loaded with the same id: jei:/c/ore_rates/singular
[12:21:50] [Thread-17/ERROR] [EMI/]: [EMI] 2 recipes loaded with the same id: jei:/c/stripped_logs
[12:21:50] [Thread-17/ERROR] [EMI/]: [EMI] 2 recipes loaded with the same id: jei:/c/dyed/red
[12:21:50] [Thread-17/ERROR] [EMI/]: [EMI] 2 recipes loaded with the same id: jei:/c/dyed/black
[12:21:50] [Thread-17/ERROR] [EMI/]: [EMI] 2 recipes loaded with the same id: jei:/minecraft/logs
[12:21:50] [Thread-17/ERROR] [EMI/]: [EMI] 2 recipes loaded with the same id: jei:/c/glass_blocks/colorless
[12:21:50] [Thread-17/ERROR] [EMI/]: [EMI] 2 recipes loaded with the same id: jei:/c/ore_rates/sparse
[12:21:50] [Thread-17/ERROR] [EMI/]: [EMI] 2 recipes loaded with the same id: jei:/minecraft/walls
[12:21:50] [Thread-17/ERROR] [EMI/]: [EMI] 2 recipes loaded with the same id: jei:/c/dyed/lime
[12:21:50] [JEI Config Save Delay/DEBUG] [me.je.co.co.fi.ConfigSerializer/]: Saving config file: /Users/quzzar/Projects/vestige/run/wands-both-kith-final/config/jei/jei-colors.ini
[12:21:50] [JEI Config Save Delay/DEBUG] [me.je.co.co.fi.ConfigSerializer/]: Saving config file: /Users/quzzar/Projects/vestige/run/wands-both-kith-final/config/jei/jei-mod-id-format.ini
[12:21:50] [JEI Config Save Delay/DEBUG] [me.je.co.co.fi.ConfigSerializer/]: Saving config file: /Users/quzzar/Projects/vestige/run/wands-both-kith-final/config/jei/jei-client.ini
[12:21:50] [JEI Config Save Delay/DEBUG] [me.je.co.co.fi.ConfigSerializer/]: Saving config file: /Users/quzzar/Projects/vestige/run/wands-both-kith-final/config/jei/jei-debug.ini
[12:21:52] [JEI Config File Watcher/DEBUG] [me.je.co.co.fi.FileWatcherThread/]: Detected changes in files:
/Users/quzzar/Projects/vestige/run/wands-both-kith-final/config/jei/jei-client.ini
/Users/quzzar/Projects/vestige/run/wands-both-kith-final/config/jei/jei-debug.ini
/Users/quzzar/Projects/vestige/run/wands-both-kith-final/config/jei/jei-colors.ini
/Users/quzzar/Projects/vestige/run/wands-both-kith-final/config/jei/jei-mod-id-format.ini
[12:21:59] [Thread-17/DEBUG] [mixin/]: Mixing GlobalMixin from emi.mixins.json into dev.emi.emi.runtime.dev.EmiDev
[12:21:59] [Thread-17/DEBUG] [mixin/]: Mixing GlobalMixin from emi.mixins.json into dev.emi.emi.registry.EmiRecipes$Worker
[12:21:59] [Thread-17/INFO] [EMI/]: [EMI] Baked 9163 recipes in 10022ms
[12:21:59] [Thread-17/DEBUG] [mixin/]: Mixing GlobalMixin from emi.mixins.json into dev.emi.emi.runtime.EmiPersistentData
[12:21:59] [Thread-17/INFO] [EMI/]: [EMI] Baking search
[12:21:59] [Thread-17/DEBUG] [mixin/]: Mixing GlobalMixin from emi.mixins.json into dev.emi.emi.search.SearchStack
[12:21:59] [Thread-17/DEBUG] [mixin/]: Mixing GlobalMixin from emi.mixins.json into dev.emi.emi.search.NameQuery
[12:21:59] [Thread-17/DEBUG] [mixin/]: Mixing GlobalMixin from emi.mixins.json into dev.emi.emi.search.Query
[12:21:59] [Thread-18/ERROR] [EMI/]: [EMI] 2 recipes loaded with the same id: jei:/c/dyed/light_blue
[12:21:59] [Thread-18/ERROR] [EMI/]: [EMI] 2 recipes loaded with the same id: jei:/c/sands/colorless
[12:21:59] [Thread-18/ERROR] [EMI/]: [EMI] 2 recipes loaded with the same id: jei:/minecraft/mangrove_logs
[12:21:59] [Thread-18/ERROR] [EMI/]: [EMI] 2 recipes loaded with the same id: jei:/minecraft/slabs
[12:21:59] [Thread-18/ERROR] [EMI/]: [EMI] 2 recipes loaded with the same id: jei:/minecraft/soul_fire_base_blocks
[12:21:59] [Thread-18/ERROR] [EMI/]: [EMI] 2 recipes loaded with the same id: jei:/c/fences
[12:21:59] [Thread-18/ERROR] [EMI/]: [EMI] 2 recipes loaded with the same id: jei:/c/dyed/magenta
[12:21:59] [Thread-18/ERROR] [EMI/]: [EMI] 2 recipes loaded with the same id: jei:/c/storage_blocks/slime
[12:21:59] [Thread-18/ERROR] [EMI/]: [EMI] 2 recipes loaded with the same id: jei:/c/chests/ender
[12:21:59] [Thread-18/ERROR] [EMI/]: [EMI] 2 recipes loaded with the same id: jei:/c/dyed/purple
[12:21:59] [Thread-18/ERROR] [EMI/]: [EMI] 2 recipes loaded with the same id: jei:/minecraft/banners
[12:21:59] [Thread-18/ERROR] [EMI/]: [EMI] 2 recipes loaded with the same id: jei:/c/sandstone/slabs
[12:21:59] [Thread-18/ERROR] [EMI/]: [EMI] 2 recipes loaded with the same id: jei:/c/ores/gold
[12:21:59] [Thread-18/ERROR] [EMI/]: [EMI] 2 recipes loaded with the same id: jei:/c/storage_blocks/wheat
[12:21:59] [Thread-18/ERROR] [EMI/]: [EMI] 2 recipes loaded with the same id: jei:/c/ores_in_ground/stone
[12:21:59] [Thread-18/ERROR] [EMI/]: [EMI] 2 recipes loaded with the same id: jei:/c/storage_blocks/bone_meal
[12:21:59] [Thread-18/ERROR] [EMI/]: [EMI] 2 recipes loaded with the same id: jei:/c/dyed/gray
[12:21:59] [Thread-18/ERROR] [EMI/]: [EMI] 2 recipes loaded with the same id: jei:/c/ores/quartz
[12:21:59] [Thread-18/ERROR] [EMI/]: [EMI] 2 recipes loaded with the same id: jei:/minecraft/stone_buttons
[12:21:59] [Thread-18/ERROR] [EMI/]: [EMI] 2 recipes loaded with the same id: jei:/c/dyed/cyan
[12:21:59] [Thread-18/ERROR] [EMI/]: [EMI] 2 recipes loaded with the same id: jei:/c/dyed
[12:21:59] [Thread-18/ERROR] [EMI/]: [EMI] 2 recipes loaded with the same id: jei:/minecraft/wooden_buttons
[12:21:59] [Thread-18/ERROR] [EMI/]: [EMI] 2 recipes loaded with the same id: jei:/c/glazed_terracottas
[12:21:59] [Thread-18/ERROR] [EMI/]: [EMI] 2 recipes loaded with the same id: jei:/minecraft/smelts_to_glass
[12:21:59] [Thread-18/ERROR] [EMI/]: [EMI] 2 recipes loaded with the same id: jei:/minecraft/wooden_pressure_plates
[12:21:59] [Thread-18/ERROR] [EMI/]: [EMI] 2 recipes loaded with the same id: jei:/minecraft/trapdoors
[12:21:59] [Thread-18/ERROR] [EMI/]: [EMI] 2 recipes loaded with the same id: jei:/minecraft/spruce_logs
[12:21:59] [Thread-18/ERROR] [EMI/]: [EMI] 2 recipes loaded with the same id: jei:/c/chests
[12:21:59] [Thread-18/ERROR] [EMI/]: [EMI] 2 recipes loaded with the same id: jei:/minecraft/anvil
[12:21:59] [Thread-18/ERROR] [EMI/]: [EMI] 2 recipes loaded with the same id: jei:/minecraft/oak_logs
[12:21:59] [Thread-18/ERROR] [EMI/]: [EMI] 2 recipes loaded with the same id: jei:/minecraft/wooden_trapdoors
[12:21:59] [Thread-18/ERROR] [EMI/]: [EMI] 2 recipes loaded with the same id: jei:/minecraft/wooden_stairs
[12:21:59] [Thread-18/ERROR] [EMI/]: [EMI] 2 recipes loaded with the same id: jei:/minecraft/stone_bricks
[12:21:59] [Thread-18/ERROR] [EMI/]: [EMI] 2 recipes loaded with the same id: jei:/c/sandstone/red_slabs
[12:21:59] [Thread-18/ERROR] [EMI/]: [EMI] 2 recipes loaded with the same id: jei:/c/storage_blocks/gold
[12:21:59] [Thread-18/ERROR] [EMI/]: [EMI] 2 recipes loaded with the same id: jei:/minecraft/planks
[12:21:59] [Thread-18/ERROR] [EMI/]: [EMI] 2 recipes loaded with the same id: jei:/minecraft/leaves
[12:21:59] [Thread-18/ERROR] [EMI/]: [EMI] 2 recipes loaded with the same id: jei:/c/storage_blocks/copper
[12:21:59] [Thread-18/ERROR] [EMI/]: [EMI] 2 recipes loaded with the same id: jei:/minecraft/bamboo_blocks
[12:21:59] [Thread-18/ERROR] [EMI/]: [EMI] 2 recipes loaded with the same id: jei:/minecraft/doors
[12:21:59] [Thread-18/ERROR] [EMI/]: [EMI] 2 recipes loaded with the same id: jei:/c/dyed/green
[12:21:59] [Thread-18/ERROR] [EMI/]: [EMI] 2 recipes loaded with the same id: jei:/minecraft/beds
[12:21:59] [Thread-18/ERROR] [EMI/]: [EMI] 2 recipes loaded with the same id: jei:/minecraft/copper_ores
[12:21:59] [Thread-18/ERROR] [EMI/]: [EMI] 2 recipes loaded with the same id: jei:/c/dyed/white
[12:21:59] [Thread-18/ERROR] [EMI/]: [EMI] 2 recipes loaded with the same id: jei:/c/ores/netherite_scrap
[12:21:59] [Thread-18/ERROR] [EMI/]: [EMI] 2 recipes loaded with the same id: jei:/c/stripped_woods
[12:21:59] [Thread-18/ERROR] [EMI/]: [EMI] 2 recipes loaded with the same id: jei:/minecraft/candles
[12:21:59] [Thread-18/ERROR] [EMI/]: [EMI] 2 recipes loaded with the same id: jei:/c/storage_blocks/redstone
[12:21:59] [Thread-18/ERROR] [EMI/]: [EMI] 2 recipes loaded with the same id: jei:/c/storage_blocks/lapis
[12:21:59] [Thread-18/ERROR] [EMI/]: [EMI] 2 recipes loaded with the same id: jei:/c/sandstone/uncolored_slabs
[12:21:59] [Thread-18/ERROR] [EMI/]: [EMI] 2 recipes loaded with the same id: jei:/minecraft/buttons
[12:21:59] [Thread-18/ERROR] [EMI/]: [EMI] 2 recipes loaded with the same id: jei:/minecraft/gold_ores
[12:21:59] [Thread-18/ERROR] [EMI/]: [EMI] 2 recipes loaded with the same id: jei:/minecraft/sand
[12:21:59] [Thread-18/ERROR] [EMI/]: [EMI] 2 recipes loaded with the same id: jei:/c/storage_blocks/iron
[12:21:59] [Thread-18/ERROR] [EMI/]: [EMI] 2 recipes loaded with the same id: jei:/c/storage_blocks/raw_copper
[12:21:59] [Thread-18/ERROR] [EMI/]: [EMI] 2 recipes loaded with the same id: jei:/minecraft/dark_oak_logs
[12:21:59] [Thread-18/ERROR] [EMI/]: [EMI] 2 recipes loaded with the same id: jei:/c/dyed/light_gray
[12:21:59] [Thread-18/ERROR] [EMI/]: [EMI] 2 recipes loaded with the same id: jei:/minecraft/emerald_ores
[12:21:59] [Thread-18/ERROR] [EMI/]: [EMI] 2 recipes loaded with the same id: jei:/minecraft/stairs
[12:21:59] [Thread-18/ERROR] [EMI/]: [EMI] 2 recipes loaded with the same id: jei:/c/ore_bearing_ground/netherrack
[12:21:59] [Thread-18/ERROR] [EMI/]: [EMI] 2 recipes loaded with the same id: jei:/c/concretes
[12:21:59] [Thread-18/ERROR] [EMI/]: [EMI] 2 recipes loaded with the same id: jei:/minecraft/logs_that_burn
[12:21:59] [Thread-18/ERROR] [EMI/]: [EMI] 2 recipes loaded with the same id: jei:/c/glass_blocks/tinted
[12:21:59] [Thread-18/ERROR] [EMI/]: [EMI] 2 recipes loaded with the same id: jei:/minecraft/wart_blocks
[12:21:59] [Thread-18/ERROR] [EMI/]: [EMI] 2 recipes loaded with the same id: jei:/minecraft/jungle_logs
[12:21:59] [Thread-18/ERROR] [EMI/]: [EMI] 2 recipes loaded with the same id: jei:/c/cobblestones/infested
[12:21:59] [Thread-18/ERROR] [EMI/]: [EMI] 2 recipes loaded with the same id: jei:/c/glass_panes/colorless
[12:21:59] [Thread-18/ERROR] [EMI/]: [EMI] 2 recipes loaded with the same id: jei:/c/sandstone/red_stairs
[12:21:59] [Thread-18/ERROR] [EMI/]: [EMI] 2 recipes loaded with the same id: jei:/c/ore_bearing_ground/stone
[12:21:59] [Thread-18/ERROR] [EMI/]: [EMI] 2 recipes loaded with the same id: jei:/c/ores_in_ground/netherrack
[12:21:59] [Thread-18/ERROR] [EMI/]: [EMI] 2 recipes loaded with the same id: jei:/c/player_workstations/furnaces
[12:21:59] [Thread-18/ERROR] [EMI/]: [EMI] 2 recipes loaded with the same id: jei:/c/cobblestones/deepslate
[12:21:59] [Thread-18/ERROR] [EMI/]: [EMI] 2 recipes loaded with the same id: jei:/c/storage_blocks/raw_gold
[12:21:59] [Thread-18/ERROR] [EMI/]: [EMI] 2 recipes loaded with the same id: jei:/c/storage_blocks/emerald
[12:21:59] [Thread-18/ERROR] [EMI/]: [EMI] 2 recipes loaded with the same id: jei:/minecraft/coal_ores
[12:21:59] [Thread-18/ERROR] [EMI/]: [EMI] 2 recipes loaded with the same id: jei:/c/chests/wooden
[12:21:59] [Thread-18/ERROR] [EMI/]: [EMI] 2 recipes loaded with the same id: jei:/c/cobblestones/mossy
[12:21:59] [Thread-18/ERROR] [EMI/]: [EMI] 2 recipes loaded with the same id: jei:/c/sandstone/blocks
[12:21:59] [Thread-18/ERROR] [EMI/]: [EMI] 2 recipes loaded with the same id: jei:/minecraft/birch_logs
[12:21:59] [Thread-18/ERROR] [EMI/]: [EMI] 2 recipes loaded with the same id: jei:/minecraft/diamond_ores
[12:21:59] [Thread-18/ERROR] [EMI/]: [EMI] 2 recipes loaded with the same id: jei:/minecraft/tall_flowers
[12:21:59] [Thread-18/ERROR] [EMI/]: [EMI] 2 recipes loaded with the same id: jei:/c/sands
[12:21:59] [Thread-18/ERROR] [EMI/]: [EMI] 2 recipes loaded with the same id: jei:/c/ores/iron
[12:21:59] [Thread-18/ERROR] [EMI/]: [EMI] 2 recipes loaded with the same id: jei:/c/barrels
[12:21:59] [Thread-18/ERROR] [EMI/]: [EMI] 2 recipes loaded with the same id: jei:/c/sandstone/uncolored_blocks
[12:21:59] [Thread-18/ERROR] [EMI/]: [EMI] 2 recipes loaded with the same id: jei:/c/end_stones
[12:21:59] [Thread-18/ERROR] [EMI/]: [EMI] 2 recipes loaded with the same id: jei:/c/dyed/brown
[12:21:59] [Thread-18/ERROR] [EMI/]: [EMI] 2 recipes loaded with the same id: jei:/c/dyed/orange
[12:21:59] [Thread-18/ERROR] [EMI/]: [EMI] 2 recipes loaded with the same id: jei:/minecraft/wool
[12:21:59] [Thread-18/ERROR] [EMI/]: [EMI] 2 recipes loaded with the same id: jei:/c/dyed/pink
[12:21:59] [Thread-18/ERROR] [EMI/]: [EMI] 2 recipes loaded with the same id: jei:/c/gravels
[12:21:59] [Thread-18/ERROR] [EMI/]: [EMI] 2 recipes loaded with the same id: jei:/minecraft/dirt
[12:21:59] [Thread-18/ERROR] [EMI/]: [EMI] 2 recipes loaded with the same id: jei:/c/fence_gates
[12:21:59] [Thread-18/ERROR] [EMI/]: [EMI] 2 recipes loaded with the same id: jei:/minecraft/signs
[12:21:59] [Thread-18/ERROR] [EMI/]: [EMI] 2 recipes loaded with the same id: jei:/c/chests/trapped
[12:21:59] [Thread-18/ERROR] [EMI/]: [EMI] 2 recipes loaded with the same id: jei:/minecraft/acacia_logs
[12:21:59] [Thread-18/ERROR] [EMI/]: [EMI] 2 recipes loaded with the same id: jei:/c/glass_blocks
[12:21:59] [Thread-18/ERROR] [EMI/]: [EMI] 2 recipes loaded with the same id: jei:/c/storage_blocks/coal
[12:21:59] [Thread-18/ERROR] [EMI/]: [EMI] 2 recipes loaded with the same id: jei:/minecraft/flowers
[12:21:59] [Thread-18/ERROR] [EMI/]: [EMI] 2 recipes loaded with the same id: jei:/c/ores
[12:21:59] [Thread-18/ERROR] [EMI/]: [EMI] 2 recipes loaded with the same id: jei:/minecraft/completes_find_tree_tutorial
[12:21:59] [Thread-18/ERROR] [EMI/]: [EMI] 2 recipes loaded with the same id: jei:/c/villager_job_sites
[12:21:59] [Thread-18/ERROR] [EMI/]: [EMI] 2 recipes loaded with the same id: jei:/c/glass_panes
[12:21:59] [Thread-18/ERROR] [EMI/]: [EMI] 2 recipes loaded with the same id: jei:/minecraft/fences
[12:21:59] [Thread-18/ERROR] [EMI/]: [EMI] 2 recipes loaded with the same id: jei:/c/storage_blocks/raw_iron
[12:21:59] [Thread-18/ERROR] [EMI/]: [EMI] 2 recipes loaded with the same id: jei:/c/storage_blocks/netherite
[12:21:59] [Thread-18/ERROR] [EMI/]: [EMI] 2 recipes loaded with the same id: jei:/minecraft/warped_stems
[12:21:59] [Thread-18/ERROR] [EMI/]: [EMI] 2 recipes loaded with the same id: jei:/c/dyed/yellow
[12:21:59] [Thread-18/ERROR] [EMI/]: [EMI] 2 recipes loaded with the same id: jei:/c/bookshelves
[12:21:59] [Thread-18/ERROR] [EMI/]: [EMI] 2 recipes loaded with the same id: jei:/c/stones
[12:21:59] [Thread-18/ERROR] [EMI/]: [EMI] 2 recipes loaded with the same id: jei:/c/ores_in_ground/deepslate
[12:21:59] [Thread-18/ERROR] [EMI/]: [EMI] 2 recipes loaded with the same id: jei:/c/ores/diamond
[12:21:59] [Thread-18/ERROR] [EMI/]: [EMI] 2 recipes loaded with the same id: jei:/c/cobblestones
[12:21:59] [Thread-18/ERROR] [EMI/]: [EMI] 2 recipes loaded with the same id: jei:/c/barrels/wooden
[12:21:59] [Thread-18/ERROR] [EMI/]: [EMI] 2 recipes loaded with the same id: jei:/c/ores/redstone
[12:21:59] [Thread-18/ERROR] [EMI/]: [EMI] 2 recipes loaded with the same id: jei:/minecraft/cherry_logs
[12:21:59] [Thread-18/ERROR] [EMI/]: [EMI] 2 recipes loaded with the same id: jei:/minecraft/lapis_ores
[12:21:59] [Thread-18/ERROR] [EMI/]: [EMI] 2 recipes loaded with the same id: jei:/minecraft/redstone_ores
[12:21:59] [Thread-18/ERROR] [EMI/]: [EMI] 2 recipes loaded with the same id: jei:/c/ore_rates/dense
[12:21:59] [Thread-18/ERROR] [EMI/]: [EMI] 2 recipes loaded with the same id: jei:/minecraft/wooden_doors
[12:21:59] [Thread-18/ERROR] [EMI/]: [EMI] 2 recipes loaded with the same id: jei:/c/chains
[12:21:59] [Thread-18/ERROR] [EMI/]: [EMI] 2 recipes loaded with the same id: jei:/c/ores/coal
[12:21:59] [Thread-18/ERROR] [EMI/]: [EMI] 2 recipes loaded with the same id: jei:/c/glass_blocks/cheap
[12:21:59] [Thread-18/ERROR] [EMI/]: [EMI] 2 recipes loaded with the same id: jei:/minecraft/rails
[12:21:59] [Thread-18/ERROR] [EMI/]: [EMI] 2 recipes loaded with the same id: jei:/c/storage_blocks/diamond
[12:21:59] [Thread-18/ERROR] [EMI/]: [EMI] 2 recipes loaded with the same id: jei:/c/netherracks
[12:21:59] [Thread-18/ERROR] [EMI/]: [EMI] 2 recipes loaded with the same id: jei:/c/sandstone/red_blocks
[12:21:59] [Thread-18/ERROR] [EMI/]: [EMI] 2 recipes loaded with the same id: jei:/c/fences/nether_brick
[12:21:59] [Thread-18/ERROR] [EMI/]: [EMI] 2 recipes loaded with the same id: jei:/c/obsidians/normal
[12:21:59] [Thread-18/ERROR] [EMI/]: [EMI] 2 recipes loaded with the same id: jei:/c/player_workstations/crafting_tables
[12:21:59] [Thread-18/ERROR] [EMI/]: [EMI] 2 recipes loaded with the same id: jei:/c/cobblestones/normal
[12:21:59] [Thread-18/ERROR] [EMI/]: [EMI] 2 recipes loaded with the same id: jei:/minecraft/fence_gates
[12:21:59] [Thread-18/ERROR] [EMI/]: [EMI] 2 recipes loaded with the same id: jei:/c/dyed/blue
[12:21:59] [Thread-18/ERROR] [EMI/]: [EMI] 2 recipes loaded with the same id: jei:/c/sandstone/stairs
[12:21:59] [Thread-18/ERROR] [EMI/]: [EMI] 2 recipes loaded with the same id: jei:/minecraft/small_flowers
[12:21:59] [Thread-18/ERROR] [EMI/]: [EMI] 2 recipes loaded with the same id: jei:/c/ores/emerald
[12:21:59] [Thread-18/ERROR] [EMI/]: [EMI] 2 recipes loaded with the same id: jei:/minecraft/wooden_slabs
[12:21:59] [Thread-18/ERROR] [EMI/]: [EMI] 2 recipes loaded with the same id: jei:/c/ores/copper
[12:21:59] [Thread-18/ERROR] [EMI/]: [EMI] 2 recipes loaded with the same id: jei:/c/sands/red
[12:21:59] [Thread-18/ERROR] [EMI/]: [EMI] 2 recipes loaded with the same id: jei:/minecraft/saplings
[12:21:59] [Thread-18/ERROR] [EMI/]: [EMI] 2 recipes loaded with the same id: jei:/minecraft/dampens_vibrations
[12:21:59] [Thread-18/ERROR] [EMI/]: [EMI] 2 recipes loaded with the same id: jei:/c/fences/wooden
[12:21:59] [Thread-18/ERROR] [EMI/]: [EMI] 2 recipes loaded with the same id: jei:/c/ore_bearing_ground/deepslate
[12:21:59] [Thread-18/ERROR] [EMI/]: [EMI] 2 recipes loaded with the same id: jei:/minecraft/wool_carpets
[12:21:59] [Thread-18/ERROR] [EMI/]: [EMI] 2 recipes loaded with the same id: jei:/c/storage_blocks
[12:21:59] [Thread-18/ERROR] [EMI/]: [EMI] 2 recipes loaded with the same id: jei:/c/ores/lapis
[12:21:59] [Thread-18/ERROR] [EMI/]: [EMI] 2 recipes loaded with the same id: jei:/minecraft/piglin_repellents
[12:21:59] [Thread-18/ERROR] [EMI/]: [EMI] 2 recipes loaded with the same id: jei:/c/obsidians/crying
[12:21:59] [Thread-18/ERROR] [EMI/]: [EMI] 2 recipes loaded with the same id: jei:/c/clusters
[12:21:59] [Thread-18/ERROR] [EMI/]: [EMI] 2 recipes loaded with the same id: jei:/minecraft/crimson_stems
[12:21:59] [Thread-18/ERROR] [EMI/]: [EMI] 2 recipes loaded with the same id: jei:/c/buds
[12:21:59] [Thread-18/ERROR] [EMI/]: [EMI] 2 recipes loaded with the same id: jei:/minecraft/terracotta
[12:21:59] [Thread-18/ERROR] [EMI/]: [EMI] 2 recipes loaded with the same id: jei:/c/storage_blocks/dried_kelp
[12:21:59] [Thread-18/ERROR] [EMI/]: [EMI] 2 recipes loaded with the same id: jei:/c/sandstone/uncolored_stairs
[12:21:59] [Thread-18/ERROR] [EMI/]: [EMI] 2 recipes loaded with the same id: jei:/c/budding_blocks
[12:21:59] [Thread-18/ERROR] [EMI/]: [EMI] 2 recipes loaded with the same id: jei:/c/fence_gates/wooden
[12:21:59] [Thread-18/ERROR] [EMI/]: [EMI] 2 recipes loaded with the same id: jei:/minecraft/iron_ores
[12:21:59] [Thread-18/ERROR] [EMI/]: [EMI] 2 recipes loaded with the same id: jei:/c/obsidians
[12:21:59] [Thread-18/ERROR] [EMI/]: [EMI] 2 recipes loaded with the same id: jei:/minecraft/wooden_fences
[12:21:59] [Thread-18/ERROR] [EMI/]: [EMI] 2 recipes loaded with the same id: jei:/c/ore_rates/singular
[12:21:59] [Thread-18/ERROR] [EMI/]: [EMI] 2 recipes loaded with the same id: jei:/c/stripped_logs
[12:21:59] [Thread-18/ERROR] [EMI/]: [EMI] 2 recipes loaded with the same id: jei:/c/dyed/red
[12:21:59] [Thread-18/ERROR] [EMI/]: [EMI] 2 recipes loaded with the same id: jei:/c/dyed/black
[12:21:59] [Thread-18/ERROR] [EMI/]: [EMI] 2 recipes loaded with the same id: jei:/minecraft/logs
[12:21:59] [Thread-18/ERROR] [EMI/]: [EMI] 2 recipes loaded with the same id: jei:/c/glass_blocks/colorless
[12:21:59] [Thread-18/ERROR] [EMI/]: [EMI] 2 recipes loaded with the same id: jei:/c/ore_rates/sparse
[12:21:59] [Thread-18/ERROR] [EMI/]: [EMI] 2 recipes loaded with the same id: jei:/minecraft/walls
[12:21:59] [Thread-18/ERROR] [EMI/]: [EMI] 2 recipes loaded with the same id: jei:/c/dyed/lime
[12:21:59] [Thread-18/DEBUG] [mixin/]: Mixing GlobalMixin from emi.mixins.json into dev.emi.emi.registry.EmiRecipeSorter
[12:21:59] [Thread-17/INFO] [EMI/]: [EMI] Finishing up
[12:21:59] [Thread-17/DEBUG] [mixin/]: Mixing GlobalMixin from emi.mixins.json into dev.emi.emi.screen.EmiScreenManager
[12:21:59] [Thread-17/DEBUG] [mixin/]: Mixing GlobalMixin from emi.mixins.json into dev.emi.emi.screen.widget.EmiSearchWidget
[12:21:59] [Thread-17/DEBUG] [mixin/]: Mixing GlobalMixin from emi.mixins.json into dev.emi.emi.screen.EmiScreenManager$SidebarEmiStackInteraction
[12:21:59] [Thread-17/DEBUG] [mixin/]: Mixing GlobalMixin from emi.mixins.json into dev.emi.emi.screen.StackBatcher$ClaimedCollection
[12:21:59] [Thread-17/DEBUG] [mixin/]: Mixing GlobalMixin from emi.mixins.json into dev.emi.emi.screen.EmiScreenManager$SidebarPanel
[12:21:59] [Thread-17/DEBUG] [mixin/]: Mixing GlobalMixin from emi.mixins.json into dev.emi.emi.screen.widget.SizedButtonWidget
[12:21:59] [Thread-17/DEBUG] [mixin/]: Mixing GlobalMixin from emi.mixins.json into dev.emi.emi.EmiRenderHelper
[12:21:59] [Thread-17/DEBUG] [mixin/]: Mixing GlobalMixin from emi.mixins.json into dev.emi.emi.api.widget.WidgetHolder
[12:21:59] [Thread-17/DEBUG] [mixin/]: Mixing GlobalMixin from emi.mixins.json into dev.emi.emi.screen.widget.SidebarButtonWidget
[12:21:59] [Thread-17/DEBUG] [mixin/]: Mixing GlobalMixin from emi.mixins.json into dev.emi.emi.search.EmiSearch$SearchWorker
[12:21:59] [Thread-17/DEBUG] [mixin/]: Mixing GlobalMixin from emi.mixins.json into dev.emi.emi.runtime.EmiSidebars
[12:21:59] [Thread-17/DEBUG] [mixin/]: Mixing GlobalMixin from emi.mixins.json into dev.emi.emi.runtime.EmiSidebars$1
[12:21:59] [Thread-19/DEBUG] [mixin/]: Mixing GlobalMixin from emi.mixins.json into dev.emi.emi.search.EmiSearch$CompiledQuery
[12:21:59] [Thread-17/DEBUG] [mixin/]: Mixing GlobalMixin from emi.mixins.json into dev.emi.emi.api.recipe.EmiPlayerInventory
[12:21:59] [Thread-19/DEBUG] [mixin/]: Mixing GlobalMixin from emi.mixins.json into dev.emi.emi.search.LogicalOrQuery
[12:21:59] [Thread-17/DEBUG] [mixin/]: Mixing GlobalMixin from emi.mixins.json into dev.emi.emi.runtime.EmiFavorites
[12:21:59] [Thread-17/DEBUG] [mixin/]: Mixing GlobalMixin from emi.mixins.json into dev.emi.emi.runtime.EmiFavorites$CompoundList
[12:21:59] [Thread-17/INFO] [EMI/]: [EMI] Reloaded EMI in 11211ms
[12:22:12] [Thread-18/INFO] [EMI/]: [EMI] Baked recipes after reload in 12601ms
[12:22:12] [Render thread/INFO] [co.qu.ve.ap.re.NativeWandRecipeCapture/]: Wand inspection phase 2, destination /Users/quzzar/Projects/vestige/docs/art/wands-native
[12:22:14] [Render thread/DEBUG] [me.je.ne.st.StartEventObserver/]: JEI StartEventObserver received event: class net.neoforged.neoforge.client.event.RecipesUpdatedEvent
[12:22:14] [Render thread/INFO] [EMI/]: [EMI] Tags synchronized, waiting for recipes to reload EMI...
[12:22:14] [Render thread/DEBUG] [me.je.ne.st.StartEventObserver/]: JEI StartEventObserver received event: class net.neoforged.neoforge.event.TagsUpdatedEvent
[12:22:14] [Render thread/DEBUG] [me.je.ne.st.StartEventObserver/]: JEI StartEventObserver transitioning state from JEI_STARTED to LISTENING
[12:22:14] [Render thread/INFO] [me.je.li.st.JeiStarter/]: Stopping JEI
[12:22:14] [Render thread/INFO] [me.je.li.lo.PluginCaller/]: Sending Runtime Unavailable...
[12:22:14] [Render thread/DEBUG] [me.je.li.lo.PluginCallerTimerRunnable/]: Sending Runtime Unavailable: jei:minecraft...
[12:22:14] [Render thread/DEBUG] [me.je.li.lo.PluginCallerTimerRunnable/]: Sending Runtime Unavailable: emi:jemi...
[12:22:14] [Render thread/DEBUG] [me.je.li.lo.PluginCallerTimerRunnable/]: Sending Runtime Unavailable: vestige:ritual_viewer...
[12:22:14] [Render thread/DEBUG] [me.je.li.lo.PluginCallerTimerRunnable/]: Sending Runtime Unavailable: jei:neoforge_gui...
[12:22:14] [Render thread/INFO] [me.je.ne.pl.ne.NeoForgeGuiPlugin/]: Stopping JEI GUI
[12:22:14] [Render thread/DEBUG] [me.je.li.lo.PluginCallerTimerRunnable/]: Sending Runtime Unavailable: jei:debug...
[12:22:14] [Render thread/DEBUG] [me.je.li.lo.PluginCallerTimerRunnable/]: Sending Runtime Unavailable: jei:gui...
[12:22:14] [Render thread/DEBUG] [me.je.li.lo.PluginCallerTimerRunnable/]: Sending Runtime Unavailable: jei:internal...
[12:22:14] [Render thread/INFO] [me.je.li.lo.PluginCaller/]: Sending Runtime Unavailable took 2.332 milliseconds
[12:22:14] [Render thread/DEBUG] [me.je.ne.st.StartEventObserver/]: JEI StartEventObserver transitioning state from LISTENING to JEI_STARTED
[12:22:14] [Render thread/INFO] [me.je.co.ut.LoggedTimer/]: Starting JEI...
[12:22:14] [Render thread/INFO] [me.je.li.lo.PluginCaller/]: Registering item subtypes...
[12:22:14] [Render thread/DEBUG] [me.je.li.lo.PluginCallerTimerRunnable/]: Registering item subtypes: jei:minecraft...
[12:22:14] [Render thread/DEBUG] [me.je.li.lo.PluginCallerTimerRunnable/]: Registering item subtypes: emi:jemi...
[12:22:14] [Render thread/DEBUG] [me.je.li.lo.PluginCallerTimerRunnable/]: Registering item subtypes: vestige:ritual_viewer...
[12:22:14] [Render thread/DEBUG] [me.je.li.lo.PluginCallerTimerRunnable/]: Registering item subtypes: jei:neoforge_gui...
[12:22:14] [Render thread/DEBUG] [me.je.li.lo.PluginCallerTimerRunnable/]: Registering item subtypes: jei:debug...
[12:22:14] [Render thread/DEBUG] [me.je.li.lo.PluginCallerTimerRunnable/]: Registering item subtypes: jei:gui...
[12:22:14] [Render thread/DEBUG] [me.je.li.lo.PluginCallerTimerRunnable/]: Registering item subtypes: jei:internal...
[12:22:14] [Render thread/INFO] [me.je.li.lo.PluginCaller/]: Registering item subtypes took 675.3 microseconds
[12:22:14] [Render thread/INFO] [me.je.li.lo.PluginCaller/]: Registering fluid subtypes...
[12:22:14] [Render thread/DEBUG] [me.je.li.lo.PluginCallerTimerRunnable/]: Registering fluid subtypes: jei:minecraft...
[12:22:14] [Render thread/DEBUG] [me.je.li.lo.PluginCallerTimerRunnable/]: Registering fluid subtypes: emi:jemi...
[12:22:14] [Render thread/DEBUG] [me.je.li.lo.PluginCallerTimerRunnable/]: Registering fluid subtypes: vestige:ritual_viewer...
[12:22:14] [Render thread/DEBUG] [me.je.li.lo.PluginCallerTimerRunnable/]: Registering fluid subtypes: jei:neoforge_gui...
[12:22:14] [Render thread/DEBUG] [me.je.li.lo.PluginCallerTimerRunnable/]: Registering fluid subtypes: jei:debug...
[12:22:14] [Render thread/DEBUG] [me.je.li.lo.PluginCallerTimerRunnable/]: Registering fluid subtypes: jei:gui...
[12:22:14] [Render thread/DEBUG] [me.je.li.lo.PluginCallerTimerRunnable/]: Registering fluid subtypes: jei:internal...
[12:22:14] [Render thread/INFO] [me.je.li.lo.PluginCaller/]: Registering fluid subtypes took 343.5 microseconds
[12:22:14] [Render thread/INFO] [me.je.li.lo.PluginCaller/]: Registering ingredients...
[12:22:14] [Render thread/DEBUG] [me.je.li.lo.PluginCallerTimerRunnable/]: Registering ingredients: jei:minecraft...
[12:22:14] [Render thread/DEBUG] [me.je.co.co.fi.ConfigSerializer/]: Skipping loading config file, it was just saved by us: /Users/quzzar/Projects/vestige/run/wands-both-kith-final/config/jei/jei-client.ini
[12:22:14] [Render thread/DEBUG] [me.je.li.pl.va.in.ItemStackListFactory/]: Added  402/ 402 new items from 'Building Blocks' creative tab's displayItems
[12:22:14] [Render thread/DEBUG] [me.je.li.pl.va.in.ItemStackListFactory/]: Added  198/ 198 new items from 'Colored Blocks' creative tab's displayItems
[12:22:14] [Render thread/DEBUG] [me.je.li.pl.va.in.ItemStackListFactory/]: Added  201/ 226 new items from 'Natural Blocks' creative tab's displayItems
[12:22:14] [Render thread/DEBUG] [me.je.li.pl.va.in.ItemStackListFactory/]: Added  200/ 333 new items from 'Functional Blocks' creative tab's displayItems
[12:22:14] [Render thread/WARN] [me.je.li.pl.va.in.ItemStackListFactory/]: 46 duplicate items were found in 'Functional Blocks' creative tab's: displayItems
This may indicate that these types of item need a subtype interpreter added to JEI:
[minecraft:painting]
[12:22:14] [Render thread/DEBUG] [me.je.li.pl.va.in.ItemStackListFactory/]: Added   29/  68 new items from 'Redstone Blocks' creative tab's displayItems
[12:22:14] [Render thread/DEBUG] [me.je.li.pl.va.in.ItemStackListFactory/]: Skipping creative tab: 'Saved Hotbars' because it is type: HOTBAR
[12:22:14] [Render thread/DEBUG] [me.je.li.pl.va.in.ItemStackListFactory/]: Skipping creative tab: 'Search Items' because it is type: SEARCH
[12:22:14] [Render thread/DEBUG] [me.je.li.pl.va.in.ItemStackListFactory/]: Added   92/ 113 new items from 'Tools & Utilities' creative tab's displayItems
[12:22:14] [Render thread/WARN] [me.je.li.pl.va.in.ItemStackListFactory/]: 9 duplicate items were found in 'Tools & Utilities' creative tab's: displayItems
This may indicate that these types of item need a subtype interpreter added to JEI:
[minecraft:firework_rocket, minecraft:goat_horn]
[12:22:14] [Render thread/DEBUG] [me.je.li.pl.va.in.ItemStackListFactory/]: Added   47/ 104 new items from 'Combat' creative tab's displayItems
[12:22:14] [Render thread/WARN] [me.je.li.pl.va.in.ItemStackListFactory/]: 45 duplicate items were found in 'Combat' creative tab's: displayItems
This may indicate that these types of item need a subtype interpreter added to JEI:
[minecraft:tipped_arrow]
[12:22:14] [Render thread/DEBUG] [me.je.li.pl.va.in.ItemStackListFactory/]: Added   43/ 193 new items from 'Food & Drinks' creative tab's displayItems
[12:22:14] [Render thread/WARN] [me.je.li.pl.va.in.ItemStackListFactory/]: 147 duplicate items were found in 'Food & Drinks' creative tab's: displayItems
This may indicate that these types of item need a subtype interpreter added to JEI:
[minecraft:ominous_bottle, minecraft:lingering_potion, minecraft:potion, minecraft:splash_potion, minecraft:suspicious_stew]
[12:22:14] [Render thread/DEBUG] [me.je.li.pl.va.in.ItemStackListFactory/]: Added  143/ 500 new items from 'Ingredients' creative tab's displayItems
[12:22:14] [Render thread/WARN] [me.je.li.pl.va.in.ItemStackListFactory/]: 343 duplicate items were found in 'Ingredients' creative tab's: displayItems
This may indicate that these types of item need a subtype interpreter added to JEI:
[vestige:staff, vestige:scroll_fragment, minecraft:enchanted_book, vestige:spell_scroll]
[12:22:14] [Render thread/DEBUG] [me.je.li.pl.va.in.ItemStackListFactory/]: Added    0/ 583 new items from 'Ingredients' creative tab's searchTabDisplayItems
[12:22:14] [Render thread/DEBUG] [me.je.li.pl.va.in.ItemStackListFactory/]: Added   81/  81 new items from 'Spawn Eggs' creative tab's displayItems
[12:22:14] [Render thread/DEBUG] [me.je.li.pl.va.in.ItemStackListFactory/]: Added   10/  29 new items from 'Operator Utilities' creative tab's displayItems
[12:22:14] [Render thread/WARN] [me.je.li.pl.va.in.ItemStackListFactory/]: 15 duplicate items were found in 'Operator Utilities' creative tab's: displayItems
This may indicate that these types of item need a subtype interpreter added to JEI:
[minecraft:light]
[12:22:14] [Render thread/DEBUG] [me.je.li.pl.va.in.ItemStackListFactory/]: Skipping creative tab: 'Survival Inventory' because it is type: INVENTORY
[12:22:14] [Render thread/INFO] [me.je.li.lo.PluginCallerTimerRunnable/]: Registering ingredients: jei:minecraft took 27.92 milliseconds
[12:22:14] [Render thread/DEBUG] [me.je.li.lo.PluginCallerTimerRunnable/]: Registering ingredients: emi:jemi...
[12:22:14] [Render thread/DEBUG] [me.je.li.lo.PluginCallerTimerRunnable/]: Registering ingredients: vestige:ritual_viewer...
[12:22:14] [Render thread/DEBUG] [me.je.li.lo.PluginCallerTimerRunnable/]: Registering ingredients: jei:neoforge_gui...
[12:22:14] [Render thread/DEBUG] [me.je.li.lo.PluginCallerTimerRunnable/]: Registering ingredients: jei:debug...
[12:22:14] [Render thread/DEBUG] [me.je.co.co.fi.ConfigSerializer/]: Skipping loading config file, it was just saved by us: /Users/quzzar/Projects/vestige/run/wands-both-kith-final/config/jei/jei-debug.ini
[12:22:14] [Render thread/DEBUG] [me.je.li.lo.PluginCallerTimerRunnable/]: Registering ingredients: jei:gui...
[12:22:14] [Render thread/DEBUG] [me.je.li.lo.PluginCallerTimerRunnable/]: Registering ingredients: jei:internal...
[12:22:14] [Render thread/INFO] [me.je.li.lo.PluginCaller/]: Registering ingredients took 28.57 milliseconds
[12:22:14] [Render thread/INFO] [me.je.li.lo.PluginCaller/]: Registering extra ingredients...
[12:22:14] [Render thread/DEBUG] [me.je.li.lo.PluginCallerTimerRunnable/]: Registering extra ingredients: jei:minecraft...
[12:22:14] [Render thread/DEBUG] [me.je.li.lo.PluginCallerTimerRunnable/]: Registering extra ingredients: emi:jemi...
[12:22:14] [Render thread/DEBUG] [me.je.li.lo.PluginCallerTimerRunnable/]: Registering extra ingredients: vestige:ritual_viewer...
[12:22:14] [Render thread/DEBUG] [me.je.li.lo.PluginCallerTimerRunnable/]: Registering extra ingredients: jei:neoforge_gui...
[12:22:14] [Render thread/DEBUG] [me.je.li.lo.PluginCallerTimerRunnable/]: Registering extra ingredients: jei:debug...
[12:22:14] [Render thread/DEBUG] [me.je.li.lo.PluginCallerTimerRunnable/]: Registering extra ingredients: jei:gui...
[12:22:14] [Render thread/DEBUG] [me.je.li.lo.PluginCallerTimerRunnable/]: Registering extra ingredients: jei:internal...
[12:22:14] [Render thread/INFO] [me.je.li.lo.PluginCaller/]: Registering extra ingredients took 412.5 microseconds
[12:22:14] [Render thread/INFO] [me.je.li.lo.PluginCaller/]: Registering search ingredient aliases...
[12:22:14] [Render thread/DEBUG] [me.je.li.lo.PluginCallerTimerRunnable/]: Registering search ingredient aliases: jei:minecraft...
[12:22:14] [Render thread/DEBUG] [me.je.li.lo.PluginCallerTimerRunnable/]: Registering search ingredient aliases: emi:jemi...
[12:22:14] [Render thread/DEBUG] [me.je.li.lo.PluginCallerTimerRunnable/]: Registering search ingredient aliases: vestige:ritual_viewer...
[12:22:14] [Render thread/DEBUG] [me.je.li.lo.PluginCallerTimerRunnable/]: Registering search ingredient aliases: jei:neoforge_gui...
[12:22:14] [Render thread/DEBUG] [me.je.li.lo.PluginCallerTimerRunnable/]: Registering search ingredient aliases: jei:debug...
[12:22:14] [Render thread/DEBUG] [me.je.li.lo.PluginCallerTimerRunnable/]: Registering search ingredient aliases: jei:gui...
[12:22:14] [Render thread/DEBUG] [me.je.li.lo.PluginCallerTimerRunnable/]: Registering search ingredient aliases: jei:internal...
[12:22:14] [Render thread/INFO] [me.je.li.lo.PluginCaller/]: Registering search ingredient aliases took 453.9 microseconds
[12:22:14] [Render thread/INFO] [me.je.li.lo.PluginCaller/]: Registering Mod Info...
[12:22:14] [Render thread/DEBUG] [me.je.li.lo.PluginCallerTimerRunnable/]: Registering Mod Info: jei:minecraft...
[12:22:14] [Render thread/DEBUG] [me.je.li.lo.PluginCallerTimerRunnable/]: Registering Mod Info: emi:jemi...
[12:22:14] [Render thread/DEBUG] [me.je.li.lo.PluginCallerTimerRunnable/]: Registering Mod Info: vestige:ritual_viewer...
[12:22:14] [Render thread/DEBUG] [me.je.li.lo.PluginCallerTimerRunnable/]: Registering Mod Info: jei:neoforge_gui...
[12:22:14] [Render thread/DEBUG] [me.je.li.lo.PluginCallerTimerRunnable/]: Registering Mod Info: jei:debug...
[12:22:14] [Render thread/DEBUG] [me.je.li.lo.PluginCallerTimerRunnable/]: Registering Mod Info: jei:gui...
[12:22:14] [Render thread/DEBUG] [me.je.li.lo.PluginCallerTimerRunnable/]: Registering Mod Info: jei:internal...
[12:22:14] [Render thread/INFO] [me.je.li.lo.PluginCaller/]: Registering Mod Info took 450.0 microseconds
[12:22:14] [Render thread/INFO] [me.je.li.lo.PluginCaller/]: Registering categories...
[12:22:14] [Render thread/DEBUG] [me.je.li.lo.PluginCallerTimerRunnable/]: Registering categories: jei:minecraft...
[12:22:14] [Render thread/DEBUG] [me.je.li.lo.PluginCallerTimerRunnable/]: Registering categories: emi:jemi...
[12:22:14] [Render thread/DEBUG] [me.je.li.lo.PluginCallerTimerRunnable/]: Registering categories: vestige:ritual_viewer...
[12:22:14] [Render thread/DEBUG] [me.je.li.lo.PluginCallerTimerRunnable/]: Registering categories: jei:neoforge_gui...
[12:22:14] [Render thread/DEBUG] [me.je.li.lo.PluginCallerTimerRunnable/]: Registering categories: jei:debug...
[12:22:14] [Render thread/DEBUG] [me.je.li.lo.PluginCallerTimerRunnable/]: Registering categories: jei:gui...
[12:22:14] [Render thread/DEBUG] [me.je.li.lo.PluginCallerTimerRunnable/]: Registering categories: jei:internal...
[12:22:14] [Render thread/INFO] [me.je.li.lo.PluginCaller/]: Registering categories took 1.695 milliseconds
[12:22:14] [Render thread/INFO] [me.je.li.lo.PluginCaller/]: Registering vanilla category extensions...
[12:22:14] [Render thread/DEBUG] [me.je.li.lo.PluginCallerTimerRunnable/]: Registering vanilla category extensions: jei:minecraft...
[12:22:14] [Render thread/DEBUG] [me.je.li.lo.PluginCallerTimerRunnable/]: Registering vanilla category extensions: emi:jemi...
[12:22:14] [Render thread/DEBUG] [me.je.li.lo.PluginCallerTimerRunnable/]: Registering vanilla category extensions: vestige:ritual_viewer...
[12:22:14] [Render thread/DEBUG] [me.je.li.lo.PluginCallerTimerRunnable/]: Registering vanilla category extensions: jei:neoforge_gui...
[12:22:14] [Render thread/DEBUG] [me.je.li.lo.PluginCallerTimerRunnable/]: Registering vanilla category extensions: jei:debug...
[12:22:14] [Render thread/DEBUG] [me.je.li.lo.PluginCallerTimerRunnable/]: Registering vanilla category extensions: jei:gui...
[12:22:14] [Render thread/DEBUG] [me.je.li.lo.PluginCallerTimerRunnable/]: Registering vanilla category extensions: jei:internal...
[12:22:14] [Render thread/INFO] [me.je.li.lo.PluginCaller/]: Registering vanilla category extensions took 625.4 microseconds
[12:22:14] [Render thread/INFO] [me.je.li.lo.PluginCaller/]: Registering recipe catalysts...
[12:22:14] [Render thread/DEBUG] [me.je.li.lo.PluginCallerTimerRunnable/]: Registering recipe catalysts: jei:minecraft...
[12:22:14] [Render thread/DEBUG] [me.je.li.lo.PluginCallerTimerRunnable/]: Registering recipe catalysts: emi:jemi...
[12:22:14] [Render thread/DEBUG] [me.je.li.lo.PluginCallerTimerRunnable/]: Registering recipe catalysts: vestige:ritual_viewer...
[12:22:14] [Render thread/DEBUG] [me.je.li.lo.PluginCallerTimerRunnable/]: Registering recipe catalysts: jei:neoforge_gui...
[12:22:14] [Render thread/DEBUG] [me.je.li.lo.PluginCallerTimerRunnable/]: Registering recipe catalysts: jei:debug...
[12:22:14] [Render thread/DEBUG] [me.je.li.lo.PluginCallerTimerRunnable/]: Registering recipe catalysts: jei:gui...
[12:22:14] [Render thread/DEBUG] [me.je.li.lo.PluginCallerTimerRunnable/]: Registering recipe catalysts: jei:internal...
[12:22:14] [Render thread/INFO] [me.je.li.lo.PluginCaller/]: Registering recipe catalysts took 570.0 microseconds
[12:22:14] [Render thread/INFO] [me.je.co.ut.LoggedTimer/]: Building recipe registry...
[12:22:14] [Render thread/INFO] [me.je.co.ut.LoggedTimer/]: Building recipe registry took 254.5 microseconds
[12:22:14] [Render thread/INFO] [me.je.li.lo.PluginCaller/]: Registering advanced plugins...
[12:22:14] [Render thread/DEBUG] [me.je.li.lo.PluginCallerTimerRunnable/]: Registering advanced plugins: jei:minecraft...
[12:22:14] [Render thread/DEBUG] [me.je.li.lo.PluginCallerTimerRunnable/]: Registering advanced plugins: emi:jemi...
[12:22:14] [Render thread/DEBUG] [me.je.li.lo.PluginCallerTimerRunnable/]: Registering advanced plugins: vestige:ritual_viewer...
[12:22:14] [Render thread/DEBUG] [me.je.li.lo.PluginCallerTimerRunnable/]: Registering advanced plugins: jei:neoforge_gui...
[12:22:14] [Render thread/DEBUG] [me.je.li.lo.PluginCallerTimerRunnable/]: Registering advanced plugins: jei:debug...
[12:22:14] [Render thread/DEBUG] [me.je.li.lo.PluginCallerTimerRunnable/]: Registering advanced plugins: jei:gui...
[12:22:14] [Render thread/DEBUG] [me.je.li.lo.PluginCallerTimerRunnable/]: Registering advanced plugins: jei:internal...
[12:22:14] [Render thread/INFO] [me.je.li.lo.PluginCaller/]: Registering advanced plugins took 324.0 microseconds
[12:22:14] [Render thread/INFO] [me.je.li.lo.PluginCaller/]: Registering recipes...
[12:22:14] [Render thread/DEBUG] [me.je.li.lo.PluginCallerTimerRunnable/]: Registering recipes: jei:minecraft...
[12:22:14] [Render thread/DEBUG] [me.je.li.lo.PluginCallerTimerRunnable/]: Registering recipes: emi:jemi...
[12:22:14] [Render thread/DEBUG] [me.je.li.lo.PluginCallerTimerRunnable/]: Registering recipes: vestige:ritual_viewer...
[12:22:14] [Render thread/DEBUG] [me.je.li.lo.PluginCallerTimerRunnable/]: Registering recipes: jei:neoforge_gui...
[12:22:14] [Render thread/DEBUG] [me.je.li.lo.PluginCallerTimerRunnable/]: Registering recipes: jei:debug...
[12:22:14] [Render thread/DEBUG] [me.je.li.lo.PluginCallerTimerRunnable/]: Registering recipes: jei:gui...
[12:22:14] [Render thread/DEBUG] [me.je.li.lo.PluginCallerTimerRunnable/]: Registering recipes: jei:internal...
[12:22:14] [Render thread/DEBUG] [me.je.li.pl.je.ta.TagInfoRecipeMaker/]: No valid ingredients found for minecraft:item tag: Ropes (c:ropes)
[12:22:14] [Render thread/DEBUG] [me.je.li.pl.je.ta.TagInfoRecipeMaker/]: No valid ingredients found for minecraft:item tag: Candies (c:foods/candy)
[12:22:14] [Render thread/DEBUG] [me.je.li.re.RecipeManagerInternal/]: Adding recipes: RecipeType[uid=minecraft:tag_recipes/item, recipeClass=interface mezz.jei.library.plugins.jei.tags.ITagInfoRecipe]
[12:22:14] [Render thread/DEBUG] [me.je.li.pl.je.ta.TagInfoRecipeMaker/]: No valid ingredients found for minecraft:fluid tag: Gaseous (c:gaseous)
[12:22:14] [Render thread/DEBUG] [me.je.li.pl.je.ta.TagInfoRecipeMaker/]: No valid ingredients found for minecraft:fluid tag: Beetroot Soup (c:beetroot_soup)
[12:22:14] [Render thread/DEBUG] [me.je.li.pl.je.ta.TagInfoRecipeMaker/]: No valid ingredients found for minecraft:fluid tag: Experience (c:experience)
[12:22:14] [Render thread/DEBUG] [me.je.li.pl.je.ta.TagInfoRecipeMaker/]: No valid ingredients found for minecraft:fluid tag: Rabbit Stew (c:rabbit_stew)
[12:22:14] [Render thread/DEBUG] [me.je.li.pl.je.ta.TagInfoRecipeMaker/]: No valid ingredients found for minecraft:fluid tag: Honey (c:honey)
[12:22:14] [Render thread/DEBUG] [me.je.li.pl.je.ta.TagInfoRecipeMaker/]: No valid ingredients found for minecraft:fluid tag: Suspicious Stew (c:suspicious_stew)
[12:22:14] [Render thread/DEBUG] [me.je.li.pl.je.ta.TagInfoRecipeMaker/]: No valid ingredients found for minecraft:fluid tag: Milk (c:milk)
[12:22:14] [Render thread/DEBUG] [me.je.li.pl.je.ta.TagInfoRecipeMaker/]: No valid ingredients found for minecraft:fluid tag: Mushroom Stew (c:mushroom_stew)
[12:22:14] [Render thread/DEBUG] [me.je.li.pl.je.ta.TagInfoRecipeMaker/]: No valid ingredients found for minecraft:fluid tag: Potion (c:potion)
[12:22:14] [Render thread/DEBUG] [me.je.li.re.RecipeManagerInternal/]: Adding recipes: RecipeType[uid=minecraft:tag_recipes/fluid, recipeClass=interface mezz.jei.library.plugins.jei.tags.ITagInfoRecipe]
[12:22:14] [Render thread/DEBUG] [me.je.li.pl.je.ta.TagInfoRecipeMaker/]: No valid ingredients found for minecraft:block tag: Relocation Not Supported (c:relocation_not_supported)
[12:22:14] [Render thread/DEBUG] [me.je.li.pl.je.ta.TagInfoRecipeMaker/]: No valid ingredients found for minecraft:block tag: Ropes (c:ropes)
[12:22:14] [Render thread/DEBUG] [me.je.li.pl.je.ta.TagInfoRecipeMaker/]: No valid ingredients found for minecraft:block tag: #minecraft:air (minecraft:air)
[12:22:14] [Render thread/DEBUG] [me.je.li.pl.je.ta.TagInfoRecipeMaker/]: No valid ingredients found for minecraft:block tag: #minecraft:portals (minecraft:portals)
[12:22:14] [Render thread/DEBUG] [me.je.li.pl.je.ta.TagInfoRecipeMaker/]: No valid ingredients found for minecraft:block tag: #minecraft:incorrect_for_netherite_tool (minecraft:incorrect_for_netherite_tool)
[12:22:14] [Render thread/DEBUG] [me.je.li.pl.je.ta.TagInfoRecipeMaker/]: No valid ingredients found for minecraft:block tag: #minecraft:invalid_spawn_inside (minecraft:invalid_spawn_inside)
[12:22:14] [Render thread/DEBUG] [me.je.li.pl.je.ta.TagInfoRecipeMaker/]: No valid ingredients found for minecraft:block tag: #minecraft:candle_cakes (minecraft:candle_cakes)
[12:22:14] [Render thread/DEBUG] [me.je.li.pl.je.ta.TagInfoRecipeMaker/]: No valid ingredients found for minecraft:block tag: #minecraft:strider_warm_blocks (minecraft:strider_warm_blocks)
[12:22:14] [Render thread/DEBUG] [me.je.li.pl.je.ta.TagInfoRecipeMaker/]: No valid ingredients found for minecraft:block tag: #minecraft:incorrect_for_diamond_tool (minecraft:incorrect_for_diamond_tool)
[12:22:14] [Render thread/DEBUG] [me.je.li.pl.je.ta.TagInfoRecipeMaker/]: No valid ingredients found for minecraft:block tag: #minecraft:fire (minecraft:fire)
[12:22:14] [Render thread/DEBUG] [me.je.li.pl.je.ta.TagInfoRecipeMaker/]: No valid ingredients found for minecraft:block tag: Enderman Place On Blacklist (neoforge:enderman_place_on_blacklist)
[12:22:14] [Render thread/DEBUG] [me.je.li.re.RecipeManagerInternal/]: Adding recipes: RecipeType[uid=minecraft:tag_recipes/block, recipeClass=interface mezz.jei.library.plugins.jei.tags.ITagInfoRecipe]
[12:22:14] [Render thread/INFO] [me.je.li.lo.PluginCallerTimerRunnable/]: Registering recipes: jei:internal took 24.99 milliseconds
[12:22:14] [Render thread/INFO] [me.je.li.lo.PluginCaller/]: Registering recipes took 25.78 milliseconds
[12:22:14] [Render thread/INFO] [me.je.li.lo.PluginCaller/]: Registering recipes transfer handlers...
[12:22:14] [Render thread/DEBUG] [me.je.li.lo.PluginCallerTimerRunnable/]: Registering recipes transfer handlers: jei:minecraft...
[12:22:14] [Render thread/DEBUG] [me.je.li.lo.PluginCallerTimerRunnable/]: Registering recipes transfer handlers: emi:jemi...
[12:22:14] [Render thread/DEBUG] [me.je.li.lo.PluginCallerTimerRunnable/]: Registering recipes transfer handlers: vestige:ritual_viewer...
[12:22:14] [Render thread/DEBUG] [me.je.li.lo.PluginCallerTimerRunnable/]: Registering recipes transfer handlers: jei:neoforge_gui...
[12:22:14] [Render thread/DEBUG] [me.je.li.lo.PluginCallerTimerRunnable/]: Registering recipes transfer handlers: jei:debug...
[12:22:14] [Render thread/DEBUG] [me.je.li.lo.PluginCallerTimerRunnable/]: Registering recipes transfer handlers: jei:gui...
[12:22:14] [Render thread/DEBUG] [me.je.li.lo.PluginCallerTimerRunnable/]: Registering recipes transfer handlers: jei:internal...
[12:22:14] [Render thread/INFO] [me.je.li.lo.PluginCaller/]: Registering recipes transfer handlers took 609.2 microseconds
[12:22:14] [Render thread/INFO] [me.je.co.ut.LoggedTimer/]: Building runtime...
[12:22:14] [Render thread/INFO] [me.je.li.lo.PluginCaller/]: Registering gui handlers...
[12:22:14] [Render thread/DEBUG] [me.je.li.lo.PluginCallerTimerRunnable/]: Registering gui handlers: jei:minecraft...
[12:22:14] [Render thread/DEBUG] [me.je.li.lo.PluginCallerTimerRunnable/]: Registering gui handlers: emi:jemi...
[12:22:14] [Render thread/DEBUG] [me.je.li.lo.PluginCallerTimerRunnable/]: Registering gui handlers: vestige:ritual_viewer...
[12:22:14] [Render thread/DEBUG] [me.je.li.lo.PluginCallerTimerRunnable/]: Registering gui handlers: jei:neoforge_gui...
[12:22:14] [Render thread/DEBUG] [me.je.li.lo.PluginCallerTimerRunnable/]: Registering gui handlers: jei:debug...
[12:22:14] [Render thread/DEBUG] [me.je.li.lo.PluginCallerTimerRunnable/]: Registering gui handlers: jei:gui...
[12:22:14] [Render thread/DEBUG] [me.je.li.lo.PluginCallerTimerRunnable/]: Registering gui handlers: jei:internal...
[12:22:14] [Render thread/INFO] [me.je.li.lo.PluginCaller/]: Registering gui handlers took 342.6 microseconds
[12:22:14] [Render thread/INFO] [me.je.li.lo.PluginCaller/]: Registering Runtime...
[12:22:14] [Render thread/DEBUG] [me.je.li.lo.PluginCallerTimerRunnable/]: Registering Runtime: jei:minecraft...
[12:22:14] [Render thread/DEBUG] [me.je.li.lo.PluginCallerTimerRunnable/]: Registering Runtime: emi:jemi...
[12:22:14] [Render thread/DEBUG] [me.je.li.lo.PluginCallerTimerRunnable/]: Registering Runtime: vestige:ritual_viewer...
[12:22:14] [Render thread/DEBUG] [me.je.li.lo.PluginCallerTimerRunnable/]: Registering Runtime: jei:neoforge_gui...
[12:22:14] [Render thread/DEBUG] [me.je.li.lo.PluginCallerTimerRunnable/]: Registering Runtime: jei:debug...
[12:22:14] [Render thread/DEBUG] [me.je.li.lo.PluginCallerTimerRunnable/]: Registering Runtime: jei:gui...
[12:22:14] [Render thread/DEBUG] [me.je.li.lo.PluginCallerTimerRunnable/]: Registering Runtime: jei:internal...
[12:22:14] [Render thread/INFO] [me.je.li.lo.PluginCaller/]: Registering Runtime took 317.9 microseconds
[12:22:14] [Render thread/INFO] [me.je.co.ut.LoggedTimer/]: Building runtime took 914.8 microseconds
[12:22:14] [Render thread/INFO] [me.je.li.lo.PluginCaller/]: Sending Runtime...
[12:22:14] [Render thread/DEBUG] [me.je.li.lo.PluginCallerTimerRunnable/]: Sending Runtime: jei:minecraft...
[12:22:14] [Render thread/DEBUG] [me.je.li.lo.PluginCallerTimerRunnable/]: Sending Runtime: emi:jemi...
[12:22:14] [Render thread/DEBUG] [me.je.li.lo.PluginCallerTimerRunnable/]: Sending Runtime: vestige:ritual_viewer...
[12:22:14] [Render thread/DEBUG] [me.je.li.lo.PluginCallerTimerRunnable/]: Sending Runtime: jei:neoforge_gui...
[12:22:14] [Render thread/DEBUG] [me.je.li.lo.PluginCallerTimerRunnable/]: Sending Runtime: jei:debug...
[12:22:14] [Render thread/DEBUG] [me.je.li.lo.PluginCallerTimerRunnable/]: Sending Runtime: jei:gui...
[12:22:14] [Render thread/DEBUG] [me.je.li.lo.PluginCallerTimerRunnable/]: Sending Runtime: jei:internal...
[12:22:14] [Render thread/INFO] [me.je.li.lo.PluginCaller/]: Sending Runtime took 279.6 microseconds
[12:22:14] [Render thread/INFO] [me.je.co.ut.LoggedTimer/]: Starting JEI took 69.40 milliseconds
[12:22:14] [Render thread/INFO] [EMI/]: [EMI] Recipes synchronized, reloading EMI
[12:22:14] [Render thread/INFO] [EMI/]: [EMI] Starting Reload
[12:22:14] [Thread-25/INFO] [EMI/]: [EMI] Starting EMI reload...
[12:22:14] [Thread-25/INFO] [EMI/]: [EMI] Clearing data
[12:22:14] [Thread-25/INFO] [EMI/]: [EMI] Initializing plugin from emi
[12:22:14] [Thread-25/INFO] [EMI/]: [EMI] Initialized plugin from emi in 0ms
[12:22:14] [Thread-25/INFO] [EMI/]: [EMI] Initializing plugin from vestige
[12:22:14] [Thread-25/INFO] [EMI/]: [EMI] Initialized plugin from vestige in 0ms
[12:22:14] [Thread-25/INFO] [EMI/]: [EMI] Initializing plugin from jemi
[12:22:14] [Thread-25/INFO] [EMI/]: [EMI] Initialized plugin from jemi in 0ms
[12:22:14] [Thread-25/INFO] [EMI/]: [EMI] Processing tags
[12:22:14] [Thread-25/ERROR] [EMI/]: [EMI] Untranslated tag #kithkyn:mine_support_materials
[12:22:14] [Thread-25/INFO] [EMI/]: [EMI]  Tag warning can be disabled in the config, EMI docs describe how to add a translation or exclude tags.
[12:22:14] [Thread-25/INFO] [EMI/]: [EMI] Constructing index
[12:22:14] [Thread-25/INFO] [EMI/]: [EMI] Reloading item groups on client thread...
[12:22:14] [Thread-25/INFO] [EMI/]: [EMI] Reloading item groups on client thread took 54ms
[12:22:14] [Thread-25/INFO] [EMI/]: [EMI] Loading plugin from emi
[12:22:14] [Thread-25/INFO] [EMI/]: [EMI] Reloaded plugin from emi in 71ms
[12:22:14] [Thread-25/INFO] [EMI/]: [EMI] Loading plugin from vestige
[12:22:14] [Thread-25/INFO] [EMI/]: [EMI] Reloaded plugin from vestige in 262ms
[12:22:14] [Thread-25/INFO] [EMI/]: [EMI] Loading plugin from jemi
[12:22:14] [Thread-25/INFO] [EMI/]: [EMI] [JEMI] Waiting for JEI to finish reloading...
[12:22:14] [Thread-25/INFO] [EMI/]: [EMI] Waiting for JEI to finish...
[12:22:14] [Thread-25/INFO] [EMI/]: [EMI] [JEMI] JEI reloaded!
[12:22:14] [Thread-25/INFO] [EMI/]: [EMI] Loading information from JEI...
[12:22:14] [Thread-25/INFO] [EMI/]: [EMI] Processing JEI stacks...
[12:22:14] [Thread-25/INFO] [EMI/]: [EMI] Processing JEI subtypes...
[12:22:14] [Thread-25/INFO] [EMI/]: [EMI] Processing JEI recipes...
[12:22:14] [Thread-25/INFO] [EMI/]: [EMI] [JEMI] Collecting data for Crafting
[12:22:14] [Thread-25/INFO] [EMI/]: [EMI] Loading JEI data for Crafting
[12:22:14] [Thread-25/INFO] [EMI/]: [EMI] [JEMI] Collecting data for Anvil
[12:22:14] [Thread-25/INFO] [EMI/]: [EMI] Loading JEI data for Anvil
[12:22:14] [Thread-25/INFO] [EMI/]: [EMI] [JEMI] Collecting data for Blasting
[12:22:14] [Thread-25/INFO] [EMI/]: [EMI] Loading JEI data for Blasting
[12:22:14] [Thread-25/INFO] [EMI/]: [EMI] [JEMI] Collecting data for Brewing
[12:22:14] [Thread-25/INFO] [EMI/]: [EMI] Loading JEI data for Brewing
[12:22:14] [Thread-25/INFO] [EMI/]: [EMI] [JEMI] Collecting data for Campfire Cooking
[12:22:14] [Thread-25/INFO] [EMI/]: [EMI] Loading JEI data for Campfire Cooking
[12:22:14] [Thread-25/INFO] [EMI/]: [EMI] [JEMI] Collecting data for Composting
[12:22:14] [Thread-25/INFO] [EMI/]: [EMI] Loading JEI data for Composting
[12:22:14] [Thread-25/INFO] [EMI/]: [EMI] [JEMI] Collecting data for Fuel
[12:22:14] [Thread-25/INFO] [EMI/]: [EMI] Loading JEI data for Fuel
[12:22:14] [Thread-25/INFO] [EMI/]: [EMI] [JEMI] Collecting data for Grindstone
[12:22:14] [Thread-25/INFO] [EMI/]: [EMI] Loading JEI data for Grindstone
[12:22:14] [Thread-25/INFO] [EMI/]: [EMI] [JEMI] Collecting data for Smelting
[12:22:14] [Thread-25/INFO] [EMI/]: [EMI] Loading JEI data for Smelting
[12:22:14] [Thread-25/INFO] [EMI/]: [EMI] [JEMI] Collecting data for Smithing Table
[12:22:14] [Thread-25/INFO] [EMI/]: [EMI] Loading JEI data for Smithing Table
[12:22:14] [Thread-25/INFO] [EMI/]: [EMI] [JEMI] Collecting data for Smoking
[12:22:14] [Thread-25/INFO] [EMI/]: [EMI] Loading JEI data for Smoking
[12:22:14] [Thread-25/INFO] [EMI/]: [EMI] [JEMI] Collecting data for Stonecutting
[12:22:14] [Thread-25/INFO] [EMI/]: [EMI] Loading JEI data for Stonecutting
[12:22:14] [Thread-25/INFO] [EMI/]: [EMI] [JEMI] Collecting data for Block Tags
[12:22:14] [Thread-25/INFO] [EMI/]: [EMI] Loading JEI data for Block Tags
[12:22:14] [Thread-25/INFO] [EMI/]: [EMI] [JEMI] Collecting data for Fluid Tags
[12:22:14] [Thread-25/INFO] [EMI/]: [EMI] Loading JEI data for Fluid Tags
[12:22:14] [Thread-25/INFO] [EMI/]: [EMI] [JEMI] Collecting data for Item Tags
[12:22:14] [Thread-25/INFO] [EMI/]: [EMI] Loading JEI data for Item Tags
[12:22:14] [Thread-25/INFO] [EMI/]: [EMI] [JEMI] Collecting data for Information
[12:22:14] [Thread-25/INFO] [EMI/]: [EMI] Loading JEI data for Information
[12:22:14] [Thread-25/INFO] [EMI/]: [EMI] Reloaded plugin from jemi in 18ms
[12:22:14] [Thread-25/INFO] [EMI/]: [EMI] Baking index
[12:22:14] [Thread-25/INFO] [EMI/]: [EMI] Registering late recipes
[12:22:14] [Thread-25/INFO] [EMI/]: [EMI] Baking recipes
[12:22:15] [Thread-25/ERROR] [EMI/]: [EMI] 2 recipes loaded with the same id: jei:/c/dyed/light_blue
[12:22:15] [Thread-25/ERROR] [EMI/]: [EMI] 2 recipes loaded with the same id: jei:/c/sands/colorless
[12:22:15] [Thread-25/ERROR] [EMI/]: [EMI] 2 recipes loaded with the same id: jei:/minecraft/mangrove_logs
[12:22:15] [Thread-25/ERROR] [EMI/]: [EMI] 2 recipes loaded with the same id: jei:/minecraft/slabs
[12:22:15] [Thread-25/ERROR] [EMI/]: [EMI] 2 recipes loaded with the same id: jei:/minecraft/soul_fire_base_blocks
[12:22:15] [Thread-25/ERROR] [EMI/]: [EMI] 2 recipes loaded with the same id: jei:/c/fences
[12:22:15] [Thread-25/ERROR] [EMI/]: [EMI] 2 recipes loaded with the same id: jei:/c/dyed/magenta
[12:22:15] [Thread-25/ERROR] [EMI/]: [EMI] 2 recipes loaded with the same id: jei:/c/storage_blocks/slime
[12:22:15] [Thread-25/ERROR] [EMI/]: [EMI] 2 recipes loaded with the same id: jei:/c/chests/ender
[12:22:15] [Thread-25/ERROR] [EMI/]: [EMI] 2 recipes loaded with the same id: jei:/c/dyed/purple
[12:22:15] [Thread-25/ERROR] [EMI/]: [EMI] 2 recipes loaded with the same id: jei:/minecraft/banners
[12:22:15] [Thread-25/ERROR] [EMI/]: [EMI] 2 recipes loaded with the same id: jei:/c/sandstone/slabs
[12:22:15] [Thread-25/ERROR] [EMI/]: [EMI] 2 recipes loaded with the same id: jei:/c/ores/gold
[12:22:15] [Thread-25/ERROR] [EMI/]: [EMI] 2 recipes loaded with the same id: jei:/c/storage_blocks/wheat
[12:22:15] [Thread-25/ERROR] [EMI/]: [EMI] 2 recipes loaded with the same id: jei:/c/ores_in_ground/stone
[12:22:15] [Thread-25/ERROR] [EMI/]: [EMI] 2 recipes loaded with the same id: jei:/c/storage_blocks/bone_meal
[12:22:15] [Thread-25/ERROR] [EMI/]: [EMI] 2 recipes loaded with the same id: jei:/c/dyed/gray
[12:22:15] [Thread-25/ERROR] [EMI/]: [EMI] 2 recipes loaded with the same id: jei:/c/ores/quartz
[12:22:15] [Thread-25/ERROR] [EMI/]: [EMI] 2 recipes loaded with the same id: jei:/minecraft/stone_buttons
[12:22:15] [Thread-25/ERROR] [EMI/]: [EMI] 2 recipes loaded with the same id: jei:/c/dyed/cyan
[12:22:15] [Thread-25/ERROR] [EMI/]: [EMI] 2 recipes loaded with the same id: jei:/c/dyed
[12:22:15] [Thread-25/ERROR] [EMI/]: [EMI] 2 recipes loaded with the same id: jei:/minecraft/wooden_buttons
[12:22:15] [Thread-25/ERROR] [EMI/]: [EMI] 2 recipes loaded with the same id: jei:/c/glazed_terracottas
[12:22:15] [Thread-25/ERROR] [EMI/]: [EMI] 2 recipes loaded with the same id: jei:/minecraft/smelts_to_glass
[12:22:15] [Thread-25/ERROR] [EMI/]: [EMI] 2 recipes loaded with the same id: jei:/minecraft/wooden_pressure_plates
[12:22:15] [Thread-25/ERROR] [EMI/]: [EMI] 2 recipes loaded with the same id: jei:/minecraft/trapdoors
[12:22:15] [Thread-25/ERROR] [EMI/]: [EMI] 2 recipes loaded with the same id: jei:/minecraft/spruce_logs
[12:22:15] [Thread-25/ERROR] [EMI/]: [EMI] 2 recipes loaded with the same id: jei:/c/chests
[12:22:15] [Thread-25/ERROR] [EMI/]: [EMI] 2 recipes loaded with the same id: jei:/minecraft/anvil
[12:22:15] [Thread-25/ERROR] [EMI/]: [EMI] 2 recipes loaded with the same id: jei:/minecraft/oak_logs
[12:22:15] [Thread-25/ERROR] [EMI/]: [EMI] 2 recipes loaded with the same id: jei:/minecraft/wooden_trapdoors
[12:22:15] [Thread-25/ERROR] [EMI/]: [EMI] 2 recipes loaded with the same id: jei:/minecraft/wooden_stairs
[12:22:15] [Thread-25/ERROR] [EMI/]: [EMI] 2 recipes loaded with the same id: jei:/minecraft/stone_bricks
[12:22:15] [Thread-25/ERROR] [EMI/]: [EMI] 2 recipes loaded with the same id: jei:/c/sandstone/red_slabs
[12:22:15] [Thread-25/ERROR] [EMI/]: [EMI] 2 recipes loaded with the same id: jei:/c/storage_blocks/gold
[12:22:15] [Thread-25/ERROR] [EMI/]: [EMI] 2 recipes loaded with the same id: jei:/minecraft/planks
[12:22:15] [Thread-25/ERROR] [EMI/]: [EMI] 2 recipes loaded with the same id: jei:/minecraft/leaves
[12:22:15] [Thread-25/ERROR] [EMI/]: [EMI] 2 recipes loaded with the same id: jei:/c/storage_blocks/copper
[12:22:15] [Thread-25/ERROR] [EMI/]: [EMI] 2 recipes loaded with the same id: jei:/minecraft/bamboo_blocks
[12:22:15] [Thread-25/ERROR] [EMI/]: [EMI] 2 recipes loaded with the same id: jei:/minecraft/doors
[12:22:15] [Thread-25/ERROR] [EMI/]: [EMI] 2 recipes loaded with the same id: jei:/c/dyed/green
[12:22:15] [Thread-25/ERROR] [EMI/]: [EMI] 2 recipes loaded with the same id: jei:/minecraft/beds
[12:22:15] [Thread-25/ERROR] [EMI/]: [EMI] 2 recipes loaded with the same id: jei:/minecraft/copper_ores
[12:22:15] [Thread-25/ERROR] [EMI/]: [EMI] 2 recipes loaded with the same id: jei:/c/dyed/white
[12:22:15] [Thread-25/ERROR] [EMI/]: [EMI] 2 recipes loaded with the same id: jei:/c/ores/netherite_scrap
[12:22:15] [Thread-25/ERROR] [EMI/]: [EMI] 2 recipes loaded with the same id: jei:/c/stripped_woods
[12:22:15] [Thread-25/ERROR] [EMI/]: [EMI] 2 recipes loaded with the same id: jei:/minecraft/candles
[12:22:15] [Thread-25/ERROR] [EMI/]: [EMI] 2 recipes loaded with the same id: jei:/c/storage_blocks/redstone
[12:22:15] [Thread-25/ERROR] [EMI/]: [EMI] 2 recipes loaded with the same id: jei:/c/storage_blocks/lapis
[12:22:15] [Thread-25/ERROR] [EMI/]: [EMI] 2 recipes loaded with the same id: jei:/c/sandstone/uncolored_slabs
[12:22:15] [Thread-25/ERROR] [EMI/]: [EMI] 2 recipes loaded with the same id: jei:/minecraft/buttons
[12:22:15] [Thread-25/ERROR] [EMI/]: [EMI] 2 recipes loaded with the same id: jei:/minecraft/gold_ores
[12:22:15] [Thread-25/ERROR] [EMI/]: [EMI] 2 recipes loaded with the same id: jei:/minecraft/sand
[12:22:15] [Thread-25/ERROR] [EMI/]: [EMI] 2 recipes loaded with the same id: jei:/c/storage_blocks/iron
[12:22:15] [Thread-25/ERROR] [EMI/]: [EMI] 2 recipes loaded with the same id: jei:/c/storage_blocks/raw_copper
[12:22:15] [Thread-25/ERROR] [EMI/]: [EMI] 2 recipes loaded with the same id: jei:/minecraft/dark_oak_logs
[12:22:15] [Thread-25/ERROR] [EMI/]: [EMI] 2 recipes loaded with the same id: jei:/c/dyed/light_gray
[12:22:15] [Thread-25/ERROR] [EMI/]: [EMI] 2 recipes loaded with the same id: jei:/minecraft/emerald_ores
[12:22:15] [Thread-25/ERROR] [EMI/]: [EMI] 2 recipes loaded with the same id: jei:/minecraft/stairs
[12:22:15] [Thread-25/ERROR] [EMI/]: [EMI] 2 recipes loaded with the same id: jei:/c/ore_bearing_ground/netherrack
[12:22:15] [Thread-25/ERROR] [EMI/]: [EMI] 2 recipes loaded with the same id: jei:/c/concretes
[12:22:15] [Thread-25/ERROR] [EMI/]: [EMI] 2 recipes loaded with the same id: jei:/minecraft/logs_that_burn
[12:22:15] [Thread-25/ERROR] [EMI/]: [EMI] 2 recipes loaded with the same id: jei:/c/glass_blocks/tinted
[12:22:15] [Thread-25/ERROR] [EMI/]: [EMI] 2 recipes loaded with the same id: jei:/minecraft/wart_blocks
[12:22:15] [Thread-25/ERROR] [EMI/]: [EMI] 2 recipes loaded with the same id: jei:/minecraft/jungle_logs
[12:22:15] [Thread-25/ERROR] [EMI/]: [EMI] 2 recipes loaded with the same id: jei:/c/cobblestones/infested
[12:22:15] [Thread-25/ERROR] [EMI/]: [EMI] 2 recipes loaded with the same id: jei:/c/glass_panes/colorless
[12:22:15] [Thread-25/ERROR] [EMI/]: [EMI] 2 recipes loaded with the same id: jei:/c/sandstone/red_stairs
[12:22:15] [Thread-25/ERROR] [EMI/]: [EMI] 2 recipes loaded with the same id: jei:/c/ore_bearing_ground/stone
[12:22:15] [Thread-25/ERROR] [EMI/]: [EMI] 2 recipes loaded with the same id: jei:/c/ores_in_ground/netherrack
[12:22:15] [Thread-25/ERROR] [EMI/]: [EMI] 2 recipes loaded with the same id: jei:/c/player_workstations/furnaces
[12:22:15] [Thread-25/ERROR] [EMI/]: [EMI] 2 recipes loaded with the same id: jei:/c/cobblestones/deepslate
[12:22:15] [Thread-25/ERROR] [EMI/]: [EMI] 2 recipes loaded with the same id: jei:/c/storage_blocks/raw_gold
[12:22:15] [Thread-25/ERROR] [EMI/]: [EMI] 2 recipes loaded with the same id: jei:/c/storage_blocks/emerald
[12:22:15] [Thread-25/ERROR] [EMI/]: [EMI] 2 recipes loaded with the same id: jei:/minecraft/coal_ores
[12:22:15] [Thread-25/ERROR] [EMI/]: [EMI] 2 recipes loaded with the same id: jei:/c/chests/wooden
[12:22:15] [Thread-25/ERROR] [EMI/]: [EMI] 2 recipes loaded with the same id: jei:/c/cobblestones/mossy
[12:22:15] [Thread-25/ERROR] [EMI/]: [EMI] 2 recipes loaded with the same id: jei:/c/sandstone/blocks
[12:22:15] [Thread-25/ERROR] [EMI/]: [EMI] 2 recipes loaded with the same id: jei:/minecraft/birch_logs
[12:22:15] [Thread-25/ERROR] [EMI/]: [EMI] 2 recipes loaded with the same id: jei:/minecraft/diamond_ores
[12:22:15] [Thread-25/ERROR] [EMI/]: [EMI] 2 recipes loaded with the same id: jei:/minecraft/tall_flowers
[12:22:15] [Thread-25/ERROR] [EMI/]: [EMI] 2 recipes loaded with the same id: jei:/c/sands
[12:22:15] [Thread-25/ERROR] [EMI/]: [EMI] 2 recipes loaded with the same id: jei:/c/ores/iron
[12:22:15] [Thread-25/ERROR] [EMI/]: [EMI] 2 recipes loaded with the same id: jei:/c/barrels
[12:22:15] [Thread-25/ERROR] [EMI/]: [EMI] 2 recipes loaded with the same id: jei:/c/sandstone/uncolored_blocks
[12:22:15] [Thread-25/ERROR] [EMI/]: [EMI] 2 recipes loaded with the same id: jei:/c/end_stones
[12:22:15] [Thread-25/ERROR] [EMI/]: [EMI] 2 recipes loaded with the same id: jei:/c/dyed/brown
[12:22:15] [Thread-25/ERROR] [EMI/]: [EMI] 2 recipes loaded with the same id: jei:/c/dyed/orange
[12:22:15] [Thread-25/ERROR] [EMI/]: [EMI] 2 recipes loaded with the same id: jei:/minecraft/wool
[12:22:15] [Thread-25/ERROR] [EMI/]: [EMI] 2 recipes loaded with the same id: jei:/c/dyed/pink
[12:22:15] [Thread-25/ERROR] [EMI/]: [EMI] 2 recipes loaded with the same id: jei:/c/gravels
[12:22:15] [Thread-25/ERROR] [EMI/]: [EMI] 2 recipes loaded with the same id: jei:/minecraft/dirt
[12:22:15] [Thread-25/ERROR] [EMI/]: [EMI] 2 recipes loaded with the same id: jei:/c/fence_gates
[12:22:15] [Thread-25/ERROR] [EMI/]: [EMI] 2 recipes loaded with the same id: jei:/minecraft/signs
[12:22:15] [Thread-25/ERROR] [EMI/]: [EMI] 2 recipes loaded with the same id: jei:/c/chests/trapped
[12:22:15] [Thread-25/ERROR] [EMI/]: [EMI] 2 recipes loaded with the same id: jei:/minecraft/acacia_logs
[12:22:15] [Thread-25/ERROR] [EMI/]: [EMI] 2 recipes loaded with the same id: jei:/c/glass_blocks
[12:22:15] [Thread-25/ERROR] [EMI/]: [EMI] 2 recipes loaded with the same id: jei:/c/storage_blocks/coal
[12:22:15] [Thread-25/ERROR] [EMI/]: [EMI] 2 recipes loaded with the same id: jei:/minecraft/flowers
[12:22:15] [Thread-25/ERROR] [EMI/]: [EMI] 2 recipes loaded with the same id: jei:/c/ores
[12:22:15] [Thread-25/ERROR] [EMI/]: [EMI] 2 recipes loaded with the same id: jei:/minecraft/completes_find_tree_tutorial
[12:22:15] [Thread-25/ERROR] [EMI/]: [EMI] 2 recipes loaded with the same id: jei:/c/villager_job_sites
[12:22:15] [Thread-25/ERROR] [EMI/]: [EMI] 2 recipes loaded with the same id: jei:/c/glass_panes
[12:22:15] [Thread-25/ERROR] [EMI/]: [EMI] 2 recipes loaded with the same id: jei:/minecraft/fences
[12:22:15] [Thread-25/ERROR] [EMI/]: [EMI] 2 recipes loaded with the same id: jei:/c/storage_blocks/raw_iron
[12:22:15] [Thread-25/ERROR] [EMI/]: [EMI] 2 recipes loaded with the same id: jei:/c/storage_blocks/netherite
[12:22:15] [Thread-25/ERROR] [EMI/]: [EMI] 2 recipes loaded with the same id: jei:/minecraft/warped_stems
[12:22:15] [Thread-25/ERROR] [EMI/]: [EMI] 2 recipes loaded with the same id: jei:/c/dyed/yellow
[12:22:15] [Thread-25/ERROR] [EMI/]: [EMI] 2 recipes loaded with the same id: jei:/c/bookshelves
[12:22:15] [Thread-25/ERROR] [EMI/]: [EMI] 2 recipes loaded with the same id: jei:/c/stones
[12:22:15] [Thread-25/ERROR] [EMI/]: [EMI] 2 recipes loaded with the same id: jei:/c/ores_in_ground/deepslate
[12:22:15] [Thread-25/ERROR] [EMI/]: [EMI] 2 recipes loaded with the same id: jei:/c/ores/diamond
[12:22:15] [Thread-25/ERROR] [EMI/]: [EMI] 2 recipes loaded with the same id: jei:/c/cobblestones
[12:22:15] [Thread-25/ERROR] [EMI/]: [EMI] 2 recipes loaded with the same id: jei:/c/barrels/wooden
[12:22:15] [Thread-25/ERROR] [EMI/]: [EMI] 2 recipes loaded with the same id: jei:/c/ores/redstone
[12:22:15] [Thread-25/ERROR] [EMI/]: [EMI] 2 recipes loaded with the same id: jei:/minecraft/cherry_logs
[12:22:15] [Thread-25/ERROR] [EMI/]: [EMI] 2 recipes loaded with the same id: jei:/minecraft/lapis_ores
[12:22:15] [Thread-25/ERROR] [EMI/]: [EMI] 2 recipes loaded with the same id: jei:/minecraft/redstone_ores
[12:22:15] [Thread-25/ERROR] [EMI/]: [EMI] 2 recipes loaded with the same id: jei:/c/ore_rates/dense
[12:22:15] [Thread-25/ERROR] [EMI/]: [EMI] 2 recipes loaded with the same id: jei:/minecraft/wooden_doors
[12:22:15] [Thread-25/ERROR] [EMI/]: [EMI] 2 recipes loaded with the same id: jei:/c/chains
[12:22:15] [Thread-25/ERROR] [EMI/]: [EMI] 2 recipes loaded with the same id: jei:/c/ores/coal
[12:22:15] [Thread-25/ERROR] [EMI/]: [EMI] 2 recipes loaded with the same id: jei:/c/glass_blocks/cheap
[12:22:15] [Thread-25/ERROR] [EMI/]: [EMI] 2 recipes loaded with the same id: jei:/minecraft/rails
[12:22:15] [Thread-25/ERROR] [EMI/]: [EMI] 2 recipes loaded with the same id: jei:/c/storage_blocks/diamond
[12:22:15] [Thread-25/ERROR] [EMI/]: [EMI] 2 recipes loaded with the same id: jei:/c/netherracks
[12:22:15] [Thread-25/ERROR] [EMI/]: [EMI] 2 recipes loaded with the same id: jei:/c/sandstone/red_blocks
[12:22:15] [Thread-25/ERROR] [EMI/]: [EMI] 2 recipes loaded with the same id: jei:/c/fences/nether_brick
[12:22:15] [Thread-25/ERROR] [EMI/]: [EMI] 2 recipes loaded with the same id: jei:/c/obsidians/normal
[12:22:15] [Thread-25/ERROR] [EMI/]: [EMI] 2 recipes loaded with the same id: jei:/c/player_workstations/crafting_tables
[12:22:15] [Thread-25/ERROR] [EMI/]: [EMI] 2 recipes loaded with the same id: jei:/c/cobblestones/normal
[12:22:15] [Thread-25/ERROR] [EMI/]: [EMI] 2 recipes loaded with the same id: jei:/minecraft/fence_gates
[12:22:15] [Thread-25/ERROR] [EMI/]: [EMI] 2 recipes loaded with the same id: jei:/c/dyed/blue
[12:22:15] [Thread-25/ERROR] [EMI/]: [EMI] 2 recipes loaded with the same id: jei:/c/sandstone/stairs
[12:22:15] [Thread-25/ERROR] [EMI/]: [EMI] 2 recipes loaded with the same id: jei:/minecraft/small_flowers
[12:22:15] [Thread-25/ERROR] [EMI/]: [EMI] 2 recipes loaded with the same id: jei:/c/ores/emerald
[12:22:15] [Thread-25/ERROR] [EMI/]: [EMI] 2 recipes loaded with the same id: jei:/minecraft/wooden_slabs
[12:22:15] [Thread-25/ERROR] [EMI/]: [EMI] 2 recipes loaded with the same id: jei:/c/ores/copper
[12:22:15] [Thread-25/ERROR] [EMI/]: [EMI] 2 recipes loaded with the same id: jei:/c/sands/red
[12:22:15] [Thread-25/ERROR] [EMI/]: [EMI] 2 recipes loaded with the same id: jei:/minecraft/saplings
[12:22:15] [Thread-25/ERROR] [EMI/]: [EMI] 2 recipes loaded with the same id: jei:/minecraft/dampens_vibrations
[12:22:15] [Thread-25/ERROR] [EMI/]: [EMI] 2 recipes loaded with the same id: jei:/c/fences/wooden
[12:22:15] [Thread-25/ERROR] [EMI/]: [EMI] 2 recipes loaded with the same id: jei:/c/ore_bearing_ground/deepslate
[12:22:15] [Thread-25/ERROR] [EMI/]: [EMI] 2 recipes loaded with the same id: jei:/minecraft/wool_carpets
[12:22:15] [Thread-25/ERROR] [EMI/]: [EMI] 2 recipes loaded with the same id: jei:/c/storage_blocks
[12:22:15] [Thread-25/ERROR] [EMI/]: [EMI] 2 recipes loaded with the same id: jei:/c/ores/lapis
[12:22:15] [Thread-25/ERROR] [EMI/]: [EMI] 2 recipes loaded with the same id: jei:/minecraft/piglin_repellents
[12:22:15] [Thread-25/ERROR] [EMI/]: [EMI] 2 recipes loaded with the same id: jei:/c/obsidians/crying
[12:22:15] [Thread-25/ERROR] [EMI/]: [EMI] 2 recipes loaded with the same id: jei:/c/clusters
[12:22:15] [Thread-25/ERROR] [EMI/]: [EMI] 2 recipes loaded with the same id: jei:/minecraft/crimson_stems
[12:22:15] [Thread-25/ERROR] [EMI/]: [EMI] 2 recipes loaded with the same id: jei:/c/buds
[12:22:15] [Thread-25/ERROR] [EMI/]: [EMI] 2 recipes loaded with the same id: jei:/minecraft/terracotta
[12:22:15] [Thread-25/ERROR] [EMI/]: [EMI] 2 recipes loaded with the same id: jei:/c/storage_blocks/dried_kelp
[12:22:15] [Thread-25/ERROR] [EMI/]: [EMI] 2 recipes loaded with the same id: jei:/c/sandstone/uncolored_stairs
[12:22:15] [Thread-25/ERROR] [EMI/]: [EMI] 2 recipes loaded with the same id: jei:/c/budding_blocks
[12:22:15] [Thread-25/ERROR] [EMI/]: [EMI] 2 recipes loaded with the same id: jei:/c/fence_gates/wooden
[12:22:15] [Thread-25/ERROR] [EMI/]: [EMI] 2 recipes loaded with the same id: jei:/minecraft/iron_ores
[12:22:15] [Thread-25/ERROR] [EMI/]: [EMI] 2 recipes loaded with the same id: jei:/c/obsidians
[12:22:15] [Thread-25/ERROR] [EMI/]: [EMI] 2 recipes loaded with the same id: jei:/minecraft/wooden_fences
[12:22:15] [Thread-25/ERROR] [EMI/]: [EMI] 2 recipes loaded with the same id: jei:/c/ore_rates/singular
[12:22:15] [Thread-25/ERROR] [EMI/]: [EMI] 2 recipes loaded with the same id: jei:/c/stripped_logs
[12:22:15] [Thread-25/ERROR] [EMI/]: [EMI] 2 recipes loaded with the same id: jei:/c/dyed/red
[12:22:15] [Thread-25/ERROR] [EMI/]: [EMI] 2 recipes loaded with the same id: jei:/c/dyed/black
[12:22:15] [Thread-25/ERROR] [EMI/]: [EMI] 2 recipes loaded with the same id: jei:/minecraft/logs
[12:22:15] [Thread-25/ERROR] [EMI/]: [EMI] 2 recipes loaded with the same id: jei:/c/glass_blocks/colorless
[12:22:15] [Thread-25/ERROR] [EMI/]: [EMI] 2 recipes loaded with the same id: jei:/c/ore_rates/sparse
[12:22:15] [Thread-25/ERROR] [EMI/]: [EMI] 2 recipes loaded with the same id: jei:/minecraft/walls
[12:22:15] [Thread-25/ERROR] [EMI/]: [EMI] 2 recipes loaded with the same id: jei:/c/dyed/lime
[12:22:16] [Render thread/INFO] [co.qu.ve.ap.re.NativeWandRecipeCapture/]: Wand inspection waiting: phase=2, source=4987, viewer=0, exact=true, ready=false
[12:22:16] [JEI Config Save Delay/DEBUG] [me.je.co.co.fi.ConfigSerializer/]: Saving config file: /Users/quzzar/Projects/vestige/run/wands-both-kith-final/config/jei/jei-debug.ini
[12:22:16] [JEI Config Save Delay/DEBUG] [me.je.co.co.fi.ConfigSerializer/]: Saving config file: /Users/quzzar/Projects/vestige/run/wands-both-kith-final/config/jei/jei-client.ini
[12:22:16] [JEI Config Save Delay/DEBUG] [me.je.co.co.fi.ConfigSerializer/]: Skipping loading config file, it was just saved by us: /Users/quzzar/Projects/vestige/run/wands-both-kith-final/config/jei/jei-colors.ini
[12:22:16] [JEI Config Save Delay/DEBUG] [me.je.co.co.fi.ConfigSerializer/]: Saving config file: /Users/quzzar/Projects/vestige/run/wands-both-kith-final/config/jei/jei-colors.ini
[12:22:16] [JEI Config Save Delay/DEBUG] [me.je.co.co.fi.ConfigSerializer/]: Loading config file: /Users/quzzar/Projects/vestige/run/wands-both-kith-final/config/jei/jei-mod-id-format.ini
[12:22:16] [JEI Config Save Delay/DEBUG] [me.je.co.co.fi.ConfigSerializer/]: Saving config file: /Users/quzzar/Projects/vestige/run/wands-both-kith-final/config/jei/jei-mod-id-format.ini
[12:22:18] [JEI Config File Watcher/DEBUG] [me.je.co.co.fi.FileWatcherThread/]: Detected changes in files:
/Users/quzzar/Projects/vestige/run/wands-both-kith-final/config/jei/jei-client.ini
/Users/quzzar/Projects/vestige/run/wands-both-kith-final/config/jei/jei-debug.ini
/Users/quzzar/Projects/vestige/run/wands-both-kith-final/config/jei/jei-colors.ini
/Users/quzzar/Projects/vestige/run/wands-both-kith-final/config/jei/jei-mod-id-format.ini
[12:22:46] [Render thread/INFO] [co.qu.ve.ap.re.NativeWandRecipeCapture/]: Wand inspection waiting: phase=2, source=4987, viewer=0, exact=true, ready=false
[12:22:50] [Thread-25/INFO] [EMI/]: [EMI] Baked 9190 recipes in 35163ms
[12:22:50] [Thread-25/INFO] [EMI/]: [EMI] Baking search
[12:22:50] [Thread-26/ERROR] [EMI/]: [EMI] 2 recipes loaded with the same id: jei:/c/dyed/light_blue
[12:22:50] [Thread-26/ERROR] [EMI/]: [EMI] 2 recipes loaded with the same id: jei:/c/sands/colorless
[12:22:50] [Thread-26/ERROR] [EMI/]: [EMI] 2 recipes loaded with the same id: jei:/minecraft/mangrove_logs
[12:22:50] [Thread-26/ERROR] [EMI/]: [EMI] 2 recipes loaded with the same id: jei:/minecraft/slabs
[12:22:50] [Thread-26/ERROR] [EMI/]: [EMI] 2 recipes loaded with the same id: jei:/minecraft/soul_fire_base_blocks
[12:22:50] [Thread-26/ERROR] [EMI/]: [EMI] 2 recipes loaded with the same id: jei:/c/fences
[12:22:50] [Thread-26/ERROR] [EMI/]: [EMI] 2 recipes loaded with the same id: jei:/c/dyed/magenta
[12:22:50] [Thread-26/ERROR] [EMI/]: [EMI] 2 recipes loaded with the same id: jei:/c/storage_blocks/slime
[12:22:50] [Thread-26/ERROR] [EMI/]: [EMI] 2 recipes loaded with the same id: jei:/c/chests/ender
[12:22:50] [Thread-26/ERROR] [EMI/]: [EMI] 2 recipes loaded with the same id: jei:/c/dyed/purple
[12:22:50] [Thread-26/ERROR] [EMI/]: [EMI] 2 recipes loaded with the same id: jei:/minecraft/banners
[12:22:50] [Thread-26/ERROR] [EMI/]: [EMI] 2 recipes loaded with the same id: jei:/c/sandstone/slabs
[12:22:50] [Thread-26/ERROR] [EMI/]: [EMI] 2 recipes loaded with the same id: jei:/c/ores/gold
[12:22:50] [Thread-26/ERROR] [EMI/]: [EMI] 2 recipes loaded with the same id: jei:/c/storage_blocks/wheat
[12:22:50] [Thread-26/ERROR] [EMI/]: [EMI] 2 recipes loaded with the same id: jei:/c/ores_in_ground/stone
[12:22:50] [Thread-26/ERROR] [EMI/]: [EMI] 2 recipes loaded with the same id: jei:/c/storage_blocks/bone_meal
[12:22:50] [Thread-26/ERROR] [EMI/]: [EMI] 2 recipes loaded with the same id: jei:/c/dyed/gray
[12:22:50] [Thread-26/ERROR] [EMI/]: [EMI] 2 recipes loaded with the same id: jei:/c/ores/quartz
[12:22:50] [Thread-26/ERROR] [EMI/]: [EMI] 2 recipes loaded with the same id: jei:/minecraft/stone_buttons
[12:22:50] [Thread-26/ERROR] [EMI/]: [EMI] 2 recipes loaded with the same id: jei:/c/dyed/cyan
[12:22:50] [Thread-26/ERROR] [EMI/]: [EMI] 2 recipes loaded with the same id: jei:/c/dyed
[12:22:50] [Thread-26/ERROR] [EMI/]: [EMI] 2 recipes loaded with the same id: jei:/minecraft/wooden_buttons
[12:22:50] [Thread-26/ERROR] [EMI/]: [EMI] 2 recipes loaded with the same id: jei:/c/glazed_terracottas
[12:22:50] [Thread-26/ERROR] [EMI/]: [EMI] 2 recipes loaded with the same id: jei:/minecraft/smelts_to_glass
[12:22:50] [Thread-26/ERROR] [EMI/]: [EMI] 2 recipes loaded with the same id: jei:/minecraft/wooden_pressure_plates
[12:22:50] [Thread-26/ERROR] [EMI/]: [EMI] 2 recipes loaded with the same id: jei:/minecraft/trapdoors
[12:22:50] [Thread-26/ERROR] [EMI/]: [EMI] 2 recipes loaded with the same id: jei:/minecraft/spruce_logs
[12:22:50] [Thread-26/ERROR] [EMI/]: [EMI] 2 recipes loaded with the same id: jei:/c/chests
[12:22:50] [Thread-26/ERROR] [EMI/]: [EMI] 2 recipes loaded with the same id: jei:/minecraft/anvil
[12:22:50] [Thread-26/ERROR] [EMI/]: [EMI] 2 recipes loaded with the same id: jei:/minecraft/oak_logs
[12:22:50] [Thread-26/ERROR] [EMI/]: [EMI] 2 recipes loaded with the same id: jei:/minecraft/wooden_trapdoors
[12:22:50] [Thread-26/ERROR] [EMI/]: [EMI] 2 recipes loaded with the same id: jei:/minecraft/wooden_stairs
[12:22:50] [Thread-26/ERROR] [EMI/]: [EMI] 2 recipes loaded with the same id: jei:/minecraft/stone_bricks
[12:22:50] [Thread-26/ERROR] [EMI/]: [EMI] 2 recipes loaded with the same id: jei:/c/sandstone/red_slabs
[12:22:50] [Thread-26/ERROR] [EMI/]: [EMI] 2 recipes loaded with the same id: jei:/c/storage_blocks/gold
[12:22:50] [Thread-26/ERROR] [EMI/]: [EMI] 2 recipes loaded with the same id: jei:/minecraft/planks
[12:22:50] [Thread-26/ERROR] [EMI/]: [EMI] 2 recipes loaded with the same id: jei:/minecraft/leaves
[12:22:50] [Thread-26/ERROR] [EMI/]: [EMI] 2 recipes loaded with the same id: jei:/c/storage_blocks/copper
[12:22:50] [Thread-26/ERROR] [EMI/]: [EMI] 2 recipes loaded with the same id: jei:/minecraft/bamboo_blocks
[12:22:50] [Thread-26/ERROR] [EMI/]: [EMI] 2 recipes loaded with the same id: jei:/minecraft/doors
[12:22:50] [Thread-26/ERROR] [EMI/]: [EMI] 2 recipes loaded with the same id: jei:/c/dyed/green
[12:22:50] [Thread-26/ERROR] [EMI/]: [EMI] 2 recipes loaded with the same id: jei:/minecraft/beds
[12:22:50] [Thread-26/ERROR] [EMI/]: [EMI] 2 recipes loaded with the same id: jei:/minecraft/copper_ores
[12:22:50] [Thread-26/ERROR] [EMI/]: [EMI] 2 recipes loaded with the same id: jei:/c/dyed/white
[12:22:50] [Thread-26/ERROR] [EMI/]: [EMI] 2 recipes loaded with the same id: jei:/c/ores/netherite_scrap
[12:22:50] [Thread-26/ERROR] [EMI/]: [EMI] 2 recipes loaded with the same id: jei:/c/stripped_woods
[12:22:50] [Thread-26/ERROR] [EMI/]: [EMI] 2 recipes loaded with the same id: jei:/minecraft/candles
[12:22:50] [Thread-26/ERROR] [EMI/]: [EMI] 2 recipes loaded with the same id: jei:/c/storage_blocks/redstone
[12:22:50] [Thread-26/ERROR] [EMI/]: [EMI] 2 recipes loaded with the same id: jei:/c/storage_blocks/lapis
[12:22:50] [Thread-26/ERROR] [EMI/]: [EMI] 2 recipes loaded with the same id: jei:/c/sandstone/uncolored_slabs
[12:22:50] [Thread-26/ERROR] [EMI/]: [EMI] 2 recipes loaded with the same id: jei:/minecraft/buttons
[12:22:50] [Thread-26/ERROR] [EMI/]: [EMI] 2 recipes loaded with the same id: jei:/minecraft/gold_ores
[12:22:50] [Thread-26/ERROR] [EMI/]: [EMI] 2 recipes loaded with the same id: jei:/minecraft/sand
[12:22:50] [Thread-26/ERROR] [EMI/]: [EMI] 2 recipes loaded with the same id: jei:/c/storage_blocks/iron
[12:22:50] [Thread-26/ERROR] [EMI/]: [EMI] 2 recipes loaded with the same id: jei:/c/storage_blocks/raw_copper
[12:22:50] [Thread-26/ERROR] [EMI/]: [EMI] 2 recipes loaded with the same id: jei:/minecraft/dark_oak_logs
[12:22:50] [Thread-26/ERROR] [EMI/]: [EMI] 2 recipes loaded with the same id: jei:/c/dyed/light_gray
[12:22:50] [Thread-26/ERROR] [EMI/]: [EMI] 2 recipes loaded with the same id: jei:/minecraft/emerald_ores
[12:22:50] [Thread-26/ERROR] [EMI/]: [EMI] 2 recipes loaded with the same id: jei:/minecraft/stairs
[12:22:50] [Thread-26/ERROR] [EMI/]: [EMI] 2 recipes loaded with the same id: jei:/c/ore_bearing_ground/netherrack
[12:22:50] [Thread-26/ERROR] [EMI/]: [EMI] 2 recipes loaded with the same id: jei:/c/concretes
[12:22:50] [Thread-26/ERROR] [EMI/]: [EMI] 2 recipes loaded with the same id: jei:/minecraft/logs_that_burn
[12:22:50] [Thread-26/ERROR] [EMI/]: [EMI] 2 recipes loaded with the same id: jei:/c/glass_blocks/tinted
[12:22:50] [Thread-26/ERROR] [EMI/]: [EMI] 2 recipes loaded with the same id: jei:/minecraft/wart_blocks
[12:22:50] [Thread-26/ERROR] [EMI/]: [EMI] 2 recipes loaded with the same id: jei:/minecraft/jungle_logs
[12:22:50] [Thread-26/ERROR] [EMI/]: [EMI] 2 recipes loaded with the same id: jei:/c/cobblestones/infested
[12:22:50] [Thread-26/ERROR] [EMI/]: [EMI] 2 recipes loaded with the same id: jei:/c/glass_panes/colorless
[12:22:50] [Thread-26/ERROR] [EMI/]: [EMI] 2 recipes loaded with the same id: jei:/c/sandstone/red_stairs
[12:22:50] [Thread-26/ERROR] [EMI/]: [EMI] 2 recipes loaded with the same id: jei:/c/ore_bearing_ground/stone
[12:22:50] [Thread-26/ERROR] [EMI/]: [EMI] 2 recipes loaded with the same id: jei:/c/ores_in_ground/netherrack
[12:22:50] [Thread-26/ERROR] [EMI/]: [EMI] 2 recipes loaded with the same id: jei:/c/player_workstations/furnaces
[12:22:50] [Thread-26/ERROR] [EMI/]: [EMI] 2 recipes loaded with the same id: jei:/c/cobblestones/deepslate
[12:22:50] [Thread-26/ERROR] [EMI/]: [EMI] 2 recipes loaded with the same id: jei:/c/storage_blocks/raw_gold
[12:22:50] [Thread-26/ERROR] [EMI/]: [EMI] 2 recipes loaded with the same id: jei:/c/storage_blocks/emerald
[12:22:50] [Thread-26/ERROR] [EMI/]: [EMI] 2 recipes loaded with the same id: jei:/minecraft/coal_ores
[12:22:50] [Thread-26/ERROR] [EMI/]: [EMI] 2 recipes loaded with the same id: jei:/c/chests/wooden
[12:22:50] [Thread-26/ERROR] [EMI/]: [EMI] 2 recipes loaded with the same id: jei:/c/cobblestones/mossy
[12:22:50] [Thread-26/ERROR] [EMI/]: [EMI] 2 recipes loaded with the same id: jei:/c/sandstone/blocks
[12:22:50] [Thread-26/ERROR] [EMI/]: [EMI] 2 recipes loaded with the same id: jei:/minecraft/birch_logs
[12:22:50] [Thread-26/ERROR] [EMI/]: [EMI] 2 recipes loaded with the same id: jei:/minecraft/diamond_ores
[12:22:50] [Thread-26/ERROR] [EMI/]: [EMI] 2 recipes loaded with the same id: jei:/minecraft/tall_flowers
[12:22:50] [Thread-26/ERROR] [EMI/]: [EMI] 2 recipes loaded with the same id: jei:/c/sands
[12:22:50] [Thread-26/ERROR] [EMI/]: [EMI] 2 recipes loaded with the same id: jei:/c/ores/iron
[12:22:50] [Thread-26/ERROR] [EMI/]: [EMI] 2 recipes loaded with the same id: jei:/c/barrels
[12:22:50] [Thread-26/ERROR] [EMI/]: [EMI] 2 recipes loaded with the same id: jei:/c/sandstone/uncolored_blocks
[12:22:50] [Thread-26/ERROR] [EMI/]: [EMI] 2 recipes loaded with the same id: jei:/c/end_stones
[12:22:50] [Thread-26/ERROR] [EMI/]: [EMI] 2 recipes loaded with the same id: jei:/c/dyed/brown
[12:22:50] [Thread-26/ERROR] [EMI/]: [EMI] 2 recipes loaded with the same id: jei:/c/dyed/orange
[12:22:50] [Thread-26/ERROR] [EMI/]: [EMI] 2 recipes loaded with the same id: jei:/minecraft/wool
[12:22:50] [Thread-26/ERROR] [EMI/]: [EMI] 2 recipes loaded with the same id: jei:/c/dyed/pink
[12:22:50] [Thread-26/ERROR] [EMI/]: [EMI] 2 recipes loaded with the same id: jei:/c/gravels
[12:22:50] [Thread-26/ERROR] [EMI/]: [EMI] 2 recipes loaded with the same id: jei:/minecraft/dirt
[12:22:50] [Thread-26/ERROR] [EMI/]: [EMI] 2 recipes loaded with the same id: jei:/c/fence_gates
[12:22:50] [Thread-26/ERROR] [EMI/]: [EMI] 2 recipes loaded with the same id: jei:/minecraft/signs
[12:22:50] [Thread-26/ERROR] [EMI/]: [EMI] 2 recipes loaded with the same id: jei:/c/chests/trapped
[12:22:50] [Thread-26/ERROR] [EMI/]: [EMI] 2 recipes loaded with the same id: jei:/minecraft/acacia_logs
[12:22:50] [Thread-26/ERROR] [EMI/]: [EMI] 2 recipes loaded with the same id: jei:/c/glass_blocks
[12:22:50] [Thread-26/ERROR] [EMI/]: [EMI] 2 recipes loaded with the same id: jei:/c/storage_blocks/coal
[12:22:50] [Thread-26/ERROR] [EMI/]: [EMI] 2 recipes loaded with the same id: jei:/minecraft/flowers
[12:22:50] [Thread-26/ERROR] [EMI/]: [EMI] 2 recipes loaded with the same id: jei:/c/ores
[12:22:50] [Thread-26/ERROR] [EMI/]: [EMI] 2 recipes loaded with the same id: jei:/minecraft/completes_find_tree_tutorial
[12:22:50] [Thread-26/ERROR] [EMI/]: [EMI] 2 recipes loaded with the same id: jei:/c/villager_job_sites
[12:22:50] [Thread-26/ERROR] [EMI/]: [EMI] 2 recipes loaded with the same id: jei:/c/glass_panes
[12:22:50] [Thread-26/ERROR] [EMI/]: [EMI] 2 recipes loaded with the same id: jei:/minecraft/fences
[12:22:50] [Thread-26/ERROR] [EMI/]: [EMI] 2 recipes loaded with the same id: jei:/c/storage_blocks/raw_iron
[12:22:50] [Thread-26/ERROR] [EMI/]: [EMI] 2 recipes loaded with the same id: jei:/c/storage_blocks/netherite
[12:22:50] [Thread-26/ERROR] [EMI/]: [EMI] 2 recipes loaded with the same id: jei:/minecraft/warped_stems
[12:22:50] [Thread-26/ERROR] [EMI/]: [EMI] 2 recipes loaded with the same id: jei:/c/dyed/yellow
[12:22:50] [Thread-26/ERROR] [EMI/]: [EMI] 2 recipes loaded with the same id: jei:/c/bookshelves
[12:22:50] [Thread-26/ERROR] [EMI/]: [EMI] 2 recipes loaded with the same id: jei:/c/stones
[12:22:50] [Thread-26/ERROR] [EMI/]: [EMI] 2 recipes loaded with the same id: jei:/c/ores_in_ground/deepslate
[12:22:50] [Thread-26/ERROR] [EMI/]: [EMI] 2 recipes loaded with the same id: jei:/c/ores/diamond
[12:22:50] [Thread-26/ERROR] [EMI/]: [EMI] 2 recipes loaded with the same id: jei:/c/cobblestones
[12:22:50] [Thread-26/ERROR] [EMI/]: [EMI] 2 recipes loaded with the same id: jei:/c/barrels/wooden
[12:22:50] [Thread-26/ERROR] [EMI/]: [EMI] 2 recipes loaded with the same id: jei:/c/ores/redstone
[12:22:50] [Thread-26/ERROR] [EMI/]: [EMI] 2 recipes loaded with the same id: jei:/minecraft/cherry_logs
[12:22:50] [Thread-26/ERROR] [EMI/]: [EMI] 2 recipes loaded with the same id: jei:/minecraft/lapis_ores
[12:22:50] [Thread-26/ERROR] [EMI/]: [EMI] 2 recipes loaded with the same id: jei:/minecraft/redstone_ores
[12:22:50] [Thread-26/ERROR] [EMI/]: [EMI] 2 recipes loaded with the same id: jei:/c/ore_rates/dense
[12:22:50] [Thread-26/ERROR] [EMI/]: [EMI] 2 recipes loaded with the same id: jei:/minecraft/wooden_doors
[12:22:50] [Thread-26/ERROR] [EMI/]: [EMI] 2 recipes loaded with the same id: jei:/c/chains
[12:22:50] [Thread-26/ERROR] [EMI/]: [EMI] 2 recipes loaded with the same id: jei:/c/ores/coal
[12:22:50] [Thread-26/ERROR] [EMI/]: [EMI] 2 recipes loaded with the same id: jei:/c/glass_blocks/cheap
[12:22:50] [Thread-26/ERROR] [EMI/]: [EMI] 2 recipes loaded with the same id: jei:/minecraft/rails
[12:22:50] [Thread-26/ERROR] [EMI/]: [EMI] 2 recipes loaded with the same id: jei:/c/storage_blocks/diamond
[12:22:50] [Thread-26/ERROR] [EMI/]: [EMI] 2 recipes loaded with the same id: jei:/c/netherracks
[12:22:50] [Thread-26/ERROR] [EMI/]: [EMI] 2 recipes loaded with the same id: jei:/c/sandstone/red_blocks
[12:22:50] [Thread-26/ERROR] [EMI/]: [EMI] 2 recipes loaded with the same id: jei:/c/fences/nether_brick
[12:22:50] [Thread-26/ERROR] [EMI/]: [EMI] 2 recipes loaded with the same id: jei:/c/obsidians/normal
[12:22:50] [Thread-26/ERROR] [EMI/]: [EMI] 2 recipes loaded with the same id: jei:/c/player_workstations/crafting_tables
[12:22:50] [Thread-26/ERROR] [EMI/]: [EMI] 2 recipes loaded with the same id: jei:/c/cobblestones/normal
[12:22:50] [Thread-26/ERROR] [EMI/]: [EMI] 2 recipes loaded with the same id: jei:/minecraft/fence_gates
[12:22:50] [Thread-26/ERROR] [EMI/]: [EMI] 2 recipes loaded with the same id: jei:/c/dyed/blue
[12:22:50] [Thread-26/ERROR] [EMI/]: [EMI] 2 recipes loaded with the same id: jei:/c/sandstone/stairs
[12:22:50] [Thread-26/ERROR] [EMI/]: [EMI] 2 recipes loaded with the same id: jei:/minecraft/small_flowers
[12:22:50] [Thread-26/ERROR] [EMI/]: [EMI] 2 recipes loaded with the same id: jei:/c/ores/emerald
[12:22:50] [Thread-26/ERROR] [EMI/]: [EMI] 2 recipes loaded with the same id: jei:/minecraft/wooden_slabs
[12:22:50] [Thread-26/ERROR] [EMI/]: [EMI] 2 recipes loaded with the same id: jei:/c/ores/copper
[12:22:50] [Thread-26/ERROR] [EMI/]: [EMI] 2 recipes loaded with the same id: jei:/c/sands/red
[12:22:50] [Thread-26/ERROR] [EMI/]: [EMI] 2 recipes loaded with the same id: jei:/minecraft/saplings
[12:22:50] [Thread-26/ERROR] [EMI/]: [EMI] 2 recipes loaded with the same id: jei:/minecraft/dampens_vibrations
[12:22:50] [Thread-26/ERROR] [EMI/]: [EMI] 2 recipes loaded with the same id: jei:/c/fences/wooden
[12:22:50] [Thread-26/ERROR] [EMI/]: [EMI] 2 recipes loaded with the same id: jei:/c/ore_bearing_ground/deepslate
[12:22:50] [Thread-26/ERROR] [EMI/]: [EMI] 2 recipes loaded with the same id: jei:/minecraft/wool_carpets
[12:22:50] [Thread-26/ERROR] [EMI/]: [EMI] 2 recipes loaded with the same id: jei:/c/storage_blocks
[12:22:50] [Thread-26/ERROR] [EMI/]: [EMI] 2 recipes loaded with the same id: jei:/c/ores/lapis
[12:22:50] [Thread-26/ERROR] [EMI/]: [EMI] 2 recipes loaded with the same id: jei:/minecraft/piglin_repellents
[12:22:50] [Thread-26/ERROR] [EMI/]: [EMI] 2 recipes loaded with the same id: jei:/c/obsidians/crying
[12:22:50] [Thread-26/ERROR] [EMI/]: [EMI] 2 recipes loaded with the same id: jei:/c/clusters
[12:22:50] [Thread-26/ERROR] [EMI/]: [EMI] 2 recipes loaded with the same id: jei:/minecraft/crimson_stems
[12:22:50] [Thread-26/ERROR] [EMI/]: [EMI] 2 recipes loaded with the same id: jei:/c/buds
[12:22:50] [Thread-26/ERROR] [EMI/]: [EMI] 2 recipes loaded with the same id: jei:/minecraft/terracotta
[12:22:50] [Thread-26/ERROR] [EMI/]: [EMI] 2 recipes loaded with the same id: jei:/c/storage_blocks/dried_kelp
[12:22:50] [Thread-26/ERROR] [EMI/]: [EMI] 2 recipes loaded with the same id: jei:/c/sandstone/uncolored_stairs
[12:22:50] [Thread-26/ERROR] [EMI/]: [EMI] 2 recipes loaded with the same id: jei:/c/budding_blocks
[12:22:50] [Thread-26/ERROR] [EMI/]: [EMI] 2 recipes loaded with the same id: jei:/c/fence_gates/wooden
[12:22:50] [Thread-26/ERROR] [EMI/]: [EMI] 2 recipes loaded with the same id: jei:/minecraft/iron_ores
[12:22:50] [Thread-26/ERROR] [EMI/]: [EMI] 2 recipes loaded with the same id: jei:/c/obsidians
[12:22:50] [Thread-26/ERROR] [EMI/]: [EMI] 2 recipes loaded with the same id: jei:/minecraft/wooden_fences
[12:22:50] [Thread-26/ERROR] [EMI/]: [EMI] 2 recipes loaded with the same id: jei:/c/ore_rates/singular
[12:22:50] [Thread-26/ERROR] [EMI/]: [EMI] 2 recipes loaded with the same id: jei:/c/stripped_logs
[12:22:50] [Thread-26/ERROR] [EMI/]: [EMI] 2 recipes loaded with the same id: jei:/c/dyed/red
[12:22:50] [Thread-26/ERROR] [EMI/]: [EMI] 2 recipes loaded with the same id: jei:/c/dyed/black
[12:22:50] [Thread-26/ERROR] [EMI/]: [EMI] 2 recipes loaded with the same id: jei:/minecraft/logs
[12:22:50] [Thread-26/ERROR] [EMI/]: [EMI] 2 recipes loaded with the same id: jei:/c/glass_blocks/colorless
[12:22:50] [Thread-26/ERROR] [EMI/]: [EMI] 2 recipes loaded with the same id: jei:/c/ore_rates/sparse
[12:22:50] [Thread-26/ERROR] [EMI/]: [EMI] 2 recipes loaded with the same id: jei:/minecraft/walls
[12:22:50] [Thread-26/ERROR] [EMI/]: [EMI] 2 recipes loaded with the same id: jei:/c/dyed/lime
[12:22:50] [Thread-25/INFO] [EMI/]: [EMI] Finishing up
[12:22:50] [Thread-25/INFO] [EMI/]: [EMI] Reloaded EMI in 35692ms
[12:23:06] [Thread-26/INFO] [EMI/]: [EMI] Baked recipes after reload in 16255ms
[12:23:06] [Render thread/DEBUG] [mixin/]: Mixing GlobalMixin from emi.mixins.json into dev.emi.emi.screen.EmiScreenManager$1
[12:23:06] [Render thread/DEBUG] [mixin/]: Mixing GlobalMixin from emi.mixins.json into dev.emi.emi.screen.EmiScreenManager$ScreenSpace
[12:23:06] [Render thread/DEBUG] [mixin/]: Mixing GlobalMixin from emi.mixins.json into dev.emi.emi.screen.StackBatcher$BatcherVertexConsumerProvider
[12:23:06] [Render thread/DEBUG] [mixin/]: Mixing GlobalMixin from emi.mixins.json into dev.emi.emi.screen.StackBatcher$UnlitFacade
[12:23:06] [Render thread/DEBUG] [mixin/]: Mixing GlobalMixin from emi.mixins.json into dev.emi.emi.runtime.EmiFavorite
[12:23:06] [Render thread/DEBUG] [mixin/]: Mixing GlobalMixin from emi.mixins.json into dev.emi.emi.runtime.EmiHistory
[12:23:06] [Render thread/DEBUG] [mixin/]: Mixing GlobalMixin from emi.mixins.json into dev.emi.emi.screen.RecipeTab
[12:23:06] [Render thread/DEBUG] [mixin/]: Mixing GlobalMixin from emi.mixins.json into dev.emi.emi.screen.RecipeDisplay
[12:23:06] [Render thread/DEBUG] [mixin/]: Mixing GlobalMixin from emi.mixins.json into dev.emi.emi.widget.RecipeButtonWidget
[12:23:06] [Render thread/DEBUG] [mixin/]: Mixing GlobalMixin from emi.mixins.json into dev.emi.emi.api.widget.RecipeFillButtonWidget
[12:23:06] [Render thread/DEBUG] [mixin/]: Mixing GlobalMixin from emi.mixins.json into dev.emi.emi.widget.RecipeTreeButtonWidget
[12:23:06] [Render thread/DEBUG] [mixin/]: Mixing GlobalMixin from emi.mixins.json into dev.emi.emi.widget.RecipeDefaultButtonWidget
[12:23:06] [Render thread/DEBUG] [mixin/]: Mixing GlobalMixin from emi.mixins.json into dev.emi.emi.widget.RecipeScreenshotButtonWidget
[12:23:06] [Render thread/DEBUG] [mixin/]: Mixing GlobalMixin from emi.mixins.json into dev.emi.emi.api.widget.TextWidget
[12:23:06] [Render thread/DEBUG] [mixin/]: Mixing GlobalMixin from emi.mixins.json into dev.emi.emi.screen.RecipeDisplay$ButtonType
[12:23:06] [Render thread/DEBUG] [mixin/]: Mixing GlobalMixin from emi.mixins.json into dev.emi.emi.screen.WidgetGroup
[12:23:06] [Render thread/DEBUG] [mixin/]: Mixing GlobalMixin from emi.mixins.json into dev.emi.emi.api.widget.DrawableWidget
[12:23:06] [Render thread/DEBUG] [mixin/]: Mixing GlobalMixin from emi.mixins.json into dev.emi.emi.api.widget.WidgetTooltipHolder
[12:23:06] [Render thread/DEBUG] [mixin/]: Mixing GlobalMixin from emi.mixins.json into dev.emi.emi.api.widget.TextureWidget
[12:23:06] [Render thread/DEBUG] [mixin/]: Mixing GlobalMixin from emi.mixins.json into dev.emi.emi.api.widget.ButtonWidget
[12:23:06] [Render thread/DEBUG] [mixin/]: Mixing GlobalMixin from emi.mixins.json into dev.emi.emi.api.widget.TooltipWidget
[12:23:06] [Render thread/DEBUG] [mixin/]: Mixing GlobalMixin from emi.mixins.json into dev.emi.emi.api.widget.FillingArrowWidget
[12:23:06] [Render thread/DEBUG] [mixin/]: Mixing GlobalMixin from emi.mixins.json into dev.emi.emi.api.widget.AnimatedTextureWidget
[12:23:06] [Render thread/DEBUG] [mixin/]: Mixing GlobalMixin from emi.mixins.json into dev.emi.emi.widget.RecipeBackground
[12:23:06] [Render thread/DEBUG] [mixin/]: Mixing GlobalMixin from emi.mixins.json into dev.emi.emi.api.widget.DrawableWidget$DrawableWidgetConsumer
[12:23:06] [Render thread/DEBUG] [mixin/]: Mixing GlobalMixin from emi.mixins.json into dev.emi.emi.screen.RecipeScreen$1
[12:23:06] [Render thread/DEBUG] [mixin/]: Mixing GlobalMixin from emi.mixins.json into dev.emi.emi.api.render.EmiRender
[12:23:06] [Render thread/DEBUG] [mixin/]: Mixing GlobalMixin from emi.mixins.json into dev.emi.emi.widget.RecipeDefaultButtonWidget$1
[12:23:06] [Render thread/DEBUG] [mixin/]: Mixing GlobalMixin from emi.mixins.json into dev.emi.emi.bom.BoM$DefaultStatus
[12:23:06] [Render thread/DEBUG] [mixin/]: Mixing GlobalMixin from emi.mixins.json into dev.emi.emi.runtime.EmiProfiler
[12:23:06] [Render thread/DEBUG] [mixin/]: Mixing GlobalMixin from emi.mixins.json into dev.emi.emi.screen.StackBatcher$UnlitFacade$Consumer
[12:23:06] [Render thread/DEBUG] [mixin/]: Mixing GlobalMixin from emi.mixins.json into dev.emi.emi.api.EmiApi$1
[12:23:06] [Render thread/DEBUG] [mixin/]: Mixing GlobalMixin from emi.mixins.json into dev.emi.emi.input.EmiInput
[12:23:06] [Render thread/INFO] [co.qu.ve.ap.re.NativeWandRecipeCapture/]: Wand inspection phase 3, destination /Users/quzzar/Projects/vestige/docs/art/wands-native
[12:23:09] [Render thread/INFO] [co.qu.ve.ap.re.NativeWandRecipeCapture/]: Wand inspection saving untipped to /Users/quzzar/Projects/vestige/docs/art/wands-native/both
[12:23:11] [Render thread/INFO] [co.qu.ve.ap.re.NativeWandRecipeCapture/]: Wand inspection saving resonating to /Users/quzzar/Projects/vestige/docs/art/wands-native/both
[12:23:13] [Render thread/INFO] [co.qu.ve.ap.re.NativeWandRecipeCapture/]: Wand inspection saving steadfast-utility to /Users/quzzar/Projects/vestige/docs/art/wands-native/both
[12:23:15] [Render thread/INFO] [co.qu.ve.ap.re.NativeWandRecipeCapture/]: Wand inspection saving exact-shaped-source to /Users/quzzar/Projects/vestige/docs/art/wands-native/both
[12:23:17] [Render thread/INFO] [co.qu.ve.ap.re.NativeWandRecipeCapture/]: Wand inspection saving reduced-shaped-source to /Users/quzzar/Projects/vestige/docs/art/wands-native/both
[12:23:17] [Render thread/INFO] [minecraft/Minecraft]: Stopping!
[12:23:17] [Render thread/DEBUG] [me.je.ne.st.StartEventObserver/]: JEI StartEventObserver received event: class net.neoforged.neoforge.client.event.ClientPlayerNetworkEvent$LoggingOut
[12:23:17] [Render thread/DEBUG] [me.je.ne.st.StartEventObserver/]: JEI StartEventObserver transitioning state from JEI_STARTED to LISTENING
[12:23:17] [Render thread/INFO] [me.je.li.st.JeiStarter/]: Stopping JEI
[12:23:17] [Render thread/INFO] [me.je.li.lo.PluginCaller/]: Sending Runtime Unavailable...
[12:23:17] [Render thread/DEBUG] [me.je.li.lo.PluginCallerTimerRunnable/]: Sending Runtime Unavailable: jei:minecraft...
[12:23:17] [Render thread/DEBUG] [me.je.li.lo.PluginCallerTimerRunnable/]: Sending Runtime Unavailable: emi:jemi...
[12:23:17] [Render thread/DEBUG] [me.je.li.lo.PluginCallerTimerRunnable/]: Sending Runtime Unavailable: vestige:ritual_viewer...
[12:23:17] [Render thread/DEBUG] [me.je.li.lo.PluginCallerTimerRunnable/]: Sending Runtime Unavailable: jei:neoforge_gui...
[12:23:17] [Render thread/INFO] [me.je.ne.pl.ne.NeoForgeGuiPlugin/]: Stopping JEI GUI
[12:23:17] [Render thread/DEBUG] [me.je.li.lo.PluginCallerTimerRunnable/]: Sending Runtime Unavailable: jei:debug...
[12:23:17] [Render thread/DEBUG] [me.je.li.lo.PluginCallerTimerRunnable/]: Sending Runtime Unavailable: jei:gui...
[12:23:17] [Render thread/DEBUG] [me.je.li.lo.PluginCallerTimerRunnable/]: Sending Runtime Unavailable: jei:internal...
[12:23:17] [Render thread/INFO] [me.je.li.lo.PluginCaller/]: Sending Runtime Unavailable took 1.634 milliseconds
[12:23:17] [Server thread/INFO] [minecraft/ServerGamePacketListenerImpl]: Dev lost connection: Disconnected
[12:23:17] [Server thread/INFO] [minecraft/MinecraftServer]: Dev left the game
[12:23:17] [Server thread/INFO] [minecraft/ServerCommonPacketListenerImpl]: Stopping singleplayer server as player logged out
[12:23:17] [Server thread/INFO] [minecraft/MinecraftServer]: Stopping server
[12:23:17] [Server thread/INFO] [minecraft/MinecraftServer]: Saving players
[12:23:17] [Server thread/INFO] [minecraft/MinecraftServer]: Saving worlds
[12:23:19] [Server thread/INFO] [minecraft/MinecraftServer]: Saving chunks for level 'ServerLevel[Wand viewer inspection]'/minecraft:overworld
[12:23:19] [Server thread/INFO] [minecraft/MinecraftServer]: Saving chunks for level 'ServerLevel[Wand viewer inspection]'/minecraft:the_nether
[12:23:19] [Server thread/INFO] [minecraft/MinecraftServer]: Saving chunks for level 'ServerLevel[Wand viewer inspection]'/vestige:pocket
[12:23:19] [Server thread/INFO] [minecraft/MinecraftServer]: Saving chunks for level 'ServerLevel[Wand viewer inspection]'/minecraft:the_end
[12:23:19] [Server thread/DEBUG] [ne.ne.ne.co.CommonHooks/WP]: Gathered mod list to write to world save Wand viewer inspection
[12:23:19] [Server thread/INFO] [minecraft/MinecraftServer]: ThreadedAnvilChunkStorage (vestige-wand-viewer-ad74f1c3-fc09-4be0-abc5-6aebe81dbb63): All chunks are saved
[12:23:19] [Server thread/INFO] [minecraft/MinecraftServer]: ThreadedAnvilChunkStorage (DIM-1): All chunks are saved
[12:23:19] [Server thread/INFO] [minecraft/MinecraftServer]: ThreadedAnvilChunkStorage (pocket): All chunks are saved
[12:23:19] [Server thread/INFO] [minecraft/MinecraftServer]: ThreadedAnvilChunkStorage (DIM1): All chunks are saved
[12:23:19] [Server thread/INFO] [minecraft/MinecraftServer]: ThreadedAnvilChunkStorage: All dimensions are saved
[12:23:19] [Server thread/DEBUG] [ne.ne.fm.co.ConfigTracker/CONFIG]: Unloading configs type SERVER

BUILD SUCCESSFUL in 2m 56s
12 actionable tasks: 10 executed, 2 up-to-date
