Reusing configuration cache.
> Task :verifyKithkynCompatibility
> Task :generateModMetadata UP-TO-DATE
> Task :createArtifactManifest UP-TO-DATE
> Task :downloadAssets UP-TO-DATE
> Task :createMinecraftArtifacts UP-TO-DATE
> Task :writeGameTestServerLegacyClasspath UP-TO-DATE
> Task :prepareGameTestServerRun UP-TO-DATE
> Task :buildKithkyn UP-TO-DATE
> Task :processResources

> Task :compileJava
/Users/quzzar/Projects/vestige/src/main/java/com/quzzar/vestige/travel/StandingStoneTest.java:90: warning: [removal] makeMockServerPlayerInLevel() in GameTestHelper has been deprecated and marked for removal
        var player = h.makeMockServerPlayerInLevel();
                      ^
/Users/quzzar/Projects/vestige/src/main/java/com/quzzar/vestige/travel/StandingStoneTest.java:230: warning: [removal] makeMockServerPlayerInLevel() in GameTestHelper has been deprecated and marked for removal
        var player = h.makeMockServerPlayerInLevel(); player.setPos(Vec3.atBottomCenterOf(start.south())); Vec3 initial = player.position();
                      ^
/Users/quzzar/Projects/vestige/src/main/java/com/quzzar/vestige/travel/StandingStoneTest.java:248: warning: [removal] makeMockServerPlayerInLevel() in GameTestHelper has been deprecated and marked for removal
        var player = h.makeMockServerPlayerInLevel(); player.setPos(Vec3.atBottomCenterOf(start.south())); Vec3 initial = player.position();
                      ^
/Users/quzzar/Projects/vestige/src/main/java/com/quzzar/vestige/travel/StandingStoneTest.java:265: warning: [removal] makeMockServerPlayerInLevel() in GameTestHelper has been deprecated and marked for removal
        var player = h.makeMockServerPlayerInLevel(); player.setPos(Vec3.atBottomCenterOf(start.south())); Vec3 initial = player.position();
                      ^
Note: Some input files use or override a deprecated API.
Note: Recompile with -Xlint:deprecation for details.
4 warnings

> Task :classes

> Task :runGameTestServer
WARN StatusConsoleListener Advanced terminal features are not available in this environment
[13:02:07] [main/INFO] [cp.mo.mo.Launcher/MODLAUNCHER]: ModLauncher running: args [--launchTarget, forgeserveruserdev, --gameDir, ., --fml.neoForgeVersion, 21.1.72, --fml.fmlVersion, 4.0.29, --fml.mcVersion, 1.21.1, --fml.neoFormVersion, 20240808.144430]
[13:02:07] [main/INFO] [cp.mo.mo.Launcher/MODLAUNCHER]: JVM identified as Eclipse Adoptium OpenJDK 64-Bit Server VM 21.0.12.1+1-LTS
[13:02:07] [main/INFO] [cp.mo.mo.Launcher/MODLAUNCHER]: ModLauncher 11.0.4+main.d2e20e43 starting: java version 21.0.12.1 by Eclipse Adoptium; OS Mac OS X arch aarch64 version 27.0
[13:02:07] [main/DEBUG] [cp.mo.mo.LaunchServiceHandler/MODLAUNCHER]: Found launch services [minecraft,forgeclient,forgedatauserdev,testharness,forgeserverdev,forgeserveruserdev,forgejunitdev,forgeclientdev,forgeclientuserdev,forgeserver,forgejunituserdev,forgedatadev]
[13:02:07] [main/DEBUG] [cp.mo.mo.LaunchPluginHandler/MODLAUNCHER]: Found launch plugins: [mixin,slf4jfixer,runtime_enum_extender,accesstransformer,runtimedistcleaner]
[13:02:07] [main/DEBUG] [cp.mo.mo.TransformationServicesHandler/MODLAUNCHER]: Discovering transformation services
[13:02:07] [main/DEBUG] [ne.ne.fm.lo.FMLPaths/CORE]: Path GAMEDIR is /Users/quzzar/Projects/vestige/run/apparatus-fixes-tests
[13:02:07] [main/DEBUG] [ne.ne.fm.lo.FMLPaths/CORE]: Path MODSDIR is /Users/quzzar/Projects/vestige/run/apparatus-fixes-tests/mods
[13:02:07] [main/DEBUG] [ne.ne.fm.lo.FMLPaths/CORE]: Path CONFIGDIR is /Users/quzzar/Projects/vestige/run/apparatus-fixes-tests/config
[13:02:07] [main/DEBUG] [ne.ne.fm.lo.FMLPaths/CORE]: Path FMLCONFIG is /Users/quzzar/Projects/vestige/run/apparatus-fixes-tests/config/fml.toml
[13:02:08] [main/DEBUG] [ne.ne.fm.lo.ta.CommonLaunchHandler/CORE]: Got mod coordinates vestige%%/Users/quzzar/Projects/vestige/build/classes/java/main:vestige%%/Users/quzzar/Projects/vestige/build/resources/main from env
[13:02:08] [main/DEBUG] [ne.ne.fm.lo.ta.CommonLaunchHandler/CORE]: Found supplied mod coordinates [{vestige=[/Users/quzzar/Projects/vestige/build/classes/java/main, /Users/quzzar/Projects/vestige/build/resources/main]}]
[13:02:08] [main/DEBUG] [cp.mo.mo.TransformationServicesHandler/MODLAUNCHER]: Found additional transformation services from discovery services: 
[13:02:08] [main/INFO] [ne.ne.fm.lo.ImmediateWindowHandler/]: ImmediateWindowProvider not loading because launch target is forgeserveruserdev
[13:02:08] [main/DEBUG] [cp.mo.mo.TransformationServicesHandler/MODLAUNCHER]: Found transformer services : [mixin,fml]
[13:02:08] [main/DEBUG] [cp.mo.mo.TransformationServicesHandler/MODLAUNCHER]: Transformation services loading
[13:02:08] [main/DEBUG] [cp.mo.mo.TransformationServiceDecorator/MODLAUNCHER]: Loading service mixin
[13:02:08] [main/DEBUG] [cp.mo.mo.TransformationServiceDecorator/MODLAUNCHER]: Loaded service mixin
[13:02:08] [main/DEBUG] [cp.mo.mo.TransformationServiceDecorator/MODLAUNCHER]: Loading service fml
[13:02:08] [main/DEBUG] [ne.ne.fm.lo.FMLLoader/CORE]: FML 4.0.29 loading
[13:02:08] [main/DEBUG] [ne.ne.fm.lo.FMLLoader/CORE]: FML found ModLauncher version : 11.0.4+main.d2e20e43
[13:02:08] [main/DEBUG] [ne.ne.fm.lo.FMLLoader/CORE]: FML found AccessTransformer version : 10.0.1+139da711
[13:02:08] [main/DEBUG] [ne.ne.fm.lo.FMLLoader/CORE]: FML found EventBus version : null
[13:02:08] [main/DEBUG] [ne.ne.fm.lo.FMLLoader/CORE]: Found Runtime Dist Cleaner
[13:02:08] [main/DEBUG] [cp.mo.mo.TransformationServiceDecorator/MODLAUNCHER]: Loaded service fml
[13:02:08] [main/DEBUG] [cp.mo.mo.TransformationServicesHandler/MODLAUNCHER]: Configuring option handling for services
[13:02:09] [main/DEBUG] [ne.ne.fm.lo.FMLServiceProvider/CORE]: Received command line version data  : VersionInfo[neoForgeVersion=21.1.72, fmlVersion=4.0.29, mcVersion=1.21.1, neoFormVersion=20240808.144430]
[13:02:09] [main/DEBUG] [cp.mo.mo.TransformationServicesHandler/MODLAUNCHER]: Transformation services initializing
[13:02:09] [main/DEBUG] [cp.mo.mo.TransformationServiceDecorator/MODLAUNCHER]: Initializing transformation service mixin
[13:02:09] [main/DEBUG] [mixin/]: MixinService [ModLauncher] was successfully booted in cpw.mods.cl.ModuleClassLoader@2d6eabae
[13:02:09] [main/INFO] [mixin/]: SpongePowered MIXIN Subsystem Version=0.8.7 Source=union:/Users/quzzar/.gradle/caches/modules-2/files-2.1/net.fabricmc/sponge-mixin/0.15.2+mixin.0.8.7/2af2f021d8e02a0220dc27a7a72b4666d66d44ca/sponge-mixin-0.15.2+mixin.0.8.7.jar%2387!/ Service=ModLauncher Env=SERVER
[13:02:09] [main/DEBUG] [mixin/]: Initialising Mixin Platform Manager
[13:02:09] [main/DEBUG] [mixin/]: Adding mixin platform agents for container ModLauncher Root Container(ModLauncher:4f56a0a2)
[13:02:09] [main/DEBUG] [mixin/]: Instancing new MixinPlatformAgentMinecraftForge for ModLauncher Root Container(ModLauncher:4f56a0a2)
[13:02:09] [main/DEBUG] [mixin/]: MixinPlatformAgentMinecraftForge rejected container ModLauncher Root Container(ModLauncher:4f56a0a2)
[13:02:09] [main/DEBUG] [mixin/]: Instancing new MixinPlatformAgentDefault for ModLauncher Root Container(ModLauncher:4f56a0a2)
[13:02:09] [main/DEBUG] [mixin/]: MixinPlatformAgentDefault accepted container ModLauncher Root Container(ModLauncher:4f56a0a2)
[13:02:09] [main/DEBUG] [cp.mo.mo.TransformationServiceDecorator/MODLAUNCHER]: Initialized transformation service mixin
[13:02:09] [main/DEBUG] [cp.mo.mo.TransformationServiceDecorator/MODLAUNCHER]: Initializing transformation service fml
[13:02:09] [main/DEBUG] [ne.ne.fm.lo.FMLServiceProvider/CORE]: Setting up basic FML game directories
[13:02:09] [main/DEBUG] [ne.ne.fm.lo.FMLPaths/CORE]: Path GAMEDIR is /Users/quzzar/Projects/vestige/run/apparatus-fixes-tests
[13:02:09] [main/DEBUG] [ne.ne.fm.lo.FMLPaths/CORE]: Path MODSDIR is /Users/quzzar/Projects/vestige/run/apparatus-fixes-tests/mods
[13:02:09] [main/DEBUG] [ne.ne.fm.lo.FMLPaths/CORE]: Path CONFIGDIR is /Users/quzzar/Projects/vestige/run/apparatus-fixes-tests/config
[13:02:09] [main/DEBUG] [ne.ne.fm.lo.FMLPaths/CORE]: Path FMLCONFIG is /Users/quzzar/Projects/vestige/run/apparatus-fixes-tests/config/fml.toml
[13:02:09] [main/DEBUG] [ne.ne.fm.lo.FMLServiceProvider/CORE]: Loading configuration
[13:02:09] [main/DEBUG] [ne.ne.fm.lo.FMLServiceProvider/CORE]: Preparing launch handler
[13:02:09] [main/DEBUG] [ne.ne.fm.lo.FMLLoader/CORE]: Using forgeserveruserdev as launch service
[13:02:09] [main/DEBUG] [cp.mo.mo.TransformationServiceDecorator/MODLAUNCHER]: Initialized transformation service fml
[13:02:09] [main/DEBUG] [cp.mo.mo.TransformationServicesHandler/MODLAUNCHER]: Transformation services begin scanning
[13:02:09] [main/DEBUG] [cp.mo.mo.TransformationServiceDecorator/MODLAUNCHER]: Beginning scan trigger - transformation service mixin
[13:02:09] [main/DEBUG] [cp.mo.mo.TransformationServiceDecorator/MODLAUNCHER]: End scan trigger - transformation service mixin
[13:02:09] [main/DEBUG] [cp.mo.mo.TransformationServiceDecorator/MODLAUNCHER]: Beginning scan trigger - transformation service fml
[13:02:09] [main/DEBUG] [ne.ne.fm.lo.FMLServiceProvider/CORE]: Initiating mod scan
[13:02:09] [main/DEBUG] [ne.ne.fm.lo.ta.CommonLaunchHandler/CORE]: Got mod coordinates vestige%%/Users/quzzar/Projects/vestige/build/classes/java/main:vestige%%/Users/quzzar/Projects/vestige/build/resources/main from env
[13:02:09] [main/DEBUG] [ne.ne.fm.lo.ta.CommonLaunchHandler/CORE]: Found supplied mod coordinates [{vestige=[/Users/quzzar/Projects/vestige/build/classes/java/main, /Users/quzzar/Projects/vestige/build/resources/main]}]
[13:02:09] [main/DEBUG] [ne.ne.fm.ut.ServiceLoaderUtil/CORE]: Found 4 implementations of IModFileCandidateLocator:
[13:02:09] [main/DEBUG] [ne.ne.fm.ut.ServiceLoaderUtil/CORE]: 	       0 - [built-in] net.neoforged.fml.loading.moddiscovery.locators.NeoForgeDevProvider from loader-4.0.29.jar
[13:02:09] [main/DEBUG] [ne.ne.fm.ut.ServiceLoaderUtil/CORE]: 	       0 - net.neoforged.fml.loading.moddiscovery.locators.ModsFolderLocator from loader-4.0.29.jar
[13:02:09] [main/DEBUG] [ne.ne.fm.ut.ServiceLoaderUtil/CORE]: 	       0 - net.neoforged.fml.loading.moddiscovery.locators.MavenDirectoryLocator from loader-4.0.29.jar
[13:02:09] [main/DEBUG] [ne.ne.fm.ut.ServiceLoaderUtil/CORE]: 	   -1000 - [built-in] net.neoforged.fml.loading.moddiscovery.locators.UserdevLocator from loader-4.0.29.jar
[13:02:09] [main/DEBUG] [ne.ne.fm.ut.ServiceLoaderUtil/CORE]: Found 2 implementations of IModFileReader:
[13:02:09] [main/DEBUG] [ne.ne.fm.ut.ServiceLoaderUtil/CORE]: 	       0 - net.neoforged.fml.loading.moddiscovery.readers.JarModsDotTomlModFileReader from loader-4.0.29.jar
[13:02:09] [main/DEBUG] [ne.ne.fm.ut.ServiceLoaderUtil/CORE]: 	   -1000 - net.neoforged.fml.loading.moddiscovery.readers.NestedLibraryModReader from loader-4.0.29.jar
[13:02:09] [main/DEBUG] [ne.ne.fm.ut.ServiceLoaderUtil/CORE]: Found 1 implementations of IDependencyLocator:
[13:02:09] [main/DEBUG] [ne.ne.fm.ut.ServiceLoaderUtil/CORE]: 	       0 - net.neoforged.fml.loading.moddiscovery.locators.JarInJarDependencyLocator from loader-4.0.29.jar
[13:02:10] [main/DEBUG] [ne.ne.fm.lo.mo.ModFileInfo/LOADING]: Found valid mod file neoforge-21.1.72-minecraft.jar with {minecraft} mods - versions {1.21.1}
[13:02:10] [main/DEBUG] [ne.ne.fm.lo.mo.ModFileParser/LOADING]: Considering mod file candidate /Users/quzzar/Projects/vestige/build/moddev/artifacts/neoforge-21.1.72-minecraft.jar
[13:02:11] [main/DEBUG] [ne.ne.fm.lo.mo.ModFileInfo/LOADING]: Found valid mod file neoforge-21.1.72-minecraft.jar with {neoforge} mods - versions {21.1.72}
[13:02:11] [main/DEBUG] [ne.ne.fm.lo.mo.ModListHandler/CORE]: Found mod coordinates from lists: []
[13:02:11] [main/DEBUG] [ne.ne.fm.lo.mo.ModFileParser/LOADING]: Considering mod file candidate /Users/quzzar/Projects/vestige/build/classes/java/main
[13:02:11] [main/DEBUG] [ne.ne.fm.lo.mo.ModFileInfo/LOADING]: Found valid mod file main with {vestige} mods - versions {0.1.0}
[13:02:11] [main/DEBUG] [ne.ne.fm.lo.mo.ModFileParser/LOADING]: Considering mod file candidate /Users/quzzar/Projects/kithkyn/build/libs/kithkyn-1.0.0.jar
[13:02:11] [main/DEBUG] [ne.ne.fm.lo.mo.ModFileInfo/LOADING]: Found valid mod file kithkyn-1.0.0.jar with {kithkyn} mods - versions {1.0.0}
[13:02:11] [main/DEBUG] [ne.ne.fm.lo.mo.ModFileParser/LOADING]: Considering mod file candidate /Users/quzzar/Projects/vestige/build/moddev/artifacts/neoforge-21.1.72-minecraft.jar
[13:02:11] [main/DEBUG] [ne.ne.fm.lo.mo.ModFileInfo/LOADING]: Found valid mod file neoforge-21.1.72-minecraft.jar with {neoforge} mods - versions {21.1.72}
[13:02:11] [main/DEBUG] [ne.ne.fm.lo.mo.ModDiscoverer/]: Skipping /Users/quzzar/.gradle/caches/modules-2/files-2.1/net.neoforged.fancymodloader/earlydisplay/4.0.29/1edc5420c37dde59a5c8b12a842f3ea22cd6139e/earlydisplay-4.0.29.jar because it was already located earlier
[13:02:11] [main/DEBUG] [ne.ne.fm.lo.mo.ModDiscoverer/]: Skipping /Users/quzzar/.gradle/caches/modules-2/files-2.1/net.neoforged.fancymodloader/loader/4.0.29/d18deaf54bafe631f281d4adb5b905308e0a271e/loader-4.0.29.jar because it was already located earlier
[13:02:11] [main/DEBUG] [ne.ne.fm.lo.mo.ModDiscoverer/]: Skipping /Users/quzzar/.gradle/caches/modules-2/files-2.1/net.neoforged/coremods/7.0.3/9147e6f638b4272b3bd5fc8f92ad37802512c6c/coremods-7.0.3.jar because it was already located earlier
[13:02:11] [main/DEBUG] [ne.ne.fm.lo.mo.ModDiscoverer/]: Skipping /Users/quzzar/.gradle/caches/modules-2/files-2.1/cpw.mods/modlauncher/11.0.4/6619d4812a3c092310d521ebc4c9503727563df7/modlauncher-11.0.4.jar because it was already located earlier
[13:02:11] [main/DEBUG] [ne.ne.fm.lo.mo.ModDiscoverer/]: Skipping /Users/quzzar/.gradle/caches/modules-2/files-2.1/net.neoforged.accesstransformers/at-modlauncher/10.0.1/5aba50202aceead086bc09fbc2751c9f05cb4890/at-modlauncher-10.0.1.jar because it was already located earlier
[13:02:11] [main/DEBUG] [ne.ne.fm.lo.mo.ModDiscoverer/]: Skipping /Users/quzzar/.gradle/caches/modules-2/files-2.1/net.neoforged/accesstransformers/10.0.1/fd83b5725f76eae9115e9355fa1c456a6a441400/accesstransformers-10.0.1.jar because it was already located earlier
[13:02:11] [main/DEBUG] [ne.ne.fm.lo.mo.ModDiscoverer/]: Skipping /Users/quzzar/.gradle/caches/modules-2/files-2.1/org.openjdk.nashorn/nashorn-core/15.4/f67f5ffaa5f5130cf6fb9b133da00c7df3b532a5/nashorn-core-15.4.jar because it was already located earlier
[13:02:11] [main/DEBUG] [ne.ne.fm.lo.mo.ModDiscoverer/]: Skipping /Users/quzzar/.gradle/caches/modules-2/files-2.1/net.neoforged/mergetool/2.0.3/1275202cbbb248f49345cf6787ce299afd9a02fb/mergetool-2.0.3-api.jar because it was already located earlier
[13:02:11] [main/DEBUG] [ne.ne.fm.lo.mo.ModDiscoverer/]: Skipping /Users/quzzar/.gradle/caches/modules-2/files-2.1/net.neoforged/bus/8.0.2/163c9ef7c4bcca6d850c34e95261b606af91fe06/bus-8.0.2.jar because it was already located earlier
[13:02:11] [main/DEBUG] [ne.ne.fm.lo.mo.ModDiscoverer/]: Skipping /Users/quzzar/.gradle/caches/modules-2/files-2.1/com.electronwill.night-config/toml/3.8.0/861dbcf2757dd6701c98b3949198549ccb5f62ff/toml-3.8.0.jar because it was already located earlier
[13:02:11] [main/DEBUG] [ne.ne.fm.lo.mo.ModDiscoverer/]: Skipping /Users/quzzar/.gradle/caches/modules-2/files-2.1/com.electronwill.night-config/core/3.8.0/2498dd2b3120dd49e963e2feab8fa5d0c5f80e0a/core-3.8.0.jar because it was already located earlier
[13:02:11] [main/DEBUG] [ne.ne.fm.lo.mo.ModDiscoverer/]: Skipping /Users/quzzar/.gradle/caches/modules-2/files-2.1/net.neoforged/JarJarSelector/0.4.1/fb3cc7a58af22ad2880adb98af6d518128c47dae/JarJarSelector-0.4.1.jar because it was already located earlier
[13:02:11] [main/DEBUG] [ne.ne.fm.lo.mo.ModDiscoverer/]: Skipping /Users/quzzar/.gradle/caches/modules-2/files-2.1/net.neoforged/JarJarMetadata/0.4.1/f8da03683dc81694556dc3e177c5e3bb77ae6fcb/JarJarMetadata-0.4.1.jar because it was already located earlier
[13:02:11] [main/DEBUG] [ne.ne.fm.lo.mo.ModDiscoverer/]: Skipping /Users/quzzar/.gradle/caches/modules-2/files-2.1/org.apache.maven/maven-artifact/3.8.5/4433f50c07debefaed0553bd0068f4f48d449313/maven-artifact-3.8.5.jar because it was already located earlier
[13:02:11] [main/DEBUG] [ne.ne.fm.lo.mo.ModDiscoverer/]: Skipping /Users/quzzar/.gradle/caches/modules-2/files-2.1/net.jodah/typetools/0.6.3/a01aaa6ddaea9ec07ec4f209487b7a46a526283a/typetools-0.6.3.jar because it was already located earlier
[13:02:11] [main/DEBUG] [ne.ne.fm.lo.mo.ModDiscoverer/]: Skipping /Users/quzzar/.gradle/caches/modules-2/files-2.1/net.minecrell/terminalconsoleappender/1.3.0/b562e9bb61235c9520e26282cdee71f8f802d1fc/terminalconsoleappender-1.3.0.jar because it was already located earlier
[13:02:11] [main/DEBUG] [ne.ne.fm.lo.mo.ModDiscoverer/]: Skipping /Users/quzzar/.gradle/caches/modules-2/files-2.1/net.fabricmc/sponge-mixin/0.15.2+mixin.0.8.7/2af2f021d8e02a0220dc27a7a72b4666d66d44ca/sponge-mixin-0.15.2+mixin.0.8.7.jar because it was already located earlier
[13:02:11] [main/DEBUG] [ne.ne.fm.lo.mo.ModDiscoverer/]: Skipping /Users/quzzar/.gradle/caches/modules-2/files-2.1/org.apache.commons/commons-lang3/3.14.0/1ed471194b02f2c6cb734a0cd6f6f107c673afae/commons-lang3-3.14.0.jar because it was already located earlier
[13:02:11] [main/DEBUG] [ne.ne.fm.lo.mo.ModDiscoverer/]: Skipping /Users/quzzar/.gradle/caches/modules-2/files-2.1/com.mojang/logging/1.2.7/24cb95ffb0e3433fd6e844c04e68009e504ca1c0/logging-1.2.7.jar because it was already located earlier
[13:02:11] [main/DEBUG] [ne.ne.fm.lo.mo.ModDiscoverer/]: Skipping /Users/quzzar/.gradle/caches/modules-2/files-2.1/org.apache.logging.log4j/log4j-slf4j2-impl/2.22.1/d7e6693c2606cb7e7335047d7bb96dec52db5665/log4j-slf4j2-impl-2.22.1.jar because it was already located earlier
[13:02:11] [main/DEBUG] [ne.ne.fm.lo.mo.ModDiscoverer/]: Skipping /Users/quzzar/.gradle/caches/modules-2/files-2.1/org.apache.logging.log4j/log4j-core/2.22.1/7183a25510a02ad00cc6a95d3b3d2a7d3c5a8dc4/log4j-core-2.22.1.jar because it was already located earlier
[13:02:11] [main/DEBUG] [ne.ne.fm.lo.mo.ModDiscoverer/]: Skipping /Users/quzzar/.gradle/caches/modules-2/files-2.1/org.apache.logging.log4j/log4j-api/2.22.1/bea6fede6328fabafd7e68363161a7ea6605abd1/log4j-api-2.22.1.jar because it was already located earlier
[13:02:11] [main/DEBUG] [ne.ne.fm.lo.mo.ModDiscoverer/]: Skipping /Users/quzzar/.gradle/caches/modules-2/files-2.1/net.sf.jopt-simple/jopt-simple/5.0.4/4fdac2fbe92dfad86aa6e9301736f6b4342a3f5c/jopt-simple-5.0.4.jar because it was already located earlier
[13:02:11] [main/DEBUG] [ne.ne.fm.lo.mo.ModDiscoverer/]: Skipping /Users/quzzar/.gradle/caches/modules-2/files-2.1/commons-io/commons-io/2.15.1/f11560da189ab563a5c8e351941415430e9304ea/commons-io-2.15.1.jar because it was already located earlier
[13:02:11] [main/DEBUG] [ne.ne.fm.lo.mo.ModDiscoverer/]: Skipping /Users/quzzar/.gradle/caches/modules-2/files-2.1/com.google.guava/guava/32.1.2-jre/5e64ec7e056456bef3a4bc4c6fdaef71e8ab6318/guava-32.1.2-jre.jar because it was already located earlier
[13:02:11] [main/DEBUG] [ne.ne.fm.lo.mo.ModDiscoverer/]: Skipping /Users/quzzar/.gradle/caches/modules-2/files-2.1/com.google.code.gson/gson/2.10.1/b3add478d4382b78ea20b1671390a858002feb6c/gson-2.10.1.jar because it was already located earlier
[13:02:11] [main/DEBUG] [ne.ne.fm.lo.mo.ModDiscoverer/]: Skipping /Users/quzzar/.gradle/caches/modules-2/files-2.1/org.slf4j/slf4j-api/2.0.9/7cf2726fdcfbc8610f9a71fb3ed639871f315340/slf4j-api-2.0.9.jar because it was already located earlier
[13:02:11] [main/DEBUG] [ne.ne.fm.lo.mo.ModDiscoverer/]: Skipping /Users/quzzar/.gradle/caches/modules-2/files-2.1/org.antlr/antlr4-runtime/4.13.1/17125bae1d965624e265ef49552f6465a2bfa307/antlr4-runtime-4.13.1.jar because it was already located earlier
[13:02:11] [main/DEBUG] [ne.ne.fm.lo.mo.ModDiscoverer/]: Skipping /Users/quzzar/.gradle/caches/modules-2/files-2.1/net.minecraftforge/srgutils/0.4.15/ca408b131759478f164e010fae0d73997e125fb5/srgutils-0.4.15.jar because it was already located earlier
[13:02:11] [main/DEBUG] [ne.ne.fm.lo.mo.ModDiscoverer/]: Skipping /Users/quzzar/.gradle/caches/modules-2/files-2.1/org.codehaus.plexus/plexus-utils/3.3.0/cf43b5391de623b36fe066a21127baef82c64022/plexus-utils-3.3.0.jar because it was already located earlier
[13:02:11] [main/DEBUG] [ne.ne.fm.lo.mo.ModDiscoverer/]: Skipping /Users/quzzar/.gradle/caches/modules-2/files-2.1/org.jline/jline-reader/3.20.0/8f15415b022a25b473e8e16c28ae913186ffb9c4/jline-reader-3.20.0.jar because it was already located earlier
[13:02:11] [main/DEBUG] [ne.ne.fm.lo.mo.ModDiscoverer/]: Skipping /Users/quzzar/.gradle/caches/modules-2/files-2.1/com.machinezoo.noexception/noexception/1.7.1/b65330c98e38a1f915fa54a6e5eca496505e3f0a/noexception-1.7.1.jar because it was already located earlier
[13:02:11] [main/DEBUG] [ne.ne.fm.lo.mo.ModDiscoverer/]: Skipping /Users/quzzar/.gradle/caches/modules-2/files-2.1/com.github.oshi/oshi-core/6.4.10/b1d8ab82d11d92fd639b56d639f8f46f739dd5fa/oshi-core-6.4.10.jar because it was already located earlier
[13:02:11] [main/DEBUG] [ne.ne.fm.lo.mo.ModDiscoverer/]: Skipping /Users/quzzar/.gradle/caches/modules-2/files-2.1/com.google.guava/failureaccess/1.0.1/1dcf1de382a0bf95a3d8b0849546c88bac1292c9/failureaccess-1.0.1.jar because it was already located earlier
[13:02:11] [main/DEBUG] [ne.ne.fm.lo.mo.ModDiscoverer/]: Skipping /Users/quzzar/.gradle/caches/modules-2/files-2.1/com.mojang/authlib/6.0.54/de8bc95660e1b2fe8793fd427a7a10dcec5b3ea7/authlib-6.0.54.jar because it was already located earlier
[13:02:11] [main/DEBUG] [ne.ne.fm.lo.mo.ModDiscoverer/]: Skipping /Users/quzzar/.gradle/caches/modules-2/files-2.1/com.mojang/brigadier/1.3.10/d15b53a14cf20fdcaa98f731af5dda654452c010/brigadier-1.3.10.jar because it was already located earlier
[13:02:11] [main/DEBUG] [ne.ne.fm.lo.mo.ModDiscoverer/]: Skipping /Users/quzzar/.gradle/caches/modules-2/files-2.1/com.mojang/datafixerupper/8.0.16/67d4de6d7f95d89bcf5862995fb854ebaec02a34/datafixerupper-8.0.16.jar because it was already located earlier
[13:02:11] [main/DEBUG] [ne.ne.fm.lo.mo.ModDiscoverer/]: Skipping /Users/quzzar/.gradle/caches/modules-2/files-2.1/io.netty/netty-buffer/4.1.97.Final/f8f3d8644afa5e6e1a40a3a6aeb9d9aa970ecb4f/netty-buffer-4.1.97.Final.jar because it was already located earlier
[13:02:11] [main/DEBUG] [ne.ne.fm.lo.mo.ModDiscoverer/]: Skipping /Users/quzzar/.gradle/caches/modules-2/files-2.1/io.netty/netty-codec/4.1.97.Final/384ba4d75670befbedb45c4d3b497a93639c206d/netty-codec-4.1.97.Final.jar because it was already located earlier
[13:02:11] [main/DEBUG] [ne.ne.fm.lo.mo.ModDiscoverer/]: Skipping /Users/quzzar/.gradle/caches/modules-2/files-2.1/io.netty/netty-common/4.1.97.Final/7cceacaf11df8dc63f23d0fb58e9d4640fc88404/netty-common-4.1.97.Final.jar because it was already located earlier
[13:02:11] [main/DEBUG] [ne.ne.fm.lo.mo.ModDiscoverer/]: Skipping /Users/quzzar/.gradle/caches/modules-2/files-2.1/io.netty/netty-handler/4.1.97.Final/abb86c6906bf512bf2b797a41cd7d2e8d3cd7c36/netty-handler-4.1.97.Final.jar because it was already located earlier
[13:02:11] [main/DEBUG] [ne.ne.fm.lo.mo.ModDiscoverer/]: Skipping /Users/quzzar/.gradle/caches/modules-2/files-2.1/io.netty/netty-resolver/4.1.97.Final/cec8348108dc76c47cf87c669d514be52c922144/netty-resolver-4.1.97.Final.jar because it was already located earlier
[13:02:11] [main/DEBUG] [ne.ne.fm.lo.mo.ModDiscoverer/]: Skipping /Users/quzzar/.gradle/caches/modules-2/files-2.1/io.netty/netty-transport-classes-epoll/4.1.97.Final/795da37ded759e862457a82d9d92c4d39ce8ecee/netty-transport-classes-epoll-4.1.97.Final.jar because it was already located earlier
[13:02:11] [main/DEBUG] [ne.ne.fm.lo.mo.ModDiscoverer/]: Skipping /Users/quzzar/.gradle/caches/modules-2/files-2.1/io.netty/netty-transport-native-unix-common/4.1.97.Final/d469d84265ab70095b01b40886cabdd433b6e664/netty-transport-native-unix-common-4.1.97.Final.jar because it was already located earlier
[13:02:11] [main/DEBUG] [ne.ne.fm.lo.mo.ModDiscoverer/]: Skipping /Users/quzzar/.gradle/caches/modules-2/files-2.1/io.netty/netty-transport/4.1.97.Final/f37380d23c9bb079bc702910833b2fd532c9abd0/netty-transport-4.1.97.Final.jar because it was already located earlier
[13:02:11] [main/DEBUG] [ne.ne.fm.lo.mo.ModDiscoverer/]: Skipping /Users/quzzar/.gradle/caches/modules-2/files-2.1/it.unimi.dsi/fastutil/8.5.12/c24946d46824bd528054bface3231d2ecb7e95e8/fastutil-8.5.12.jar because it was already located earlier
[13:02:11] [main/DEBUG] [ne.ne.fm.lo.mo.ModDiscoverer/]: Skipping /Users/quzzar/.gradle/caches/modules-2/files-2.1/net.java.dev.jna/jna-platform/5.14.0/28934d48aed814f11e4c584da55c49fa7032b31b/jna-platform-5.14.0.jar because it was already located earlier
[13:02:11] [main/DEBUG] [ne.ne.fm.lo.mo.ModDiscoverer/]: Skipping /Users/quzzar/.gradle/caches/modules-2/files-2.1/net.java.dev.jna/jna/5.14.0/67bf3eaea4f0718cb376a181a629e5f88fa1c9dd/jna-5.14.0.jar because it was already located earlier
[13:02:11] [main/DEBUG] [ne.ne.fm.lo.mo.ModDiscoverer/]: Skipping /Users/quzzar/.gradle/caches/modules-2/files-2.1/org.joml/joml/1.10.5/22566d58af70ad3d72308bab63b8339906deb649/joml-1.10.5.jar because it was already located earlier
[13:02:11] [main/DEBUG] [ne.ne.fm.lo.mo.ModDiscoverer/]: Skipping /Users/quzzar/.gradle/caches/modules-2/files-2.1/org.lz4/lz4-java/1.8.0/4b986a99445e49ea5fbf5d149c4b63f6ed6c6780/lz4-java-1.8.0.jar because it was already located earlier
[13:02:11] [main/DEBUG] [ne.ne.fm.lo.mo.ModDiscoverer/]: Skipping /Users/quzzar/.gradle/caches/modules-2/files-2.1/org.jline/jline-terminal/3.20.0/d0ddcc708ddf527a3454c941b7b9225cc83a15ff/jline-terminal-3.20.0.jar because it was already located earlier
[13:02:12] [main/DEBUG] [ne.ne.fm.lo.mo.ModDiscoverer/]: Skipping /Users/quzzar/.gradle/caches/modules-2/files-2.1/com.google.guava/listenablefuture/9999.0-empty-to-avoid-conflict-with-guava/b421526c5f297295adef1c886e5246c39d4ac629/listenablefuture-9999.0-empty-to-avoid-conflict-with-guava.jar because it was already located earlier
[13:02:12] [main/DEBUG] [ne.ne.fm.lo.mo.ModDiscoverer/]: Skipping /Users/quzzar/.gradle/caches/modules-2/files-2.1/com.google.code.findbugs/jsr305/3.0.2/25ea2e8b0c338a877313bd4672d3fe056ea78f0d/jsr305-3.0.2.jar because it was already located earlier
[13:02:12] [main/DEBUG] [ne.ne.fm.lo.mo.ModDiscoverer/]: Skipping /Users/quzzar/.gradle/caches/modules-2/files-2.1/org.checkerframework/checker-qual/3.33.0/de2b60b62da487644fc11f734e73c8b0b431238f/checker-qual-3.33.0.jar because it was already located earlier
[13:02:12] [main/DEBUG] [ne.ne.fm.lo.mo.ModDiscoverer/]: Skipping /Users/quzzar/.gradle/caches/modules-2/files-2.1/com.google.errorprone/error_prone_annotations/2.18.0/89b684257096f548fa39a7df9fdaa409d4d4df91/error_prone_annotations-2.18.0.jar because it was already located earlier
[13:02:12] [main/DEBUG] [ne.ne.fm.lo.mo.ModDiscoverer/]: Skipping /Users/quzzar/.gradle/caches/modules-2/files-2.1/com.google.j2objc/j2objc-annotations/2.8/c85270e307e7b822f1086b93689124b89768e273/j2objc-annotations-2.8.jar because it was already located earlier
[13:02:12] [main/DEBUG] [ne.ne.fm.lo.UniqueModListBuilder/]: Found 2 mods for first modid neoforge, selecting most recent based on version data
[13:02:12] [main/DEBUG] [ne.ne.fm.lo.UniqueModListBuilder/]: Selected file neoforge-21.1.72-minecraft.jar for modid neoforge with version 21.1.72
[13:02:12] [main/INFO] [ne.ne.fm.lo.mo.lo.JarInJarDependencyLocator/]: Found 2 dependencies adding them to mods collection
[13:02:12] [main/INFO] [ne.ne.fm.lo.mo.ModDiscoverer/]: 
     Mod List:
		Name Version (Mod Id)

		Kithkyn 1.0.0 (kithkyn)
		Minecraft 1.21.1 (minecraft)
		NeoForge 21.1.72 (neoforge)
		Vestige: Traditions of Lost Magic 0.1.0 (vestige)
[13:02:12] [main/DEBUG] [ne.ne.fm.lo.mo.ModFileInfo/LOADING]: Found valid mod file neoforge-21.1.72-minecraft.jar with {minecraft} mods - versions {1.21.1}
[13:02:13] [main/DEBUG] [ne.ne.fm.lo.mo.ModFile/LOADING]: Loading mod file /Users/quzzar/Projects/vestige/build/moddev/artifacts/neoforge-21.1.72-minecraft.jar with languages [LanguageSpec[languageName=minecraft, acceptedVersions=1]]
[13:02:13] [main/DEBUG] [ne.ne.fm.lo.mo.ModFileParser/LOADING]: Considering mod file candidate /Users/quzzar/Projects/vestige/build/classes/java/main
[13:02:13] [main/DEBUG] [ne.ne.fm.lo.mo.ModFileInfo/LOADING]: Found valid mod file main with {vestige} mods - versions {0.1.0}
[13:02:13] [main/DEBUG] [ne.ne.fm.lo.mo.ModFile/LOADING]: Loading mod file /Users/quzzar/Projects/vestige/build/classes/java/main with languages [LanguageSpec[languageName=javafml, acceptedVersions=[4,)]]
[13:02:13] [main/DEBUG] [ne.ne.fm.lo.mo.ModFileParser/LOADING]: Considering mod file candidate /Users/quzzar/Projects/kithkyn/build/libs/kithkyn-1.0.0.jar
[13:02:13] [main/DEBUG] [ne.ne.fm.lo.mo.ModFileInfo/LOADING]: Found valid mod file kithkyn-1.0.0.jar with {kithkyn} mods - versions {1.0.0}
[13:02:13] [main/DEBUG] [ne.ne.fm.lo.mo.ModFile/LOADING]: Loading mod file /Users/quzzar/Projects/kithkyn/build/libs/kithkyn-1.0.0.jar with languages [LanguageSpec[languageName=javafml, acceptedVersions=[4,)]]
[13:02:13] [main/DEBUG] [ne.ne.fm.lo.mo.ModFileParser/LOADING]: Considering mod file candidate /Users/quzzar/Projects/vestige/build/moddev/artifacts/neoforge-21.1.72-minecraft.jar
[13:02:13] [main/DEBUG] [ne.ne.fm.lo.mo.ModFileInfo/LOADING]: Found valid mod file neoforge-21.1.72-minecraft.jar with {neoforge} mods - versions {21.1.72}
[13:02:13] [main/DEBUG] [ne.ne.fm.lo.mo.ModFile/LOADING]: Loading mod file /Users/quzzar/Projects/vestige/build/moddev/artifacts/neoforge-21.1.72-minecraft.jar with languages [LanguageSpec[languageName=javafml, acceptedVersions=[3,]]]
[13:02:13] [main/DEBUG] [ne.ne.fm.lo.mo.ModFile/LOADING]: Found mixin config neoforge.mixins.json
[13:02:13] [main/DEBUG] [ne.ne.fm.lo.mo.ModFile/LOADING]: Loading mod file  with languages []
[13:02:13] [main/DEBUG] [cp.mo.mo.TransformationServiceDecorator/MODLAUNCHER]: End scan trigger - transformation service fml
[13:02:13] [main/DEBUG] [ne.ne.fm.ut.ServiceLoaderUtil/CORE]: Found 3 implementations of IModLanguageLoader:
[13:02:13] [main/DEBUG] [ne.ne.fm.ut.ServiceLoaderUtil/CORE]: 	net.neoforged.fml.javafmlmod.FMLJavaModLanguageProvider from loader-4.0.29.jar
[13:02:13] [main/DEBUG] [ne.ne.fm.ut.ServiceLoaderUtil/CORE]: 	net.neoforged.fml.lowcodemod.LowCodeModLanguageProvider from loader-4.0.29.jar
[13:02:13] [main/DEBUG] [ne.ne.fm.ut.ServiceLoaderUtil/CORE]: 	net.neoforged.fml.mclanguageprovider.MinecraftModLanguageProvider from loader-4.0.29.jar
[13:02:13] [main/DEBUG] [ne.ne.fm.lo.LanguageProviderLoader/CORE]: Found language provider javafml, version 4.0.29
[13:02:13] [main/DEBUG] [ne.ne.fm.lo.LanguageProviderLoader/CORE]: Found language provider lowcodefml, version 4.0.29
[13:02:13] [main/DEBUG] [ne.ne.fm.lo.LanguageProviderLoader/CORE]: Found language provider minecraft, version 4.0.29
[13:02:13] [main/DEBUG] [ne.ne.fm.lo.ModSorter/]: Configured system mods: [minecraft, neoforge]
[13:02:13] [main/DEBUG] [ne.ne.fm.lo.ModSorter/]: Found system mod: minecraft
[13:02:13] [main/DEBUG] [ne.ne.fm.lo.ModSorter/]: Found system mod: neoforge
[13:02:13] [main/DEBUG] [ne.ne.fm.lo.ModSorter/LOADING]: Found 5 mod requirements (4 mandatory, 1 optional)
[13:02:13] [main/DEBUG] [ne.ne.fm.lo.ModSorter/LOADING]: Found 0 mod requirements missing (0 mandatory, 0 optional)
[13:02:15] [main/DEBUG] [mixin/]: Adding mixin platform agents for container net.neoforged.fml.loading.mixin.FMLMixinContainerHandle@6ceb7b5e
[13:02:15] [main/DEBUG] [mixin/]: Instancing new MixinPlatformAgentMinecraftForge for net.neoforged.fml.loading.mixin.FMLMixinContainerHandle@6ceb7b5e
[13:02:15] [main/DEBUG] [mixin/]: MixinPlatformAgentMinecraftForge rejected container net.neoforged.fml.loading.mixin.FMLMixinContainerHandle@6ceb7b5e
[13:02:15] [main/DEBUG] [mixin/]: Instancing new MixinPlatformAgentDefault for net.neoforged.fml.loading.mixin.FMLMixinContainerHandle@6ceb7b5e
[13:02:15] [main/DEBUG] [mixin/]: MixinPlatformAgentDefault accepted container net.neoforged.fml.loading.mixin.FMLMixinContainerHandle@6ceb7b5e
[13:02:15] [main/DEBUG] [mixin/]: Instancing new FMLMixinPlatformAgent for net.neoforged.fml.loading.mixin.FMLMixinContainerHandle@6ceb7b5e
[13:02:15] [main/DEBUG] [mixin/]: FMLMixinPlatformAgent accepted container net.neoforged.fml.loading.mixin.FMLMixinContainerHandle@6ceb7b5e
[13:02:15] [main/DEBUG] [cp.mo.mo.TransformationServicesHandler/MODLAUNCHER]: Transformation services loading transformers
[13:02:15] [main/DEBUG] [cp.mo.mo.TransformationServiceDecorator/MODLAUNCHER]: Initializing transformers for transformation service mixin
[13:02:15] [main/DEBUG] [cp.mo.mo.TransformationServiceDecorator/MODLAUNCHER]: Initialized transformers for transformation service mixin
[13:02:15] [main/DEBUG] [cp.mo.mo.TransformationServiceDecorator/MODLAUNCHER]: Initializing transformers for transformation service fml
[13:02:15] [main/DEBUG] [ne.ne.fm.lo.FMLServiceProvider/LOADING]: Loading coremod transformers
[13:02:15] [main/DEBUG] [ne.ne.fm.lo.FMLServiceProvider/CORE]: Not loading coremod script-engine since no mod requested it
[13:02:15] [main/DEBUG] [ne.ne.fm.ut.ServiceLoaderUtil/CORE]: Found 1 implementations of ICoreMod:
[13:02:15] [main/DEBUG] [ne.ne.fm.ut.ServiceLoaderUtil/CORE]: 	net.neoforged.neoforge.coremods.NeoForgeCoreMod from neoforge-21.1.72-minecraft.jar > neoforge-coremods-21.1.72.jar
[13:02:15] [main/DEBUG] [ne.ne.fm.lo.FMLServiceProvider/CORE]: Adding [Target[className=net.minecraft.world.level.biome.Biome, elementName=, elementDescriptor=, targetType=cpw.mods.modlauncher.api.TargetType@1199fe66]] transformer from core-mod net.neoforged.neoforge.coremods.NeoForgeCoreMod@67001148 in neoforge-21.1.72-minecraft.jar > neoforge-coremods-21.1.72.jar
[13:02:15] [main/DEBUG] [ne.ne.fm.lo.FMLServiceProvider/CORE]: Adding [Target[className=net.minecraft.world.level.levelgen.structure.Structure, elementName=, elementDescriptor=, targetType=cpw.mods.modlauncher.api.TargetType@1199fe66]] transformer from core-mod net.neoforged.neoforge.coremods.NeoForgeCoreMod@67001148 in neoforge-21.1.72-minecraft.jar > neoforge-coremods-21.1.72.jar
[13:02:15] [main/DEBUG] [ne.ne.fm.lo.FMLServiceProvider/CORE]: Adding [Target[className=net.minecraft.world.level.block.FlowerPotBlock, elementName=, elementDescriptor=, targetType=cpw.mods.modlauncher.api.TargetType@1199fe66]] transformer from core-mod net.neoforged.neoforge.coremods.NeoForgeCoreMod@67001148 in neoforge-21.1.72-minecraft.jar > neoforge-coremods-21.1.72.jar
[13:02:15] [main/DEBUG] [ne.ne.fm.lo.FMLServiceProvider/CORE]: Adding [Target[className=net/minecraft/world/level/levelgen/structure/structures/SwampHutPiece, elementName=, elementDescriptor=, targetType=cpw.mods.modlauncher.api.TargetType@1199fe66], Target[className=net/minecraft/world/entity/animal/frog/Tadpole, elementName=, elementDescriptor=, targetType=cpw.mods.modlauncher.api.TargetType@1199fe66], Target[className=net/minecraft/world/level/levelgen/structure/structures/OceanMonumentPieces$OceanMonumentPiece, elementName=, elementDescriptor=, targetType=cpw.mods.modlauncher.api.TargetType@1199fe66], Target[className=net/minecraft/world/level/levelgen/structure/templatesystem/StructureTemplate, elementName=, elementDescriptor=, targetType=cpw.mods.modlauncher.api.TargetType@1199fe66], Target[className=net/minecraft/world/entity/raid/Raid, elementName=, elementDescriptor=, targetType=cpw.mods.modlauncher.api.TargetType@1199fe66], Target[className=net/minecraft/world/level/levelgen/structure/structures/OceanRuinPieces$OceanRuinPiece, elementName=, elementDescriptor=, targetType=cpw.mods.modlauncher.api.TargetType@1199fe66], Target[className=net/minecraft/world/entity/monster/Zombie, elementName=, elementDescriptor=, targetType=cpw.mods.modlauncher.api.TargetType@1199fe66], Target[className=net/minecraft/world/entity/monster/ZombieVillager, elementName=, elementDescriptor=, targetType=cpw.mods.modlauncher.api.TargetType@1199fe66], Target[className=net/minecraft/world/entity/monster/Spider, elementName=, elementDescriptor=, targetType=cpw.mods.modlauncher.api.TargetType@1199fe66], Target[className=net/minecraft/world/entity/npc/Villager, elementName=, elementDescriptor=, targetType=cpw.mods.modlauncher.api.TargetType@1199fe66], Target[className=net/minecraft/world/level/levelgen/PhantomSpawner, elementName=, elementDescriptor=, targetType=cpw.mods.modlauncher.api.TargetType@1199fe66], Target[className=net/minecraft/world/entity/ai/village/VillageSiege, elementName=, elementDescriptor=, targetType=cpw.mods.modlauncher.api.TargetType@1199fe66], Target[className=net/minecraft/world/level/NaturalSpawner, elementName=, elementDescriptor=, targetType=cpw.mods.modlauncher.api.TargetType@1199fe66], Target[className=net/minecraft/server/commands/RaidCommand, elementName=, elementDescriptor=, targetType=cpw.mods.modlauncher.api.TargetType@1199fe66], Target[className=net/minecraft/world/level/levelgen/PatrolSpawner, elementName=, elementDescriptor=, targetType=cpw.mods.modlauncher.api.TargetType@1199fe66], Target[className=net/minecraft/server/commands/SummonCommand, elementName=, elementDescriptor=, targetType=cpw.mods.modlauncher.api.TargetType@1199fe66], Target[className=net/minecraft/world/entity/EntityType, elementName=, elementDescriptor=, targetType=cpw.mods.modlauncher.api.TargetType@1199fe66], Target[className=net/minecraft/world/entity/monster/Strider, elementName=, elementDescriptor=, targetType=cpw.mods.modlauncher.api.TargetType@1199fe66], Target[className=net/minecraft/world/level/levelgen/structure/structures/WoodlandMansionPieces$WoodlandMansionPiece, elementName=, elementDescriptor=, targetType=cpw.mods.modlauncher.api.TargetType@1199fe66], Target[className=net/minecraft/world/entity/monster/Evoker$EvokerSummonSpellGoal, elementName=, elementDescriptor=, targetType=cpw.mods.modlauncher.api.TargetType@1199fe66], Target[className=net/minecraft/world/entity/animal/horse/SkeletonTrapGoal, elementName=, elementDescriptor=, targetType=cpw.mods.modlauncher.api.TargetType@1199fe66], Target[className=net/minecraft/world/entity/npc/CatSpawner, elementName=, elementDescriptor=, targetType=cpw.mods.modlauncher.api.TargetType@1199fe66]] transformer from core-mod net.neoforged.neoforge.coremods.NeoForgeCoreMod@67001148 in neoforge-21.1.72-minecraft.jar > neoforge-coremods-21.1.72.jar
[13:02:15] [main/DEBUG] [cp.mo.mo.TransformStore/MODLAUNCHER]: Adding transformer net.neoforged.neoforge.coremods.ReplaceFieldWithGetterAccess@226b143b to Target : cpw.mods.modlauncher.api.TargetType@1199fe66 {Lnet/minecraft/world/level/biome/Biome;} {} {V}
[13:02:15] [main/DEBUG] [cp.mo.mo.TransformStore/MODLAUNCHER]: Adding transformer net.neoforged.neoforge.coremods.ReplaceFieldWithGetterAccess@153f66e7 to Target : cpw.mods.modlauncher.api.TargetType@1199fe66 {Lnet/minecraft/world/level/levelgen/structure/Structure;} {} {V}
[13:02:15] [main/DEBUG] [cp.mo.mo.TransformStore/MODLAUNCHER]: Adding transformer net.neoforged.neoforge.coremods.ReplaceFieldWithGetterAccess@7aad3f7d to Target : cpw.mods.modlauncher.api.TargetType@1199fe66 {Lnet/minecraft/world/level/block/FlowerPotBlock;} {} {V}
[13:02:15] [main/DEBUG] [cp.mo.mo.TransformStore/MODLAUNCHER]: Adding transformer net.neoforged.neoforge.coremods.MethodRedirector@6f667ad1 to Target : cpw.mods.modlauncher.api.TargetType@1199fe66 {Lnet/minecraft/world/level/levelgen/structure/structures/SwampHutPiece;} {} {V}
[13:02:15] [main/DEBUG] [cp.mo.mo.TransformStore/MODLAUNCHER]: Adding transformer net.neoforged.neoforge.coremods.MethodRedirector@6f667ad1 to Target : cpw.mods.modlauncher.api.TargetType@1199fe66 {Lnet/minecraft/world/entity/animal/frog/Tadpole;} {} {V}
[13:02:15] [main/DEBUG] [cp.mo.mo.TransformStore/MODLAUNCHER]: Adding transformer net.neoforged.neoforge.coremods.MethodRedirector@6f667ad1 to Target : cpw.mods.modlauncher.api.TargetType@1199fe66 {Lnet/minecraft/world/level/levelgen/structure/structures/OceanMonumentPieces$OceanMonumentPiece;} {} {V}
[13:02:15] [main/DEBUG] [cp.mo.mo.TransformStore/MODLAUNCHER]: Adding transformer net.neoforged.neoforge.coremods.MethodRedirector@6f667ad1 to Target : cpw.mods.modlauncher.api.TargetType@1199fe66 {Lnet/minecraft/world/level/levelgen/structure/templatesystem/StructureTemplate;} {} {V}
[13:02:15] [main/DEBUG] [cp.mo.mo.TransformStore/MODLAUNCHER]: Adding transformer net.neoforged.neoforge.coremods.MethodRedirector@6f667ad1 to Target : cpw.mods.modlauncher.api.TargetType@1199fe66 {Lnet/minecraft/world/entity/raid/Raid;} {} {V}
[13:02:15] [main/DEBUG] [cp.mo.mo.TransformStore/MODLAUNCHER]: Adding transformer net.neoforged.neoforge.coremods.MethodRedirector@6f667ad1 to Target : cpw.mods.modlauncher.api.TargetType@1199fe66 {Lnet/minecraft/world/level/levelgen/structure/structures/OceanRuinPieces$OceanRuinPiece;} {} {V}
[13:02:15] [main/DEBUG] [cp.mo.mo.TransformStore/MODLAUNCHER]: Adding transformer net.neoforged.neoforge.coremods.MethodRedirector@6f667ad1 to Target : cpw.mods.modlauncher.api.TargetType@1199fe66 {Lnet/minecraft/world/entity/monster/Zombie;} {} {V}
[13:02:15] [main/DEBUG] [cp.mo.mo.TransformStore/MODLAUNCHER]: Adding transformer net.neoforged.neoforge.coremods.MethodRedirector@6f667ad1 to Target : cpw.mods.modlauncher.api.TargetType@1199fe66 {Lnet/minecraft/world/entity/monster/ZombieVillager;} {} {V}
[13:02:15] [main/DEBUG] [cp.mo.mo.TransformStore/MODLAUNCHER]: Adding transformer net.neoforged.neoforge.coremods.MethodRedirector@6f667ad1 to Target : cpw.mods.modlauncher.api.TargetType@1199fe66 {Lnet/minecraft/world/entity/monster/Spider;} {} {V}
[13:02:15] [main/DEBUG] [cp.mo.mo.TransformStore/MODLAUNCHER]: Adding transformer net.neoforged.neoforge.coremods.MethodRedirector@6f667ad1 to Target : cpw.mods.modlauncher.api.TargetType@1199fe66 {Lnet/minecraft/world/entity/npc/Villager;} {} {V}
[13:02:15] [main/DEBUG] [cp.mo.mo.TransformStore/MODLAUNCHER]: Adding transformer net.neoforged.neoforge.coremods.MethodRedirector@6f667ad1 to Target : cpw.mods.modlauncher.api.TargetType@1199fe66 {Lnet/minecraft/world/level/levelgen/PhantomSpawner;} {} {V}
[13:02:15] [main/DEBUG] [cp.mo.mo.TransformStore/MODLAUNCHER]: Adding transformer net.neoforged.neoforge.coremods.MethodRedirector@6f667ad1 to Target : cpw.mods.modlauncher.api.TargetType@1199fe66 {Lnet/minecraft/world/entity/ai/village/VillageSiege;} {} {V}
[13:02:15] [main/DEBUG] [cp.mo.mo.TransformStore/MODLAUNCHER]: Adding transformer net.neoforged.neoforge.coremods.MethodRedirector@6f667ad1 to Target : cpw.mods.modlauncher.api.TargetType@1199fe66 {Lnet/minecraft/world/level/NaturalSpawner;} {} {V}
[13:02:15] [main/DEBUG] [cp.mo.mo.TransformStore/MODLAUNCHER]: Adding transformer net.neoforged.neoforge.coremods.MethodRedirector@6f667ad1 to Target : cpw.mods.modlauncher.api.TargetType@1199fe66 {Lnet/minecraft/server/commands/RaidCommand;} {} {V}
[13:02:15] [main/DEBUG] [cp.mo.mo.TransformStore/MODLAUNCHER]: Adding transformer net.neoforged.neoforge.coremods.MethodRedirector@6f667ad1 to Target : cpw.mods.modlauncher.api.TargetType@1199fe66 {Lnet/minecraft/world/level/levelgen/PatrolSpawner;} {} {V}
[13:02:15] [main/DEBUG] [cp.mo.mo.TransformStore/MODLAUNCHER]: Adding transformer net.neoforged.neoforge.coremods.MethodRedirector@6f667ad1 to Target : cpw.mods.modlauncher.api.TargetType@1199fe66 {Lnet/minecraft/server/commands/SummonCommand;} {} {V}
[13:02:15] [main/DEBUG] [cp.mo.mo.TransformStore/MODLAUNCHER]: Adding transformer net.neoforged.neoforge.coremods.MethodRedirector@6f667ad1 to Target : cpw.mods.modlauncher.api.TargetType@1199fe66 {Lnet/minecraft/world/entity/EntityType;} {} {V}
[13:02:15] [main/DEBUG] [cp.mo.mo.TransformStore/MODLAUNCHER]: Adding transformer net.neoforged.neoforge.coremods.MethodRedirector@6f667ad1 to Target : cpw.mods.modlauncher.api.TargetType@1199fe66 {Lnet/minecraft/world/entity/monster/Strider;} {} {V}
[13:02:15] [main/DEBUG] [cp.mo.mo.TransformStore/MODLAUNCHER]: Adding transformer net.neoforged.neoforge.coremods.MethodRedirector@6f667ad1 to Target : cpw.mods.modlauncher.api.TargetType@1199fe66 {Lnet/minecraft/world/level/levelgen/structure/structures/WoodlandMansionPieces$WoodlandMansionPiece;} {} {V}
[13:02:15] [main/DEBUG] [cp.mo.mo.TransformStore/MODLAUNCHER]: Adding transformer net.neoforged.neoforge.coremods.MethodRedirector@6f667ad1 to Target : cpw.mods.modlauncher.api.TargetType@1199fe66 {Lnet/minecraft/world/entity/monster/Evoker$EvokerSummonSpellGoal;} {} {V}
[13:02:15] [main/DEBUG] [cp.mo.mo.TransformStore/MODLAUNCHER]: Adding transformer net.neoforged.neoforge.coremods.MethodRedirector@6f667ad1 to Target : cpw.mods.modlauncher.api.TargetType@1199fe66 {Lnet/minecraft/world/entity/animal/horse/SkeletonTrapGoal;} {} {V}
[13:02:16] [main/DEBUG] [cp.mo.mo.TransformStore/MODLAUNCHER]: Adding transformer net.neoforged.neoforge.coremods.MethodRedirector@6f667ad1 to Target : cpw.mods.modlauncher.api.TargetType@1199fe66 {Lnet/minecraft/world/entity/npc/CatSpawner;} {} {V}
[13:02:16] [main/DEBUG] [cp.mo.mo.TransformationServiceDecorator/MODLAUNCHER]: Initialized transformers for transformation service fml
[13:02:18] [main/DEBUG] [mixin/]: Processing prepare() for PlatformAgent[MixinPlatformAgentDefault:ModLauncher Root Container(ModLauncher:4f56a0a2)]
[13:02:18] [main/DEBUG] [mixin/]: Processing prepare() for PlatformAgent[MixinPlatformAgentDefault:net.neoforged.fml.loading.mixin.FMLMixinContainerHandle@6ceb7b5e]
[13:02:18] [main/DEBUG] [mixin/]: Processing prepare() for PlatformAgent[FMLMixinPlatformAgent:null]
[13:02:18] [main/DEBUG] [mixin/]: Processing launch tasks for PlatformAgent[MixinPlatformAgentDefault:ModLauncher Root Container(ModLauncher:4f56a0a2)]
[13:02:18] [main/DEBUG] [mixin/]: Adding mixin platform agents for container SecureJarResource(mixin_synthetic)
[13:02:18] [main/DEBUG] [mixin/]: Instancing new MixinPlatformAgentMinecraftForge for SecureJarResource(mixin_synthetic)
[13:02:18] [main/DEBUG] [mixin/]: MixinPlatformAgentMinecraftForge rejected container SecureJarResource(mixin_synthetic)
[13:02:18] [main/DEBUG] [mixin/]: Instancing new MixinPlatformAgentDefault for SecureJarResource(mixin_synthetic)
[13:02:18] [main/DEBUG] [mixin/]: MixinPlatformAgentDefault accepted container SecureJarResource(mixin_synthetic)
[13:02:18] [main/DEBUG] [mixin/]: Instancing new FMLMixinPlatformAgent for SecureJarResource(mixin_synthetic)
[13:02:18] [main/DEBUG] [mixin/]: FMLMixinPlatformAgent rejected container SecureJarResource(mixin_synthetic)
[13:02:19] [main/DEBUG] [mixin/]: Processing prepare() for PlatformAgent[MixinPlatformAgentDefault:SecureJarResource(mixin_synthetic)]
[13:02:19] [main/DEBUG] [mixin/]: Adding mixin platform agents for container SecureJarResource(minecraft)
[13:02:19] [main/DEBUG] [mixin/]: Instancing new MixinPlatformAgentMinecraftForge for SecureJarResource(minecraft)
[13:02:19] [main/DEBUG] [mixin/]: MixinPlatformAgentMinecraftForge rejected container SecureJarResource(minecraft)
[13:02:19] [main/DEBUG] [mixin/]: Instancing new MixinPlatformAgentDefault for SecureJarResource(minecraft)
[13:02:19] [main/DEBUG] [mixin/]: MixinPlatformAgentDefault accepted container SecureJarResource(minecraft)
[13:02:19] [main/DEBUG] [mixin/]: Instancing new FMLMixinPlatformAgent for SecureJarResource(minecraft)
[13:02:19] [main/DEBUG] [mixin/]: FMLMixinPlatformAgent rejected container SecureJarResource(minecraft)
[13:02:19] [main/DEBUG] [mixin/]: Processing prepare() for PlatformAgent[MixinPlatformAgentDefault:SecureJarResource(minecraft)]
[13:02:19] [main/DEBUG] [mixin/]: Adding mixin platform agents for container SecureJarResource(kithkyn)
[13:02:19] [main/DEBUG] [mixin/]: Instancing new MixinPlatformAgentMinecraftForge for SecureJarResource(kithkyn)
[13:02:19] [main/DEBUG] [mixin/]: MixinPlatformAgentMinecraftForge rejected container SecureJarResource(kithkyn)
[13:02:19] [main/DEBUG] [mixin/]: Instancing new MixinPlatformAgentDefault for SecureJarResource(kithkyn)
[13:02:19] [main/DEBUG] [mixin/]: MixinPlatformAgentDefault accepted container SecureJarResource(kithkyn)
[13:02:19] [main/DEBUG] [mixin/]: Instancing new FMLMixinPlatformAgent for SecureJarResource(kithkyn)
[13:02:19] [main/DEBUG] [mixin/]: FMLMixinPlatformAgent rejected container SecureJarResource(kithkyn)
[13:02:19] [main/DEBUG] [mixin/]: Processing prepare() for PlatformAgent[MixinPlatformAgentDefault:SecureJarResource(kithkyn)]
[13:02:19] [main/DEBUG] [mixin/]: Adding mixin platform agents for container SecureJarResource(vestige)
[13:02:19] [main/DEBUG] [mixin/]: Instancing new MixinPlatformAgentMinecraftForge for SecureJarResource(vestige)
[13:02:19] [main/DEBUG] [mixin/]: MixinPlatformAgentMinecraftForge rejected container SecureJarResource(vestige)
[13:02:19] [main/DEBUG] [mixin/]: Instancing new MixinPlatformAgentDefault for SecureJarResource(vestige)
[13:02:19] [main/DEBUG] [mixin/]: MixinPlatformAgentDefault accepted container SecureJarResource(vestige)
[13:02:19] [main/DEBUG] [mixin/]: Instancing new FMLMixinPlatformAgent for SecureJarResource(vestige)
[13:02:19] [main/DEBUG] [mixin/]: FMLMixinPlatformAgent rejected container SecureJarResource(vestige)
[13:02:19] [main/DEBUG] [mixin/]: Processing prepare() for PlatformAgent[MixinPlatformAgentDefault:SecureJarResource(vestige)]
[13:02:19] [main/DEBUG] [mixin/]: Adding mixin platform agents for container SecureJarResource(mixinextras.neoforge)
[13:02:19] [main/DEBUG] [mixin/]: Instancing new MixinPlatformAgentMinecraftForge for SecureJarResource(mixinextras.neoforge)
[13:02:19] [main/DEBUG] [mixin/]: MixinPlatformAgentMinecraftForge rejected container SecureJarResource(mixinextras.neoforge)
[13:02:19] [main/DEBUG] [mixin/]: Instancing new MixinPlatformAgentDefault for SecureJarResource(mixinextras.neoforge)
[13:02:19] [main/DEBUG] [mixin/]: MixinPlatformAgentDefault accepted container SecureJarResource(mixinextras.neoforge)
[13:02:19] [main/DEBUG] [mixin/]: Instancing new FMLMixinPlatformAgent for SecureJarResource(mixinextras.neoforge)
[13:02:19] [main/DEBUG] [mixin/]: FMLMixinPlatformAgent rejected container SecureJarResource(mixinextras.neoforge)
[13:02:19] [main/DEBUG] [mixin/]: Processing prepare() for PlatformAgent[MixinPlatformAgentDefault:SecureJarResource(mixinextras.neoforge)]
[13:02:19] [main/DEBUG] [mixin/]: Registering mixin config: mixinextras.init.mixins.json source=SecureJarResource(mixinextras.neoforge)
[13:02:19] [main/DEBUG] [mixin/]: inject() running with 7 agents
[13:02:19] [main/DEBUG] [mixin/]: Processing inject() for PlatformAgent[MixinPlatformAgentDefault:ModLauncher Root Container(ModLauncher:4f56a0a2)]
[13:02:19] [main/DEBUG] [mixin/]: Processing inject() for PlatformAgent[MixinPlatformAgentDefault:net.neoforged.fml.loading.mixin.FMLMixinContainerHandle@6ceb7b5e]
[13:02:19] [main/DEBUG] [mixin/]: Processing inject() for PlatformAgent[FMLMixinPlatformAgent:null]
[13:02:19] [main/DEBUG] [mixin/]: Processing inject() for PlatformAgent[MixinPlatformAgentDefault:SecureJarResource(mixin_synthetic)]
[13:02:19] [main/DEBUG] [mixin/]: Processing inject() for PlatformAgent[MixinPlatformAgentDefault:SecureJarResource(minecraft)]
[13:02:19] [main/DEBUG] [mixin/]: Processing inject() for PlatformAgent[MixinPlatformAgentDefault:SecureJarResource(kithkyn)]
[13:02:19] [main/DEBUG] [mixin/]: Processing inject() for PlatformAgent[MixinPlatformAgentDefault:SecureJarResource(vestige)]
[13:02:19] [main/DEBUG] [mixin/]: Processing inject() for PlatformAgent[MixinPlatformAgentDefault:SecureJarResource(mixinextras.neoforge)]
[13:02:19] [main/INFO] [cp.mo.mo.LaunchServiceHandler/MODLAUNCHER]: Launching target 'forgeserveruserdev' with arguments [--gameDir, .]
[13:02:19] [main/DEBUG] [mixin/]: Preparing mixins for MixinEnvironment[DEFAULT]
[13:02:19] [main/DEBUG] [mixin/]: Selecting config neoforge.mixins.json
[13:02:19] [main/DEBUG] [mixin/]: Selecting config mixinextras.init.mixins.json
[13:02:19] [main/DEBUG] [MixinExtras|Service/]: com.llamalad7.mixinextras.service.MixinExtrasServiceImpl(version=0.4.1) is taking over from null
[13:02:19] [main/DEBUG] [mixin/]: Registering new injector for @Inject with org.spongepowered.asm.mixin.injection.struct.CallbackInjectionInfo
[13:02:19] [main/DEBUG] [mixin/]: Registering new injector for @ModifyArg with org.spongepowered.asm.mixin.injection.struct.ModifyArgInjectionInfo
[13:02:19] [main/DEBUG] [mixin/]: Registering new injector for @ModifyArgs with org.spongepowered.asm.mixin.injection.struct.ModifyArgsInjectionInfo
[13:02:19] [main/DEBUG] [mixin/]: Registering new injector for @Redirect with org.spongepowered.asm.mixin.injection.struct.RedirectInjectionInfo
[13:02:19] [main/DEBUG] [mixin/]: Registering new injector for @ModifyVariable with org.spongepowered.asm.mixin.injection.struct.ModifyVariableInjectionInfo
[13:02:19] [main/DEBUG] [mixin/]: Registering new injector for @ModifyConstant with org.spongepowered.asm.mixin.injection.struct.ModifyConstantInjectionInfo
[13:02:20] [main/DEBUG] [mixin/]: Preparing neoforge.mixins.json (2)
[13:02:20] [main/DEBUG] [mixin/]: Preparing mixinextras.init.mixins.json (0)
[13:02:20] [main/DEBUG] [mixin/]: Prepared 2 mixins in 1.122 sec (561.0ms avg) (0ms load, 0ms transform, 0ms plugin)
[13:02:21] [main/DEBUG] [io.ne.ut.in.lo.InternalLoggerFactory/]: Using SLF4J as the default logging framework
[13:02:21] [main/DEBUG] [io.ne.ut.ResourceLeakDetector/]: -Dio.netty.leakDetection.level: simple
[13:02:21] [main/DEBUG] [io.ne.ut.ResourceLeakDetector/]: -Dio.netty.leakDetection.targetRecords: 4
[13:02:22] [main/DEBUG] [os.ut.FileUtil/]: No oshi.properties file found from ClassLoader cpw.mods.modlauncher.TransformingClassLoader@4f186450
[13:02:23] [main/DEBUG] [os.ut.FileUtil/]: No oshi.architecture.properties file found from ClassLoader cpw.mods.modlauncher.TransformingClassLoader@4f186450
[13:02:27] [main/INFO] [MixinExtras|Service/]: Initializing MixinExtras via com.llamalad7.mixinextras.service.MixinExtrasServiceImpl(version=0.4.1).
[13:02:27] [main/DEBUG] [mixin/]: Registering new injector for @SugarWrapper with com.llamalad7.mixinextras.sugar.impl.SugarWrapperInjectionInfo
[13:02:27] [main/DEBUG] [mixin/]: Registering new injector for @FactoryRedirectWrapper with com.llamalad7.mixinextras.wrapper.factory.FactoryRedirectWrapperInjectionInfo
[13:02:27] [main/DEBUG] [mixin/]: Mixing MappedRegistryAccessor from neoforge.mixins.json into net.minecraft.core.MappedRegistry
[13:02:27] [main/DEBUG] [mixin/]: neoforge.mixins.json:MappedRegistryAccessor from mod neoforge: Class version 65 required is higher than the class version supported by the current version of Mixin (JAVA_16 supports class version 60)
[13:02:39] [main/DEBUG] [mixin/]: Mixing BlockEntityTypeAccessor from neoforge.mixins.json into net.minecraft.world.level.block.entity.BlockEntityType
[13:02:39] [main/DEBUG] [mixin/]: neoforge.mixins.json:BlockEntityTypeAccessor from mod neoforge: Class version 65 required is higher than the class version supported by the current version of Mixin (JAVA_16 supports class version 60)
[13:02:55] [main/DEBUG] [io.ne.ut.in.PlatformDependent0/]: -Dio.netty.noUnsafe: false
[13:02:55] [main/DEBUG] [io.ne.ut.in.PlatformDependent0/]: Java version: 21
[13:02:55] [main/DEBUG] [io.ne.ut.in.PlatformDependent0/]: sun.misc.Unsafe.theUnsafe: available
[13:02:55] [main/DEBUG] [io.ne.ut.in.PlatformDependent0/]: sun.misc.Unsafe.copyMemory: available
[13:02:55] [main/DEBUG] [io.ne.ut.in.PlatformDependent0/]: sun.misc.Unsafe.storeFence: available
[13:02:55] [main/DEBUG] [io.ne.ut.in.PlatformDependent0/]: java.nio.Buffer.address: available
[13:02:55] [main/DEBUG] [io.ne.ut.in.PlatformDependent0/]: direct buffer constructor: unavailable: Reflective setAccessible(true) disabled
[13:02:55] [main/DEBUG] [io.ne.ut.in.PlatformDependent0/]: java.nio.Bits.unaligned: available, true
[13:02:55] [main/DEBUG] [io.ne.ut.in.PlatformDependent0/]: jdk.internal.misc.Unsafe.allocateUninitializedArray(int): unavailable: class io.netty.util.internal.PlatformDependent0$7 (in module io.netty.common) cannot access class jdk.internal.misc.Unsafe (in module java.base) because module java.base does not export jdk.internal.misc to module io.netty.common
[13:02:55] [main/DEBUG] [io.ne.ut.in.PlatformDependent0/]: java.nio.DirectByteBuffer.<init>(long, {int,long}): unavailable
[13:02:55] [main/DEBUG] [io.ne.ut.in.PlatformDependent/]: sun.misc.Unsafe: available
[13:02:55] [main/DEBUG] [io.ne.ut.in.PlatformDependent/]: maxDirectMemory: 8589934592 bytes (maybe)
[13:02:55] [main/DEBUG] [io.ne.ut.in.PlatformDependent/]: -Dio.netty.tmpdir: /var/folders/x7/my3yq15j6c1gf4m_rm5k2b8c0000gn/T (java.io.tmpdir)
[13:02:55] [main/DEBUG] [io.ne.ut.in.PlatformDependent/]: -Dio.netty.bitMode: 64 (sun.arch.data.model)
[13:02:55] [main/DEBUG] [io.ne.ut.in.PlatformDependent/]: Platform: MacOS
[13:02:55] [main/DEBUG] [io.ne.ut.in.PlatformDependent/]: -Dio.netty.maxDirectMemory: -1 bytes
[13:02:55] [main/DEBUG] [io.ne.ut.in.PlatformDependent/]: -Dio.netty.uninitializedArrayAllocationThreshold: -1
[13:02:55] [main/DEBUG] [io.ne.ut.in.CleanerJava9/]: java.nio.ByteBuffer.cleaner(): available
[13:02:55] [main/DEBUG] [io.ne.ut.in.PlatformDependent/]: -Dio.netty.noPreferDirect: false
[13:03:35] [main/WARN] [minecraft/Commands]: Ambiguity between arguments [teleport, location] and [teleport, destination] with inputs: [0.1 -0.5 .9, 0 0 0]
[13:03:35] [main/WARN] [minecraft/Commands]: Ambiguity between arguments [teleport, location] and [teleport, targets] with inputs: [0.1 -0.5 .9, 0 0 0]
[13:03:35] [main/WARN] [minecraft/Commands]: Ambiguity between arguments [teleport, destination] and [teleport, targets] with inputs: [Player, 0123, @e, dd12be42-52a9-4a91-a8a1-11c01849e498]
[13:03:35] [main/WARN] [minecraft/Commands]: Ambiguity between arguments [teleport, targets] and [teleport, destination] with inputs: [Player, 0123, dd12be42-52a9-4a91-a8a1-11c01849e498]
[13:03:35] [main/WARN] [minecraft/Commands]: Ambiguity between arguments [teleport, targets, location] and [teleport, targets, destination] with inputs: [0.1 -0.5 .9, 0 0 0]
[13:03:36] [main/DEBUG] [ne.ne.fm.ModWorkManager/LOADING]: Using 10 threads for parallel mod-loading
[13:03:36] [main/DEBUG] [ne.ne.fm.ja.FMLModContainer/LOADING]: Creating FMLModContainer instance for [com.quzzar.kithkyn.Kithkyn]
[13:03:36] [main/DEBUG] [ne.ne.fm.ja.FMLModContainer/LOADING]: Creating FMLModContainer instance for [com.quzzar.vestige.VestigeMod]
[13:03:36] [main/DEBUG] [ne.ne.fm.ja.FMLModContainer/LOADING]: Creating FMLModContainer instance for [net.neoforged.neoforge.common.NeoForgeMod]
[13:03:36] [modloading-worker-0/DEBUG] [ne.ne.ne.in.ve.ne.NeoForgeVersion/CORE]: Found NeoForge version 21.1.72
[13:03:36] [modloading-worker-0/DEBUG] [ne.ne.ne.in.ve.ne.NeoForgeVersion/CORE]: Found FML version 4.0.29
[13:03:36] [modloading-worker-0/INFO] [ne.ne.ne.co.NeoForgeMod/NEOFORGE-MOD]: NeoForge mod loading, version 21.1.72, for MC 1.21.1
[13:03:36] [modloading-worker-0/DEBUG] [ne.ne.fm.co.ConfigTracker/CONFIG]: Config file kithkyn-common.toml for kithkyn tracking
[13:03:36] [modloading-worker-0/DEBUG] [ne.ne.fm.co.ConfigTracker/CONFIG]: Config file neoforge-client.toml for neoforge tracking
[13:03:36] [modloading-worker-0/DEBUG] [ne.ne.fm.co.ConfigTracker/CONFIG]: Config file kithkyn-advanced.toml for kithkyn tracking
[13:03:36] [modloading-worker-0/DEBUG] [ne.ne.fm.co.ConfigTracker/CONFIG]: Config file neoforge-server.toml for neoforge tracking
[13:03:36] [modloading-worker-0/DEBUG] [ne.ne.fm.co.ConfigTracker/CONFIG]: Config file neoforge-common.toml for neoforge tracking
[13:03:36] [modloading-worker-0/DEBUG] [ne.ne.fm.ja.AutomaticEventSubscriber/LOADING]: Attempting to inject @EventBusSubscriber classes into the eventbus for kithkyn
[13:03:36] [modloading-worker-0/DEBUG] [ne.ne.fm.ja.AutomaticEventSubscriber/LOADING]: Auto-subscribing com.quzzar.kithkyn.entities.ai.goals.work.ContainerVisit to GAME
[13:03:36] [modloading-worker-0/DEBUG] [ne.ne.fm.ja.AutomaticEventSubscriber/LOADING]: Auto-subscribing com.quzzar.kithkyn.events.CoreEvents to GAME
[13:03:36] [modloading-worker-0/DEBUG] [ne.ne.fm.ja.AutomaticEventSubscriber/LOADING]: Auto-subscribing com.quzzar.kithkyn.events.GolemEvents to GAME
[13:03:36] [modloading-worker-0/DEBUG] [ne.ne.fm.ja.AutomaticEventSubscriber/LOADING]: Auto-subscribing com.quzzar.kithkyn.events.AllayEvents to GAME
[13:03:37] [modloading-worker-0/DEBUG] [ne.ne.fm.ja.AutomaticEventSubscriber/LOADING]: Auto-subscribing com.quzzar.kithkyn.events.RepairEvents to GAME
[13:03:37] [modloading-worker-0/DEBUG] [ne.ne.fm.ja.AutomaticEventSubscriber/LOADING]: Auto-subscribing com.quzzar.kithkyn.events.BlockPlacementEvents to GAME
[13:03:37] [modloading-worker-0/DEBUG] [ne.ne.fm.ja.AutomaticEventSubscriber/LOADING]: Auto-subscribing com.quzzar.kithkyn.events.VillageEntryTitle to GAME
[13:03:37] [modloading-worker-0/DEBUG] [ne.ne.fm.ja.AutomaticEventSubscriber/LOADING]: Auto-subscribing com.quzzar.kithkyn.events.CustodyEvents to GAME
[13:03:37] [modloading-worker-0/DEBUG] [ne.ne.fm.ja.AutomaticEventSubscriber/LOADING]: Auto-subscribing com.quzzar.kithkyn.events.KithkynCommands to GAME
[13:03:37] [modloading-worker-0/DEBUG] [ne.ne.fm.ja.AutomaticEventSubscriber/LOADING]: Auto-subscribing com.quzzar.kithkyn.dev.BirchVillageVerification to GAME
[13:03:37] [modloading-worker-0/DEBUG] [ne.ne.fm.ja.AutomaticEventSubscriber/LOADING]: Auto-subscribing com.quzzar.kithkyn.dev.CastleRolesVerification to GAME
[13:03:37] [modloading-worker-0/DEBUG] [ne.ne.fm.ja.AutomaticEventSubscriber/LOADING]: Attempting to inject @EventBusSubscriber classes into the eventbus for neoforge
[13:03:37] [modloading-worker-0/DEBUG] [ne.ne.fm.ja.AutomaticEventSubscriber/LOADING]: Auto-subscribing net.neoforged.neoforge.network.filters.GenericPacketSplitter to MOD
[13:03:37] [modloading-worker-0/DEBUG] [ne.ne.fm.ja.AutomaticEventSubscriber/LOADING]: Auto-subscribing com.quzzar.kithkyn.dev.BuildingPlacementVerification to GAME
[13:03:38] [modloading-worker-0/DEBUG] [ne.ne.fm.ja.AutomaticEventSubscriber/LOADING]: Auto-subscribing com.quzzar.kithkyn.dev.AccessoryEvidenceVerification to GAME
[13:03:38] [modloading-worker-0/DEBUG] [ne.ne.fm.ja.AutomaticEventSubscriber/LOADING]: Auto-subscribing com.quzzar.kithkyn.dev.ChestTakeOutVerification to GAME
[13:03:38] [modloading-worker-0/DEBUG] [ne.ne.fm.ja.AutomaticEventSubscriber/LOADING]: Auto-subscribing com.quzzar.kithkyn.dev.CastleConstructionVerification to GAME
[13:03:38] [modloading-worker-0/DEBUG] [ne.ne.fm.ja.AutomaticEventSubscriber/LOADING]: Auto-subscribing com.quzzar.kithkyn.dev.WallFoundationVerification to GAME
[13:03:38] [modloading-worker-0/DEBUG] [ne.ne.fm.ja.AutomaticEventSubscriber/LOADING]: Auto-subscribing com.quzzar.kithkyn.dev.WorkerRecoveryVerification to GAME
[13:03:38] [modloading-worker-0/DEBUG] [io.ne.bu.AbstractByteBuf/]: -Dio.netty.buffer.checkAccessible: true
[13:03:38] [modloading-worker-0/DEBUG] [ne.ne.fm.ja.AutomaticEventSubscriber/LOADING]: Auto-subscribing com.quzzar.kithkyn.dev.VillageCleanup to GAME
[13:03:38] [modloading-worker-0/DEBUG] [io.ne.bu.AbstractByteBuf/]: -Dio.netty.buffer.checkBounds: true
[13:03:38] [modloading-worker-0/DEBUG] [io.ne.ut.ResourceLeakDetectorFactory/]: Loaded default ResourceLeakDetector: io.netty.util.ResourceLeakDetector@603411c0
[13:03:38] [modloading-worker-0/DEBUG] [ne.ne.fm.ja.AutomaticEventSubscriber/LOADING]: Auto-subscribing com.quzzar.kithkyn.dev.LowPassageVerification to GAME
[13:03:38] [modloading-worker-0/DEBUG] [ne.ne.fm.ja.AutomaticEventSubscriber/LOADING]: Auto-subscribing com.quzzar.kithkyn.dev.RedevelopmentBenchmark to GAME
[13:03:38] [modloading-worker-0/DEBUG] [ne.ne.fm.ja.AutomaticEventSubscriber/LOADING]: Auto-subscribing com.quzzar.kithkyn.dev.BadlandsVillageVerification to GAME
[13:03:38] [modloading-worker-0/DEBUG] [io.ne.ut.in.InternalThreadLocalMap/]: -Dio.netty.threadLocalMap.stringBuilder.initialSize: 1024
[13:03:38] [modloading-worker-0/DEBUG] [io.ne.ut.in.InternalThreadLocalMap/]: -Dio.netty.threadLocalMap.stringBuilder.maxSize: 4096
[13:03:38] [modloading-worker-0/DEBUG] [io.ne.bu.PooledByteBufAllocator/]: -Dio.netty.allocator.numHeapArenas: 20
[13:03:38] [modloading-worker-0/DEBUG] [io.ne.bu.PooledByteBufAllocator/]: -Dio.netty.allocator.numDirectArenas: 20
[13:03:38] [modloading-worker-0/DEBUG] [io.ne.bu.PooledByteBufAllocator/]: -Dio.netty.allocator.pageSize: 8192
[13:03:38] [modloading-worker-0/DEBUG] [io.ne.bu.PooledByteBufAllocator/]: -Dio.netty.allocator.maxOrder: 9
[13:03:38] [modloading-worker-0/DEBUG] [io.ne.bu.PooledByteBufAllocator/]: -Dio.netty.allocator.chunkSize: 4194304
[13:03:38] [modloading-worker-0/DEBUG] [io.ne.bu.PooledByteBufAllocator/]: -Dio.netty.allocator.smallCacheSize: 256
[13:03:38] [modloading-worker-0/DEBUG] [io.ne.bu.PooledByteBufAllocator/]: -Dio.netty.allocator.normalCacheSize: 64
[13:03:38] [modloading-worker-0/DEBUG] [io.ne.bu.PooledByteBufAllocator/]: -Dio.netty.allocator.maxCachedBufferCapacity: 32768
[13:03:38] [modloading-worker-0/DEBUG] [io.ne.bu.PooledByteBufAllocator/]: -Dio.netty.allocator.cacheTrimInterval: 8192
[13:03:38] [modloading-worker-0/DEBUG] [io.ne.bu.PooledByteBufAllocator/]: -Dio.netty.allocator.cacheTrimIntervalMillis: 0
[13:03:38] [modloading-worker-0/DEBUG] [io.ne.bu.PooledByteBufAllocator/]: -Dio.netty.allocator.useCacheForAllThreads: false
[13:03:38] [modloading-worker-0/DEBUG] [io.ne.bu.PooledByteBufAllocator/]: -Dio.netty.allocator.maxCachedByteBuffersPerChunk: 1023
[13:03:38] [modloading-worker-0/DEBUG] [ne.ne.fm.ja.AutomaticEventSubscriber/LOADING]: Auto-subscribing com.quzzar.kithkyn.dev.VinePassageVerification to GAME
[13:03:38] [modloading-worker-0/DEBUG] [ne.ne.fm.ja.AutomaticEventSubscriber/LOADING]: Auto-subscribing com.quzzar.kithkyn.dev.AllayVerification to GAME
[13:03:38] [modloading-worker-0/DEBUG] [ne.ne.fm.ja.AutomaticEventSubscriber/LOADING]: Auto-subscribing com.quzzar.kithkyn.dev.RedevelopmentVerification to GAME
[13:03:38] [modloading-worker-0/DEBUG] [ne.ne.fm.ja.AutomaticEventSubscriber/LOADING]: Auto-subscribing com.quzzar.kithkyn.dev.BellRecallVerification to GAME
[13:03:38] [modloading-worker-0/DEBUG] [ne.ne.fm.ja.AutomaticEventSubscriber/LOADING]: Auto-subscribing com.quzzar.kithkyn.dev.RepairVerification to GAME
[13:03:38] [modloading-worker-0/DEBUG] [ne.ne.fm.ja.AutomaticEventSubscriber/LOADING]: Auto-subscribing com.quzzar.kithkyn.dev.VillageAudit to GAME
[13:03:38] [modloading-worker-0/DEBUG] [io.ne.bu.ByteBufUtil/]: -Dio.netty.allocator.type: pooled
[13:03:38] [modloading-worker-0/DEBUG] [io.ne.bu.ByteBufUtil/]: -Dio.netty.threadLocalDirectBufferSize: 0
[13:03:38] [modloading-worker-0/DEBUG] [io.ne.bu.ByteBufUtil/]: -Dio.netty.maxThreadLocalCharBufferSize: 16384
[13:03:38] [modloading-worker-0/DEBUG] [ne.ne.fm.ja.AutomaticEventSubscriber/LOADING]: Auto-subscribing com.quzzar.kithkyn.dev.GateBannerVerification to GAME
[13:03:38] [modloading-worker-0/DEBUG] [ne.ne.fm.ja.AutomaticEventSubscriber/LOADING]: Auto-subscribing com.quzzar.kithkyn.dev.CompanionPetVerification to GAME
[13:03:38] [modloading-worker-0/DEBUG] [ne.ne.fm.ja.AutomaticEventSubscriber/LOADING]: Auto-subscribing com.quzzar.kithkyn.dev.ApprovedHouseVerification to GAME
[13:03:39] [modloading-worker-0/DEBUG] [ne.ne.fm.ja.AutomaticEventSubscriber/LOADING]: Auto-subscribing net.neoforged.neoforge.network.NetworkInitialization to MOD
[13:03:39] [modloading-worker-0/DEBUG] [ne.ne.fm.ja.AutomaticEventSubscriber/LOADING]: Auto-subscribing net.neoforged.neoforge.network.ConfigurationInitialization to MOD
[13:03:39] [modloading-worker-0/DEBUG] [ne.ne.fm.ja.AutomaticEventSubscriber/LOADING]: Auto-subscribing net.neoforged.neoforge.common.MonsterRoomHooks to GAME
[13:03:39] [modloading-worker-0/DEBUG] [ne.ne.fm.ja.AutomaticEventSubscriber/LOADING]: Auto-subscribing net.neoforged.neoforge.common.DeferredSpawnEggItem$CommonHandler to MOD
[13:03:39] [modloading-worker-0/DEBUG] [ne.ne.fm.ja.AutomaticEventSubscriber/LOADING]: Auto-subscribing net.neoforged.neoforge.attachment.AttachmentInternals to GAME
[13:03:39] [modloading-worker-0/DEBUG] [ne.ne.fm.ja.AutomaticEventSubscriber/LOADING]: Auto-subscribing com.quzzar.kithkyn.dev.GateAccessVerification to GAME
[13:03:39] [modloading-worker-0/DEBUG] [ne.ne.fm.ja.AutomaticEventSubscriber/LOADING]: Auto-subscribing com.quzzar.kithkyn.dev.FoundingGrowthVerification to GAME
[13:03:39] [modloading-worker-0/DEBUG] [ne.ne.fm.ja.AutomaticEventSubscriber/LOADING]: Auto-subscribing com.quzzar.kithkyn.dev.QuartermasterVisitVerification to GAME
[13:03:39] [modloading-worker-0/DEBUG] [ne.ne.fm.ja.AutomaticEventSubscriber/LOADING]: Auto-subscribing com.quzzar.kithkyn.dev.CastleMerchantVerification to GAME
[13:03:39] [modloading-worker-0/DEBUG] [ne.ne.fm.ja.AutomaticEventSubscriber/LOADING]: Auto-subscribing com.quzzar.kithkyn.dev.GuardCombatVerification to GAME
[13:03:39] [modloading-worker-0/DEBUG] [ne.ne.fm.ja.AutomaticEventSubscriber/LOADING]: Auto-subscribing com.quzzar.kithkyn.dev.LongRetryVerification to GAME
[13:03:39] [modloading-worker-0/DEBUG] [ne.ne.fm.ja.AutomaticEventSubscriber/LOADING]: Auto-subscribing com.quzzar.kithkyn.dev.CustodyVerification to GAME
[13:03:39] [modloading-worker-0/DEBUG] [ne.ne.fm.ja.AutomaticEventSubscriber/LOADING]: Auto-subscribing com.quzzar.kithkyn.dev.VillageTimelapse to GAME
[13:03:39] [modloading-worker-0/DEBUG] [ne.ne.fm.ja.AutomaticEventSubscriber/LOADING]: Auto-subscribing com.quzzar.kithkyn.dev.CampfireAccessVerification to GAME
[13:03:40] [modloading-worker-0/DEBUG] [ne.ne.fm.ja.AutomaticEventSubscriber/LOADING]: Auto-subscribing com.quzzar.kithkyn.dev.ConstructionClearanceVerification to GAME
[13:03:40] [modloading-worker-0/DEBUG] [ne.ne.fm.ja.AutomaticEventSubscriber/LOADING]: Auto-subscribing com.quzzar.kithkyn.dev.FoundingProbe to GAME
[13:03:40] [modloading-worker-0/DEBUG] [ne.ne.fm.ja.AutomaticEventSubscriber/LOADING]: Auto-subscribing com.quzzar.kithkyn.dev.OccupationWorkVerification to GAME
[13:03:40] [modloading-worker-0/DEBUG] [ne.ne.fm.ja.AutomaticEventSubscriber/LOADING]: Auto-subscribing com.quzzar.kithkyn.dev.GuardNightVerification to GAME
[13:03:40] [modloading-worker-0/DEBUG] [ne.ne.fm.ja.AutomaticEventSubscriber/LOADING]: Auto-subscribing com.quzzar.kithkyn.dev.CastleOperationsVerification to GAME
[13:03:41] [modloading-worker-0/DEBUG] [ne.ne.fm.ja.AutomaticEventSubscriber/LOADING]: Auto-subscribing com.quzzar.kithkyn.dev.ApprovedCenterVerification to GAME
[13:03:41] [modloading-worker-0/DEBUG] [ne.ne.fm.ja.AutomaticEventSubscriber/LOADING]: Auto-subscribing com.quzzar.kithkyn.dev.DevCommands to GAME
[13:03:41] [modloading-worker-0/DEBUG] [ne.ne.fm.ja.AutomaticEventSubscriber/LOADING]: Auto-subscribing com.quzzar.kithkyn.dev.UnhousedBedtimeVerification to GAME
[13:03:41] [modloading-worker-0/DEBUG] [ne.ne.fm.ja.AutomaticEventSubscriber/LOADING]: Auto-subscribing com.quzzar.kithkyn.dev.TreeFellingVerification to GAME
[13:03:41] [modloading-worker-0/DEBUG] [ne.ne.fm.ja.AutomaticEventSubscriber/LOADING]: Auto-subscribing com.quzzar.kithkyn.dev.GuardEquipmentVerification to GAME
[13:03:41] [modloading-worker-0/DEBUG] [ne.ne.fm.ja.AutomaticEventSubscriber/LOADING]: Auto-subscribing com.quzzar.kithkyn.dev.GolemVerification to GAME
[13:03:41] [modloading-worker-0/DEBUG] [ne.ne.fm.ja.AutomaticEventSubscriber/LOADING]: Auto-subscribing com.quzzar.kithkyn.other.KithkynItems to MOD
[13:03:41] [modloading-worker-0/DEBUG] [ne.ne.fm.ja.AutomaticEventSubscriber/LOADING]: Auto-subscribing com.quzzar.kithkyn.wrongdoing.TheftEvents to GAME
[13:03:41] [modloading-worker-0/DEBUG] [ne.ne.fm.ja.AutomaticEventSubscriber/LOADING]: Auto-subscribing com.quzzar.kithkyn.village.VillageChunkLoader to GAME
[13:03:41] [modloading-worker-0/DEBUG] [ne.ne.fm.ja.AutomaticEventSubscriber/LOADING]: Auto-subscribing com.quzzar.kithkyn.village.JobAptitudeLoader to GAME
[13:03:41] [modloading-worker-0/DEBUG] [ne.ne.fm.ja.AutomaticEventSubscriber/LOADING]: Auto-subscribing com.quzzar.kithkyn.village.tiers.VillageTierLoader to GAME
[13:03:41] [modloading-worker-0/DEBUG] [ne.ne.fm.ja.AutomaticEventSubscriber/LOADING]: Auto-subscribing com.quzzar.kithkyn.village.buildings.BuildingDefinitionLoader to GAME
[13:03:41] [modloading-worker-0/DEBUG] [ne.ne.fm.ja.AutomaticEventSubscriber/LOADING]: Auto-subscribing com.quzzar.kithkyn.llm.LlmEvents to GAME
[13:03:42] [modloading-worker-0/DEBUG] [ne.ne.fm.ja.AutomaticEventSubscriber/LOADING]: Auto-subscribing com.quzzar.kithkyn.economy.ItemValueLoader to GAME
[13:03:42] [modloading-worker-0/DEBUG] [ne.ne.fm.ja.AutomaticEventSubscriber/LOADING]: Auto-subscribing com.quzzar.kithkyn.configuration.KithkynConfig to MOD
[13:03:42] [modloading-worker-0/DEBUG] [ne.ne.fm.ja.AutomaticEventSubscriber/LOADING]: Attempting to inject @EventBusSubscriber classes into the eventbus for vestige
[13:03:42] [modloading-worker-0/DEBUG] [ne.ne.fm.ja.AutomaticEventSubscriber/LOADING]: Auto-subscribing com.quzzar.vestige.magic.world.ManaPayload to MOD
[13:03:42] [modloading-worker-0/DEBUG] [ne.ne.fm.ja.AutomaticEventSubscriber/LOADING]: Auto-subscribing com.quzzar.vestige.magic.world.NativeMana to GAME
[13:03:42] [modloading-worker-0/DEBUG] [ne.ne.fm.ja.AutomaticEventSubscriber/LOADING]: Auto-subscribing com.quzzar.vestige.magic.world.NativeMagic to GAME
[13:03:42] [modloading-worker-0/DEBUG] [ne.ne.fm.ja.AutomaticEventSubscriber/LOADING]: Auto-subscribing com.quzzar.vestige.magic.world.SpellEntities to MOD
[13:03:42] [modloading-worker-0/DEBUG] [ne.ne.fm.ja.AutomaticEventSubscriber/LOADING]: Auto-subscribing com.quzzar.vestige.magic.presentation.SpellVisualNetwork to MOD
[13:03:42] [modloading-worker-0/DEBUG] [ne.ne.fm.ja.AutomaticEventSubscriber/LOADING]: Auto-subscribing com.quzzar.vestige.apparatus.ScrollCasting to GAME
[13:03:42] [modloading-worker-0/DEBUG] [ne.ne.fm.ja.AutomaticEventSubscriber/LOADING]: Auto-subscribing com.quzzar.vestige.apparatus.SpellKnowledge to GAME
[13:03:42] [modloading-worker-0/DEBUG] [ne.ne.fm.ja.AutomaticEventSubscriber/LOADING]: Auto-subscribing com.quzzar.vestige.apparatus.RitualCrafting to GAME
[13:03:42] [modloading-worker-0/DEBUG] [ne.ne.fm.ja.AutomaticEventSubscriber/LOADING]: Auto-subscribing com.quzzar.vestige.apparatus.ApparatusBlocks to MOD
[13:03:42] [modloading-worker-0/DEBUG] [ne.ne.fm.ja.AutomaticEventSubscriber/LOADING]: Auto-subscribing com.quzzar.vestige.apparatus.ScrollItems to MOD
[13:03:42] [modloading-worker-0/DEBUG] [ne.ne.fm.ja.AutomaticEventSubscriber/LOADING]: Auto-subscribing com.quzzar.vestige.apparatus.ScrollRecastPayload to MOD
[13:03:42] [modloading-worker-0/DEBUG] [ne.ne.fm.ja.AutomaticEventSubscriber/LOADING]: Auto-subscribing com.quzzar.vestige.apparatus.recipeviewer.RitualDisplayPayload$Sync to GAME
[13:03:42] [modloading-worker-0/DEBUG] [ne.ne.fm.ja.AutomaticEventSubscriber/LOADING]: Auto-subscribing com.quzzar.vestige.apparatus.recipeviewer.RitualDisplayPayload$Registration to MOD
[13:03:42] [modloading-worker-0/DEBUG] [ne.ne.fm.ja.AutomaticEventSubscriber/LOADING]: Auto-subscribing com.quzzar.vestige.travel.StoneTravelPayloads to MOD
[13:03:42] [modloading-worker-0/DEBUG] [ne.ne.fm.ja.AutomaticEventSubscriber/LOADING]: Auto-subscribing com.quzzar.vestige.travel.StoneTravel to GAME
[13:03:42] [modloading-worker-0/DEBUG] [ne.ne.fm.ja.AutomaticEventSubscriber/LOADING]: Auto-subscribing com.quzzar.vestige.travel.StandingStones to MOD
[13:04:19] [modloading-sync-worker/DEBUG] [ne.ne.fm.co.ConfigTracker/CONFIG]: Loading configs type COMMON
[13:04:21] [modloading-sync-worker/DEBUG] [ne.ne.fm.co.ConfigTracker/CONFIG]: Loaded TOML config file /Users/quzzar/Projects/vestige/run/apparatus-fixes-tests/config/kithkyn-common.toml
[13:04:22] [modloading-sync-worker/DEBUG] [ne.ne.fm.co.ConfigTracker/CONFIG]: Watching TOML config file /Users/quzzar/Projects/vestige/run/apparatus-fixes-tests/config/kithkyn-common.toml for changes
[13:04:23] [modloading-sync-worker/DEBUG] [ne.ne.fm.co.ConfigTracker/CONFIG]: Loaded TOML config file /Users/quzzar/Projects/vestige/run/apparatus-fixes-tests/config/kithkyn-advanced.toml
[13:04:23] [modloading-sync-worker/DEBUG] [ne.ne.fm.co.ConfigTracker/CONFIG]: Watching TOML config file /Users/quzzar/Projects/vestige/run/apparatus-fixes-tests/config/kithkyn-advanced.toml for changes
[13:04:23] [modloading-sync-worker/DEBUG] [ne.ne.ne.co.NeoForgeConfig/FORGEMOD]: Loaded NeoForge config file neoforge-common.toml
[13:04:23] [modloading-sync-worker/DEBUG] [ne.ne.fm.co.ConfigTracker/CONFIG]: Loaded TOML config file /Users/quzzar/Projects/vestige/run/apparatus-fixes-tests/config/neoforge-common.toml
[13:04:23] [modloading-sync-worker/DEBUG] [ne.ne.fm.co.ConfigTracker/CONFIG]: Watching TOML config file /Users/quzzar/Projects/vestige/run/apparatus-fixes-tests/config/neoforge-common.toml for changes
[13:04:23] [modloading-worker-0/INFO] [co.qu.ki.Kithkyn/]: Kithkyn setup!
[13:04:24] [modloading-sync-worker/DEBUG] [ne.ne.fm.DeferredWorkQueue/LOADING]: Dispatching synchronous work for work queue Common setup: 1 jobs
[13:04:24] [modloading-sync-worker/DEBUG] [ne.ne.fm.DeferredWorkQueue/LOADING]: Synchronous work queue completed in 2.083 ms
[13:04:33] [main/INFO] [mojang/YggdrasilAuthenticationService]: Environment: Environment[sessionHost=https://sessionserver.mojang.com, servicesHost=https://api.minecraftservices.com, name=PROD]
[13:04:39] [main/WARN] [minecraft/VanillaPackResourcesBuilder]: Assets URL 'union:/Users/quzzar/Projects/vestige/build/moddev/artifacts/neoforge-21.1.72-minecraft.jar%23119!/assets/.mcassetsroot' uses unexpected schema
[13:04:39] [main/WARN] [minecraft/VanillaPackResourcesBuilder]: Assets URL 'union:/Users/quzzar/Projects/vestige/build/moddev/artifacts/neoforge-21.1.72-minecraft.jar%23119!/data/.mcassetsroot' uses unexpected schema
[13:05:45] [main/INFO] [minecraft/RecipeManager]: Loaded 1363 recipes
[13:05:51] [main/INFO] [minecraft/AdvancementTree]: Loaded 1473 advancements
[13:05:51] [main/INFO] [co.qu.ki.Kithkyn/]: Loaded 12 job aptitude profiles
[13:05:51] [main/INFO] [co.qu.ki.Kithkyn/]: Loaded 6 village tiers
[13:05:55] [main/INFO] [co.qu.ki.Kithkyn/]: Loaded 23 village building definitions
[13:05:55] [main/INFO] [co.qu.ki.Kithkyn/]: Loaded 76 item values and 7 tag fallbacks
[13:06:19] [main/DEBUG] [ne.ne.ne.co.CommonHooks/WP]: Gathered mod list to write to world save world
[13:06:19] [main/INFO] [ne.ne.ne.ga.GameTestHooks/]: Enabled Gametest Namespaces: [vestige]
[13:06:35] [main/INFO] [minecraft/RecipeManager]: Loaded 1364 recipes
[13:06:41] [main/INFO] [minecraft/AdvancementTree]: Loaded 1474 advancements
[13:06:41] [main/INFO] [co.qu.ki.Kithkyn/]: Loaded 12 job aptitude profiles
[13:06:41] [main/INFO] [co.qu.ki.Kithkyn/]: Loaded 6 village tiers
[13:06:42] [main/INFO] [co.qu.ki.Kithkyn/]: Loaded 23 village building definitions
[13:06:42] [main/INFO] [co.qu.ki.Kithkyn/]: Loaded 76 item values and 7 tag fallbacks
[13:07:02] [Server thread/DEBUG] [ne.ne.fm.co.ConfigTracker/CONFIG]: Loading configs type SERVER
[13:07:02] [Server thread/DEBUG] [ne.ne.ne.co.NeoForgeConfig/FORGEMOD]: Loaded NeoForge config file neoforge-server.toml
[13:07:02] [Server thread/DEBUG] [ne.ne.fm.co.ConfigTracker/CONFIG]: Loaded TOML config file /Users/quzzar/Projects/vestige/run/apparatus-fixes-tests/config/neoforge-server.toml
[13:07:02] [Server thread/DEBUG] [ne.ne.fm.co.ConfigTracker/CONFIG]: Watching TOML config file /Users/quzzar/Projects/vestige/run/apparatus-fixes-tests/config/neoforge-server.toml for changes
[13:07:05] [Server thread/INFO] [co.qu.ki.Kithkyn/]: LLM calls are recorded in full in logs/llm.log
[13:07:05] [Server thread/INFO] [co.qu.ki.Kithkyn/]: LLM provider: local
[13:07:05] [kithkyn-llama-launcher/INFO] [co.qu.ki.Kithkyn/]: Fetching llama.cpp b10653 for the local runtime (llama-b10653-bin-macos-arm64.tar.gz)
[13:07:20] [Server thread/INFO] [minecraft/MinecraftServer]: Preparing start region for dimension minecraft:overworld
[13:07:25] [worldgen/INFO] [minecraft/LoggerChunkProgressListener]: Preparing spawn area: 2%
[13:07:25] [worldgen/INFO] [minecraft/LoggerChunkProgressListener]: Preparing spawn area: 2%
[13:07:25] [worldgen/INFO] [minecraft/LoggerChunkProgressListener]: Preparing spawn area: 2%
[13:07:25] [worldgen/INFO] [minecraft/LoggerChunkProgressListener]: Preparing spawn area: 2%
[13:07:25] [worldgen/INFO] [minecraft/LoggerChunkProgressListener]: Preparing spawn area: 2%
[13:07:25] [worldgen/INFO] [minecraft/LoggerChunkProgressListener]: Preparing spawn area: 2%
[13:07:25] [worldgen/INFO] [minecraft/LoggerChunkProgressListener]: Preparing spawn area: 2%
[13:07:25] [worldgen/INFO] [minecraft/LoggerChunkProgressListener]: Preparing spawn area: 2%
[13:07:25] [worldgen/INFO] [minecraft/LoggerChunkProgressListener]: Preparing spawn area: 2%
[13:07:25] [worldgen/INFO] [minecraft/LoggerChunkProgressListener]: Preparing spawn area: 2%
[13:07:26] [worldgen/INFO] [minecraft/LoggerChunkProgressListener]: Preparing spawn area: 4%
[13:07:26] [worldgen/INFO] [minecraft/LoggerChunkProgressListener]: Preparing spawn area: 4%
[13:07:26] [worldgen/INFO] [minecraft/LoggerChunkProgressListener]: Preparing spawn area: 6%
[13:07:26] [worldgen/INFO] [minecraft/LoggerChunkProgressListener]: Preparing spawn area: 6%
[13:07:27] [worldgen/INFO] [minecraft/LoggerChunkProgressListener]: Preparing spawn area: 8%
[13:07:28] [worldgen/INFO] [minecraft/LoggerChunkProgressListener]: Preparing spawn area: 83%
[13:07:30] [worldgen/INFO] [minecraft/LoggerChunkProgressListener]: Preparing spawn area: 85%
[13:07:30] [worldgen/INFO] [minecraft/LoggerChunkProgressListener]: Preparing spawn area: 85%
[13:07:30] [worldgen/INFO] [minecraft/LoggerChunkProgressListener]: Preparing spawn area: 85%
[13:07:30] [worldgen/INFO] [minecraft/LoggerChunkProgressListener]: Preparing spawn area: 85%
[13:07:30] [worldgen/INFO] [minecraft/LoggerChunkProgressListener]: Preparing spawn area: 85%
[13:07:30] [worldgen/INFO] [minecraft/LoggerChunkProgressListener]: Preparing spawn area: 85%
[13:07:31] [worldgen/INFO] [minecraft/LoggerChunkProgressListener]: Preparing spawn area: 85%
[13:07:49] [kithkyn-llama-launcher/INFO] [co.qu.ki.Kithkyn/]: Local runtime ready at /Users/quzzar/Projects/vestige/run/apparatus-fixes-tests/kithkyn/runtime/b10653/llama-b10653/llama-server
[13:07:49] [kithkyn-llama-launcher/INFO] [co.qu.ki.Kithkyn/]: Downloading Llama-3.2-3B-Instruct — this happens once and is a large file
[13:08:13] [worldgen/INFO] [minecraft/LoggerChunkProgressListener]: Preparing spawn area: 85%
[13:08:13] [worldgen/INFO] [minecraft/LoggerChunkProgressListener]: Preparing spawn area: 85%
[13:08:13] [worldgen/INFO] [minecraft/LoggerChunkProgressListener]: Preparing spawn area: 85%
[13:08:13] [worldgen/INFO] [minecraft/LoggerChunkProgressListener]: Preparing spawn area: 85%
[13:08:13] [worldgen/INFO] [minecraft/LoggerChunkProgressListener]: Preparing spawn area: 85%
[13:08:13] [worldgen/INFO] [minecraft/LoggerChunkProgressListener]: Preparing spawn area: 85%
[13:08:13] [worldgen/INFO] [minecraft/LoggerChunkProgressListener]: Preparing spawn area: 85%
[13:08:13] [worldgen/INFO] [minecraft/LoggerChunkProgressListener]: Preparing spawn area: 85%
[13:08:13] [worldgen/INFO] [minecraft/LoggerChunkProgressListener]: Preparing spawn area: 85%
[13:08:13] [worldgen/INFO] [minecraft/LoggerChunkProgressListener]: Preparing spawn area: 85%
[13:08:13] [worldgen/INFO] [minecraft/LoggerChunkProgressListener]: Preparing spawn area: 85%
[13:08:13] [worldgen/INFO] [minecraft/LoggerChunkProgressListener]: Preparing spawn area: 85%
[13:08:13] [worldgen/INFO] [minecraft/LoggerChunkProgressListener]: Preparing spawn area: 85%
[13:08:13] [worldgen/INFO] [minecraft/LoggerChunkProgressListener]: Preparing spawn area: 85%
[13:08:13] [worldgen/INFO] [minecraft/LoggerChunkProgressListener]: Preparing spawn area: 85%
[13:08:13] [worldgen/INFO] [minecraft/LoggerChunkProgressListener]: Preparing spawn area: 85%
[13:08:13] [worldgen/INFO] [minecraft/LoggerChunkProgressListener]: Preparing spawn area: 85%
[13:08:13] [worldgen/INFO] [minecraft/LoggerChunkProgressListener]: Preparing spawn area: 85%
[13:08:13] [worldgen/INFO] [minecraft/LoggerChunkProgressListener]: Preparing spawn area: 85%
[13:08:13] [worldgen/INFO] [minecraft/LoggerChunkProgressListener]: Preparing spawn area: 85%
[13:08:13] [worldgen/INFO] [minecraft/LoggerChunkProgressListener]: Preparing spawn area: 85%
[13:08:13] [worldgen/INFO] [minecraft/LoggerChunkProgressListener]: Preparing spawn area: 85%
[13:08:13] [worldgen/INFO] [minecraft/LoggerChunkProgressListener]: Preparing spawn area: 85%
[13:08:13] [worldgen/INFO] [minecraft/LoggerChunkProgressListener]: Preparing spawn area: 85%
[13:08:13] [worldgen/INFO] [minecraft/LoggerChunkProgressListener]: Preparing spawn area: 85%
[13:08:13] [worldgen/INFO] [minecraft/LoggerChunkProgressListener]: Preparing spawn area: 85%
[13:08:13] [worldgen/INFO] [minecraft/LoggerChunkProgressListener]: Preparing spawn area: 85%
[13:08:13] [worldgen/INFO] [minecraft/LoggerChunkProgressListener]: Preparing spawn area: 85%
[13:08:13] [worldgen/INFO] [minecraft/LoggerChunkProgressListener]: Preparing spawn area: 85%
[13:08:13] [worldgen/INFO] [minecraft/LoggerChunkProgressListener]: Preparing spawn area: 85%
[13:08:13] [worldgen/INFO] [minecraft/LoggerChunkProgressListener]: Preparing spawn area: 85%
[13:08:13] [worldgen/INFO] [minecraft/LoggerChunkProgressListener]: Preparing spawn area: 85%
[13:08:13] [worldgen/INFO] [minecraft/LoggerChunkProgressListener]: Preparing spawn area: 85%
[13:08:13] [worldgen/INFO] [minecraft/LoggerChunkProgressListener]: Preparing spawn area: 85%
[13:08:13] [worldgen/INFO] [minecraft/LoggerChunkProgressListener]: Preparing spawn area: 85%
[13:08:13] [worldgen/INFO] [minecraft/LoggerChunkProgressListener]: Preparing spawn area: 85%
[13:08:13] [worldgen/INFO] [minecraft/LoggerChunkProgressListener]: Preparing spawn area: 85%
[13:08:13] [worldgen/INFO] [minecraft/LoggerChunkProgressListener]: Preparing spawn area: 85%
[13:08:13] [worldgen/INFO] [minecraft/LoggerChunkProgressListener]: Preparing spawn area: 85%
[13:08:13] [worldgen/INFO] [minecraft/LoggerChunkProgressListener]: Preparing spawn area: 85%
[13:08:13] [worldgen/INFO] [minecraft/LoggerChunkProgressListener]: Preparing spawn area: 85%
[13:08:13] [worldgen/INFO] [minecraft/LoggerChunkProgressListener]: Preparing spawn area: 85%
[13:08:13] [worldgen/INFO] [minecraft/LoggerChunkProgressListener]: Preparing spawn area: 85%
[13:08:13] [worldgen/INFO] [minecraft/LoggerChunkProgressListener]: Preparing spawn area: 85%
[13:08:13] [worldgen/INFO] [minecraft/LoggerChunkProgressListener]: Preparing spawn area: 85%
[13:08:13] [worldgen/INFO] [minecraft/LoggerChunkProgressListener]: Preparing spawn area: 85%
[13:08:13] [worldgen/INFO] [minecraft/LoggerChunkProgressListener]: Preparing spawn area: 85%
[13:08:13] [worldgen/INFO] [minecraft/LoggerChunkProgressListener]: Preparing spawn area: 85%
[13:08:13] [worldgen/INFO] [minecraft/LoggerChunkProgressListener]: Preparing spawn area: 85%
[13:08:13] [worldgen/INFO] [minecraft/LoggerChunkProgressListener]: Preparing spawn area: 85%
[13:08:13] [worldgen/INFO] [minecraft/LoggerChunkProgressListener]: Preparing spawn area: 85%
[13:08:13] [worldgen/INFO] [minecraft/LoggerChunkProgressListener]: Preparing spawn area: 85%
[13:08:13] [worldgen/INFO] [minecraft/LoggerChunkProgressListener]: Preparing spawn area: 85%
[13:08:13] [worldgen/INFO] [minecraft/LoggerChunkProgressListener]: Preparing spawn area: 85%
[13:08:13] [worldgen/INFO] [minecraft/LoggerChunkProgressListener]: Preparing spawn area: 85%
[13:08:13] [worldgen/INFO] [minecraft/LoggerChunkProgressListener]: Preparing spawn area: 85%
[13:08:13] [worldgen/INFO] [minecraft/LoggerChunkProgressListener]: Preparing spawn area: 85%
[13:08:13] [worldgen/INFO] [minecraft/LoggerChunkProgressListener]: Preparing spawn area: 85%
[13:08:13] [worldgen/INFO] [minecraft/LoggerChunkProgressListener]: Preparing spawn area: 85%
[13:08:13] [worldgen/INFO] [minecraft/LoggerChunkProgressListener]: Preparing spawn area: 85%
[13:08:13] [worldgen/INFO] [minecraft/LoggerChunkProgressListener]: Preparing spawn area: 85%
[13:08:13] [worldgen/INFO] [minecraft/LoggerChunkProgressListener]: Preparing spawn area: 85%
[13:08:13] [worldgen/INFO] [minecraft/LoggerChunkProgressListener]: Preparing spawn area: 85%
[13:08:13] [worldgen/INFO] [minecraft/LoggerChunkProgressListener]: Preparing spawn area: 85%
[13:08:13] [worldgen/INFO] [minecraft/LoggerChunkProgressListener]: Preparing spawn area: 85%
[13:08:13] [worldgen/INFO] [minecraft/LoggerChunkProgressListener]: Preparing spawn area: 85%
[13:08:13] [worldgen/INFO] [minecraft/LoggerChunkProgressListener]: Preparing spawn area: 85%
[13:08:13] [worldgen/INFO] [minecraft/LoggerChunkProgressListener]: Preparing spawn area: 85%
[13:08:13] [worldgen/INFO] [minecraft/LoggerChunkProgressListener]: Preparing spawn area: 85%
[13:08:13] [worldgen/INFO] [minecraft/LoggerChunkProgressListener]: Preparing spawn area: 85%
[13:08:13] [worldgen/INFO] [minecraft/LoggerChunkProgressListener]: Preparing spawn area: 85%
[13:08:13] [worldgen/INFO] [minecraft/LoggerChunkProgressListener]: Preparing spawn area: 85%
[13:08:13] [worldgen/INFO] [minecraft/LoggerChunkProgressListener]: Preparing spawn area: 85%
[13:08:13] [worldgen/INFO] [minecraft/LoggerChunkProgressListener]: Preparing spawn area: 85%
[13:08:13] [worldgen/INFO] [minecraft/LoggerChunkProgressListener]: Preparing spawn area: 85%
[13:08:13] [worldgen/INFO] [minecraft/LoggerChunkProgressListener]: Preparing spawn area: 85%
[13:08:13] [worldgen/INFO] [minecraft/LoggerChunkProgressListener]: Preparing spawn area: 85%
[13:08:13] [worldgen/INFO] [minecraft/LoggerChunkProgressListener]: Preparing spawn area: 85%
[13:08:13] [worldgen/INFO] [minecraft/LoggerChunkProgressListener]: Preparing spawn area: 85%
[13:08:13] [worldgen/INFO] [minecraft/LoggerChunkProgressListener]: Preparing spawn area: 85%
[13:08:13] [worldgen/INFO] [minecraft/LoggerChunkProgressListener]: Preparing spawn area: 85%
[13:08:13] [worldgen/INFO] [minecraft/LoggerChunkProgressListener]: Preparing spawn area: 85%
[13:08:13] [worldgen/INFO] [minecraft/LoggerChunkProgressListener]: Preparing spawn area: 85%
[13:08:13] [worldgen/INFO] [minecraft/LoggerChunkProgressListener]: Preparing spawn area: 85%
[13:08:13] [worldgen/INFO] [minecraft/LoggerChunkProgressListener]: Preparing spawn area: 85%
[13:08:14] [worldgen/INFO] [minecraft/LoggerChunkProgressListener]: Preparing spawn area: 85%
[13:08:14] [worldgen/INFO] [minecraft/LoggerChunkProgressListener]: Preparing spawn area: 85%
[13:08:15] [worldgen/INFO] [minecraft/LoggerChunkProgressListener]: Preparing spawn area: 85%
[13:08:15] [worldgen/INFO] [minecraft/LoggerChunkProgressListener]: Preparing spawn area: 85%
[13:08:16] [worldgen/INFO] [minecraft/LoggerChunkProgressListener]: Preparing spawn area: 85%
[13:08:16] [Server thread/INFO] [minecraft/LoggerChunkProgressListener]: Time elapsed: 56529 ms
[13:08:17] [Server thread/INFO] [minecraft/GameTestServer]: Started game test server
[13:08:19] [Server thread/DEBUG] [ne.ne.ne.se.LanguageHook/]: Loaded 5 language files for en_us
[13:08:19] [Server thread/INFO] [ne.ne.ne.se.pe.PermissionAPI/]: Successfully initialized permission handler neoforge:default_handler
[13:08:23] [Server thread/INFO] [minecraft/GameTestServer]: 179 tests are now running at position -1162670, -59, 1167120!
[13:09:24] [Server thread/INFO] [minecraft/GameTestRunner]: Running test batch 'ice_dispose:0' (1 tests)...
[13:09:24] [Server thread/WARN] [minecraft/MinecraftServer]: Can't keep up! Is the server overloaded? Running 64088ms or 1281 ticks behind
[13:09:30] [Server thread/INFO] [minecraft/GameTestServer]: [                                                                                                                                                                                   ]
[13:09:31] [Server thread/INFO] [minecraft/GameTestServer]: [                                                                                                                                                                                   ]
[13:09:32] [Server thread/INFO] [minecraft/GameTestServer]: [                                                                                                                                                                                   ]
[13:09:33] [Server thread/INFO] [minecraft/GameTestServer]: [                                                                                                                                                                                   ]
[13:09:51] [Server thread/INFO] [minecraft/GameTestServer]: [_                                                                                                                                                                                  ]
[13:09:53] [Server thread/INFO] [minecraft/GameTestServer]: [_                                                                                                                                                                                  ]
[13:09:56] [Server thread/INFO] [minecraft/GameTestRunner]: Running test batch 'shaping_decode:0' (1 tests)...
[13:09:57] [Server thread/INFO] [minecraft/GameTestServer]: [+                                                                                                                                                                                  ]
[13:09:57] [Server thread/INFO] [minecraft/GameTestServer]: [+                                                                                                                                                                                  ]
[13:09:57] [Server thread/INFO] [minecraft/GameTestServer]: [+                                                                                                                                                                                  ]
[13:09:58] [Server thread/INFO] [minecraft/GameTestServer]: [+                                                                                                                                                                                  ]
[13:09:58] [Server thread/INFO] [minecraft/GameTestServer]: [+                                                                                                                                                                                  ]
[13:09:58] [Server thread/INFO] [minecraft/GameTestServer]: [+                                                                                                                                                                                  ]
[13:09:59] [Server thread/INFO] [minecraft/GameTestServer]: [+                                                                                                                                                                                  ]
[13:09:59] [Server thread/INFO] [minecraft/GameTestServer]: [+                                                                                                                                                                                  ]
[13:10:00] [Server thread/INFO] [minecraft/GameTestServer]: [+                                                                                                                                                                                  ]
[13:10:00] [Server thread/WARN] [minecraft/MinecraftServer]: Can't keep up! Is the server overloaded? Running 21307ms or 426 ticks behind
[13:10:04] [Server thread/INFO] [minecraft/GameTestRunner]: Running test batch 'spellshaping_craft:0' (1 tests)...
[13:10:05] [Server thread/INFO] [minecraft/GameTestServer]: [++                                                                                                                                                                                 ]
[13:10:05] [Server thread/INFO] [minecraft/GameTestServer]: [++                                                                                                                                                                                 ]
[13:10:06] [Server thread/INFO] [minecraft/GameTestServer]: [++                                                                                                                                                                                 ]
[13:10:06] [Server thread/INFO] [minecraft/GameTestServer]: [++                                                                                                                                                                                 ]
[13:10:06] [Server thread/INFO] [minecraft/GameTestServer]: [++                                                                                                                                                                                 ]
[13:10:07] [Server thread/INFO] [minecraft/GameTestServer]: [++                                                                                                                                                                                 ]
[13:10:09] [Server thread/INFO] [minecraft/GameTestServer]: [++_                                                                                                                                                                                ]
[13:10:09] [Server thread/INFO] [minecraft/GameTestServer]: [++_                                                                                                                                                                                ]
[13:10:09] [Server thread/INFO] [minecraft/GameTestServer]: [++_                                                                                                                                                                                ]
[13:10:11] [Server thread/INFO] [minecraft/GameTestRunner]: Running test batch 'expansion_figment:0' (1 tests)...
[13:10:11] [Server thread/INFO] [minecraft/GameTestServer]: [+++                                                                                                                                                                                ]
[13:10:25] [Server thread/INFO] [minecraft/GameTestRunner]: Running test batch 'leyline_cosmetic_recipe:0' (1 tests)...
[13:10:26] [Server thread/INFO] [minecraft/GameTestServer]: [++++                                                                                                                                                                               ]
[13:10:27] [Server thread/INFO] [minecraft/GameTestServer]: [++++                                                                                                                                                                               ]
[13:10:27] [Server thread/INFO] [minecraft/GameTestServer]: [++++                                                                                                                                                                               ]
[13:10:27] [Server thread/INFO] [minecraft/GameTestServer]: [++++                                                                                                                                                                               ]
[13:10:28] [Server thread/INFO] [minecraft/GameTestServer]: [++++                                                                                                                                                                               ]
[13:10:29] [Server thread/WARN] [minecraft/MinecraftServer]: Can't keep up! Is the server overloaded? Running 14102ms or 282 ticks behind
[13:10:30] [Server thread/INFO] [minecraft/GameTestServer]: [++++                                                                                                                                                                               ]
[13:10:31] [Server thread/INFO] [minecraft/GameTestServer]: [++++                                                                                                                                                                               ]
[13:10:33] [Server thread/INFO] [minecraft/GameTestServer]: [++++                                                                                                                                                                               ]
[13:10:33] [Server thread/INFO] [minecraft/GameTestServer]: [++++                                                                                                                                                                               ]
[13:10:34] [Server thread/INFO] [minecraft/GameTestServer]: [++++                                                                                                                                                                               ]
[13:10:35] [Server thread/INFO] [minecraft/GameTestServer]: [++++                                                                                                                                                                               ]
[13:10:37] [Server thread/INFO] [minecraft/GameTestServer]: [++++_                                                                                                                                                                              ]
[13:10:37] [Server thread/INFO] [minecraft/GameTestServer]: [++++_                                                                                                                                                                              ]
[13:10:39] [Server thread/INFO] [minecraft/GameTestServer]: [++++_                                                                                                                                                                              ]
[13:10:40] [Server thread/INFO] [minecraft/GameTestServer]: [++++_                                                                                                                                                                              ]
[13:10:41] [Server thread/INFO] [minecraft/GameTestRunner]: Running test batch 'plinth_column_placement:0' (1 tests)...
[13:10:41] [Server thread/INFO] [minecraft/GameTestServer]: [+++++                                                                                                                                                                              ]
[13:10:43] [Server thread/INFO] [minecraft/GameTestRunner]: Running test batch 'attunement_imbuement_colors:0' (1 tests)...
[13:10:44] [Server thread/INFO] [minecraft/GameTestServer]: [++++++                                                                                                                                                                             ]
[13:10:44] [Server thread/INFO] [minecraft/GameTestServer]: [++++++                                                                                                                                                                             ]
[13:10:44] [Server thread/INFO] [minecraft/GameTestServer]: [++++++                                                                                                                                                                             ]
[13:10:45] [Server thread/INFO] [minecraft/GameTestServer]: [++++++                                                                                                                                                                             ]
[13:10:46] [Server thread/INFO] [minecraft/GameTestServer]: [++++++                                                                                                                                                                             ]
[13:10:47] [Server thread/INFO] [minecraft/GameTestServer]: [++++++                                                                                                                                                                             ]
[13:10:47] [Server thread/INFO] [minecraft/GameTestServer]: [++++++                                                                                                                                                                             ]
[13:10:48] [Server thread/INFO] [minecraft/GameTestServer]: [++++++                                                                                                                                                                             ]
[13:10:50] [Server thread/INFO] [minecraft/GameTestServer]: [++++++_                                                                                                                                                                            ]
[13:10:50] [Server thread/INFO] [minecraft/GameTestServer]: [++++++_                                                                                                                                                                            ]
[13:10:52] [Server thread/INFO] [minecraft/GameTestServer]: [++++++_                                                                                                                                                                            ]
[13:10:52] [Server thread/INFO] [minecraft/GameTestRunner]: Running test batch 'homebound_denial:0' (1 tests)...
[13:10:52] [Server thread/INFO] [minecraft/GameTestServer]: [+++++++                                                                                                                                                                            ]
[13:10:54] [Server thread/INFO] [minecraft/GameTestServer]: [+++++++                                                                                                                                                                            ]
[13:10:54] [Server thread/INFO] [minecraft/GameTestServer]: [+++++++                                                                                                                                                                            ]
[13:10:56] [Server thread/INFO] [minecraft/GameTestServer]: [+++++++                                                                                                                                                                            ]
[13:10:57] [Server thread/INFO] [minecraft/GameTestServer]: [+++++++                                                                                                                                                                            ]
[13:10:57] [Server thread/INFO] [minecraft/GameTestServer]: [+++++++                                                                                                                                                                            ]
[13:11:12] [Server thread/INFO] [minecraft/PlayerList]: survival-test-player[embedded] logged in with entity id 32 at (-1.5, -60.0, -8.5)
[13:11:25] [Server thread/DEBUG] [io.ne.ut.Recycler/]: -Dio.netty.recycler.maxCapacityPerThread: 4096
[13:11:25] [Server thread/DEBUG] [io.ne.ut.Recycler/]: -Dio.netty.recycler.ratio: 8
[13:11:25] [Server thread/DEBUG] [io.ne.ut.Recycler/]: -Dio.netty.recycler.chunkSize: 32
[13:11:25] [Server thread/DEBUG] [io.ne.ut.Recycler/]: -Dio.netty.recycler.blocking: false
[13:11:25] [Server thread/DEBUG] [io.ne.ut.Recycler/]: -Dio.netty.recycler.batchFastThreadLocalOnly: true
[13:11:25] [Server thread/DEBUG] [io.ne.ut.in.PlatformDependent/]: org.jctools-core.MpscChunkedArrayQueue: available
[13:11:26] [Server thread/INFO] [minecraft/MinecraftServer]: survival-test-player joined the game
[13:11:36] [Server thread/INFO] [minecraft/GameTestRunner]: Running test batch 'shaping_contacts:0' (1 tests)...
[13:11:36] [Server thread/WARN] [minecraft/MinecraftServer]: Can't keep up! Is the server overloaded? Running 38831ms or 776 ticks behind
[13:11:37] [Server thread/INFO] [minecraft/GameTestServer]: [++++++++                                                                                                                                                                           ]
[13:11:38] [Server thread/INFO] [minecraft/GameTestServer]: [++++++++                                                                                                                                                                           ]
[13:11:40] [Server thread/INFO] [minecraft/GameTestServer]: [++++++++_                                                                                                                                                                          ]
[13:11:40] [Server thread/INFO] [minecraft/GameTestServer]: [++++++++_                                                                                                                                                                          ]
[13:11:41] [Server thread/INFO] [minecraft/GameTestServer]: [++++++++_                                                                                                                                                                          ]
[13:11:42] [Server thread/INFO] [minecraft/GameTestServer]: [++++++++_                                                                                                                                                                          ]
[13:11:43] [Server thread/INFO] [minecraft/GameTestServer]: [++++++++_                                                                                                                                                                          ]
[13:11:44] [Server thread/INFO] [minecraft/GameTestRunner]: Running test batch 'balance:0' (5 tests)...
[13:11:44] [Server thread/INFO] [minecraft/GameTestServer]: [+++++++++                                                                                                                                                                          ]
[13:11:47] [Server thread/INFO] [minecraft/GameTestServer]: [+++++++++____+                                                                                                                                                                     ]
[13:11:50] [Server thread/INFO] [minecraft/GameTestServer]: [++++++++++___+                                                                                                                                                                     ]
[13:11:52] [Server thread/INFO] [minecraft/GameTestServer]: [++++++++++++_+                                                                                                                                                                     ]
[13:11:53] [Server thread/INFO] [minecraft/GameTestServer]: [++++++++++++_+                                                                                                                                                                     ]
[13:11:53] [Server thread/INFO] [minecraft/GameTestServer]: [++++++++++++_+                                                                                                                                                                     ]
[13:11:54] [Server thread/INFO] [minecraft/GameTestServer]: [++++++++++++_+                                                                                                                                                                     ]
[13:11:54] [Server thread/INFO] [minecraft/GameTestServer]: [++++++++++++_+                                                                                                                                                                     ]
[13:11:58] [Server thread/INFO] [minecraft/GameTestRunner]: Running test batch 'leyline_outer:0' (1 tests)...
[13:12:00] [Server thread/WARN] [minecraft/MinecraftServer]: Can't keep up! Is the server overloaded? Running 8442ms or 168 ticks behind
[13:12:02] [Server thread/INFO] [minecraft/GameTestServer]: [++++++++++++++                                                                                                                                                                     ]
[13:12:02] [Server thread/INFO] [minecraft/GameTestServer]: [++++++++++++++                                                                                                                                                                     ]
[13:12:03] [Server thread/INFO] [minecraft/GameTestServer]: [++++++++++++++                                                                                                                                                                     ]
[13:12:04] [Server thread/INFO] [minecraft/GameTestServer]: [++++++++++++++                                                                                                                                                                     ]
[13:12:05] [Server thread/INFO] [minecraft/GameTestServer]: [++++++++++++++                                                                                                                                                                     ]
[13:12:06] [Server thread/INFO] [minecraft/GameTestServer]: [++++++++++++++                                                                                                                                                                     ]
[13:12:07] [Server thread/INFO] [minecraft/GameTestServer]: [++++++++++++++                                                                                                                                                                     ]
[13:12:08] [Server thread/INFO] [minecraft/GameTestServer]: [++++++++++++++                                                                                                                                                                     ]
[13:12:09] [Server thread/INFO] [minecraft/GameTestServer]: [++++++++++++++_                                                                                                                                                                    ]
[13:12:11] [Server thread/INFO] [minecraft/GameTestServer]: [++++++++++++++_                                                                                                                                                                    ]
[13:12:12] [Server thread/INFO] [minecraft/GameTestServer]: [++++++++++++++_                                                                                                                                                                    ]
[13:12:12] [Server thread/INFO] [minecraft/GameTestRunner]: Running test batch 'utility_support:0' (1 tests)...
[13:12:13] [Server thread/INFO] [minecraft/GameTestServer]: [+++++++++++++++                                                                                                                                                                    ]
[13:12:13] [Server thread/INFO] [minecraft/GameTestServer]: [+++++++++++++++                                                                                                                                                                    ]
[13:12:14] [Server thread/INFO] [minecraft/GameTestServer]: [+++++++++++++++                                                                                                                                                                    ]
[13:12:15] [Server thread/INFO] [minecraft/GameTestServer]: [+++++++++++++++_                                                                                                                                                                   ]
[13:12:16] [Server thread/INFO] [minecraft/GameTestServer]: [+++++++++++++++_                                                                                                                                                                   ]
[13:12:17] [Server thread/INFO] [minecraft/GameTestServer]: [+++++++++++++++_                                                                                                                                                                   ]
[13:12:18] [Server thread/INFO] [minecraft/GameTestServer]: [+++++++++++++++_                                                                                                                                                                   ]
[13:12:19] [Server thread/INFO] [minecraft/GameTestRunner]: Running test batch 'ritual_catalog:0' (1 tests)...
[13:12:19] [Server thread/INFO] [minecraft/GameTestServer]: [++++++++++++++++                                                                                                                                                                   ]
[13:12:20] [Server thread/INFO] [minecraft/GameTestServer]: [++++++++++++++++                                                                                                                                                                   ]
[13:12:21] [Server thread/INFO] [minecraft/GameTestServer]: [++++++++++++++++                                                                                                                                                                   ]
[13:12:22] [Server thread/INFO] [minecraft/GameTestServer]: [++++++++++++++++                                                                                                                                                                   ]
[13:12:23] [Server thread/INFO] [minecraft/GameTestServer]: [++++++++++++++++                                                                                                                                                                   ]
[13:12:24] [Server thread/INFO] [minecraft/GameTestServer]: [++++++++++++++++                                                                                                                                                                   ]
[13:12:25] [Server thread/INFO] [minecraft/GameTestServer]: [++++++++++++++++                                                                                                                                                                   ]
[13:13:02] [Server thread/INFO] [minecraft/GameTestRunner]: Running test batch 'spatial:0' (1 tests)...
[13:13:03] [Server thread/INFO] [minecraft/GameTestServer]: [+++++++++++++++++                                                                                                                                                                  ]
[13:13:04] [Server thread/WARN] [minecraft/MinecraftServer]: Can't keep up! Is the server overloaded? Running 38153ms or 763 ticks behind
[13:13:05] [Server thread/INFO] [minecraft/GameTestServer]: [+++++++++++++++++                                                                                                                                                                  ]
[13:13:06] [Server thread/INFO] [minecraft/GameTestServer]: [+++++++++++++++++                                                                                                                                                                  ]
[13:13:11] [Server thread/INFO] [minecraft/GameTestRunner]: Running test batch 'apparatus_waterlogging:0' (1 tests)...
[13:13:11] [Server thread/INFO] [minecraft/GameTestServer]: [++++++++++++++++++                                                                                                                                                                 ]
[13:13:19] [Server thread/INFO] [minecraft/GameTestRunner]: Running test batch 'ice_shutdown:0' (1 tests)...
[13:13:20] [Server thread/INFO] [minecraft/GameTestServer]: [+++++++++++++++++++                                                                                                                                                                ]
[13:13:20] [Server thread/INFO] [minecraft/GameTestServer]: [+++++++++++++++++++                                                                                                                                                                ]
[13:13:20] [Server thread/INFO] [minecraft/GameTestServer]: [+++++++++++++++++++                                                                                                                                                                ]
[13:13:21] [Server thread/INFO] [minecraft/GameTestServer]: [+++++++++++++++++++                                                                                                                                                                ]
[13:13:22] [Server thread/INFO] [minecraft/GameTestServer]: [+++++++++++++++++++_                                                                                                                                                               ]
[13:13:23] [Server thread/INFO] [minecraft/GameTestServer]: [+++++++++++++++++++_                                                                                                                                                               ]
[13:13:24] [Server thread/INFO] [minecraft/GameTestServer]: [+++++++++++++++++++_                                                                                                                                                               ]
[13:13:25] [Server thread/INFO] [minecraft/GameTestServer]: [+++++++++++++++++++_                                                                                                                                                               ]
[13:13:26] [Server thread/INFO] [minecraft/GameTestServer]: [+++++++++++++++++++_                                                                                                                                                               ]
[13:13:27] [Server thread/INFO] [minecraft/GameTestServer]: [+++++++++++++++++++_                                                                                                                                                               ]
[13:13:28] [Server thread/INFO] [minecraft/GameTestServer]: [+++++++++++++++++++_                                                                                                                                                               ]
[13:13:29] [Server thread/INFO] [minecraft/GameTestServer]: [+++++++++++++++++++_                                                                                                                                                               ]
[13:13:29] [Server thread/WARN] [minecraft/MinecraftServer]: Can't keep up! Is the server overloaded? Running 10151ms or 203 ticks behind
[13:13:30] [Server thread/INFO] [minecraft/GameTestServer]: [+++++++++++++++++++_                                                                                                                                                               ]
[13:13:31] [Server thread/INFO] [minecraft/GameTestServer]: [+++++++++++++++++++_                                                                                                                                                               ]
[13:13:33] [Server thread/INFO] [minecraft/GameTestServer]: [+++++++++++++++++++_                                                                                                                                                               ]
[13:13:33] [Server thread/INFO] [minecraft/GameTestRunner]: Running test batch 'pathfinder_regeneration:0' (1 tests)...
[13:13:34] [Server thread/INFO] [minecraft/GameTestServer]: [++++++++++++++++++++                                                                                                                                                               ]
[13:13:35] [Server thread/INFO] [minecraft/GameTestServer]: [++++++++++++++++++++_                                                                                                                                                              ]
[13:13:37] [Server thread/INFO] [minecraft/GameTestServer]: [++++++++++++++++++++_                                                                                                                                                              ]
[13:13:38] [Server thread/INFO] [minecraft/GameTestServer]: [++++++++++++++++++++_                                                                                                                                                              ]
[13:13:38] [Server thread/INFO] [minecraft/GameTestServer]: [++++++++++++++++++++_                                                                                                                                                              ]
[13:13:38] [Server thread/INFO] [minecraft/GameTestServer]: [++++++++++++++++++++_                                                                                                                                                              ]
[13:13:39] [Server thread/INFO] [minecraft/GameTestServer]: [++++++++++++++++++++_                                                                                                                                                              ]
[13:13:41] [Server thread/INFO] [minecraft/GameTestServer]: [++++++++++++++++++++_                                                                                                                                                              ]
[13:13:41] [Server thread/INFO] [minecraft/GameTestServer]: [++++++++++++++++++++_                                                                                                                                                              ]
[13:13:42] [Server thread/INFO] [minecraft/GameTestServer]: [++++++++++++++++++++_                                                                                                                                                              ]
[13:13:43] [Server thread/INFO] [minecraft/GameTestRunner]: Running test batch 'pathfinder_control_overlap:0' (1 tests)...
[13:13:44] [Server thread/INFO] [minecraft/GameTestServer]: [+++++++++++++++++++++                                                                                                                                                              ]
[13:13:44] [Server thread/INFO] [minecraft/GameTestServer]: [+++++++++++++++++++++                                                                                                                                                              ]
[13:13:45] [Server thread/INFO] [minecraft/GameTestServer]: [+++++++++++++++++++++                                                                                                                                                              ]
[13:13:46] [Server thread/INFO] [minecraft/GameTestServer]: [+++++++++++++++++++++_                                                                                                                                                             ]
[13:13:48] [Server thread/WARN] [minecraft/MinecraftServer]: Can't keep up! Is the server overloaded? Running 2175ms or 43 ticks behind
[13:13:50] [Server thread/INFO] [minecraft/GameTestServer]: [+++++++++++++++++++++_                                                                                                                                                             ]
[13:13:50] [Server thread/INFO] [minecraft/GameTestServer]: [+++++++++++++++++++++_                                                                                                                                                             ]
[13:13:51] [Server thread/INFO] [minecraft/GameTestServer]: [+++++++++++++++++++++_                                                                                                                                                             ]
[13:13:52] [Server thread/INFO] [minecraft/GameTestServer]: [+++++++++++++++++++++_                                                                                                                                                             ]
[13:13:54] [Server thread/INFO] [minecraft/GameTestServer]: [+++++++++++++++++++++_                                                                                                                                                             ]
[13:13:55] [Server thread/INFO] [minecraft/GameTestServer]: [+++++++++++++++++++++_                                                                                                                                                             ]
[13:13:55] [Server thread/INFO] [minecraft/GameTestServer]: [+++++++++++++++++++++_                                                                                                                                                             ]
[13:13:58] [Server thread/INFO] [minecraft/GameTestServer]: [+++++++++++++++++++++_                                                                                                                                                             ]
[13:14:00] [Server thread/INFO] [minecraft/GameTestServer]: [+++++++++++++++++++++_                                                                                                                                                             ]
[13:14:04] [Server thread/INFO] [minecraft/GameTestRunner]: Running test batch 'leyline_blast_eight:0' (1 tests)...
[13:14:07] [Server thread/INFO] [minecraft/GameTestServer]: [++++++++++++++++++++++                                                                                                                                                             ]
[13:14:08] [Server thread/INFO] [minecraft/GameTestServer]: [++++++++++++++++++++++                                                                                                                                                             ]
[13:14:08] [Server thread/INFO] [minecraft/GameTestServer]: [++++++++++++++++++++++                                                                                                                                                             ]
[13:14:08] [Server thread/INFO] [minecraft/GameTestServer]: [++++++++++++++++++++++                                                                                                                                                             ]
[13:14:09] [Server thread/INFO] [minecraft/GameTestServer]: [++++++++++++++++++++++                                                                                                                                                             ]
[13:14:10] [Server thread/INFO] [minecraft/GameTestServer]: [++++++++++++++++++++++                                                                                                                                                             ]
[13:14:10] [Server thread/WARN] [minecraft/MinecraftServer]: Can't keep up! Is the server overloaded? Running 6406ms or 128 ticks behind
[13:14:11] [Server thread/INFO] [minecraft/GameTestServer]: [++++++++++++++++++++++                                                                                                                                                             ]
[13:14:12] [Server thread/INFO] [minecraft/GameTestServer]: [++++++++++++++++++++++                                                                                                                                                             ]
[13:14:13] [Server thread/INFO] [minecraft/GameTestServer]: [++++++++++++++++++++++                                                                                                                                                             ]
[13:14:14] [Server thread/INFO] [minecraft/GameTestServer]: [++++++++++++++++++++++                                                                                                                                                             ]
[13:14:15] [Server thread/INFO] [minecraft/GameTestServer]: [++++++++++++++++++++++                                                                                                                                                             ]
[13:14:16] [Server thread/INFO] [minecraft/GameTestServer]: [++++++++++++++++++++++                                                                                                                                                             ]
[13:14:17] [Server thread/INFO] [minecraft/GameTestServer]: [++++++++++++++++++++++                                                                                                                                                             ]
[13:14:22] [Server thread/INFO] [minecraft/GameTestServer]: [++++++++++++++++++++++_                                                                                                                                                            ]
[13:14:23] [Server thread/INFO] [minecraft/Villager]: Villager Villager['Villager'/320, l='ServerLevel[Test Level]', x=-1162597.75, y=-46.10, z=1167219.50] died, message: 'Villager was blown up by test-mock-player'
[13:14:28] [Server thread/INFO] [minecraft/GameTestServer]: [++++++++++++++++++++++_                                                                                                                                                            ]
[13:14:29] [Server thread/INFO] [minecraft/GameTestRunner]: Running test batch 'ritual_cancel:0' (1 tests)...
[13:14:30] [Server thread/INFO] [minecraft/GameTestServer]: [+++++++++++++++++++++++                                                                                                                                                            ]
[13:14:31] [Server thread/INFO] [minecraft/GameTestServer]: [+++++++++++++++++++++++                                                                                                                                                            ]
[13:14:32] [Server thread/INFO] [minecraft/GameTestServer]: [+++++++++++++++++++++++                                                                                                                                                            ]
[13:14:33] [Server thread/INFO] [minecraft/GameTestServer]: [+++++++++++++++++++++++                                                                                                                                                            ]
[13:14:33] [Server thread/INFO] [minecraft/GameTestServer]: [+++++++++++++++++++++++                                                                                                                                                            ]
[13:14:35] [Server thread/INFO] [minecraft/GameTestServer]: [+++++++++++++++++++++++_                                                                                                                                                           ]
[13:14:35] [Server thread/WARN] [minecraft/MinecraftServer]: Can't keep up! Is the server overloaded? Running 10127ms or 202 ticks behind
[13:14:36] [Server thread/INFO] [minecraft/GameTestServer]: [+++++++++++++++++++++++_                                                                                                                                                           ]
[13:14:38] [Server thread/INFO] [minecraft/GameTestServer]: [+++++++++++++++++++++++_                                                                                                                                                           ]
[13:14:41] [Server thread/INFO] [minecraft/GameTestRunner]: Running test batch 'ice_ceiling:0' (1 tests)...
[13:14:41] [Server thread/INFO] [minecraft/GameTestServer]: [++++++++++++++++++++++++                                                                                                                                                           ]
[13:14:42] [Server thread/INFO] [minecraft/GameTestServer]: [++++++++++++++++++++++++                                                                                                                                                           ]
[13:14:42] [Server thread/INFO] [minecraft/GameTestServer]: [++++++++++++++++++++++++                                                                                                                                                           ]
[13:14:42] [Server thread/INFO] [minecraft/GameTestServer]: [++++++++++++++++++++++++                                                                                                                                                           ]
[13:14:42] [Server thread/INFO] [minecraft/GameTestServer]: [++++++++++++++++++++++++                                                                                                                                                           ]
[13:14:43] [Server thread/INFO] [minecraft/GameTestServer]: [++++++++++++++++++++++++                                                                                                                                                           ]
[13:14:44] [Server thread/INFO] [minecraft/GameTestServer]: [++++++++++++++++++++++++                                                                                                                                                           ]
[13:14:45] [Server thread/INFO] [minecraft/GameTestServer]: [++++++++++++++++++++++++                                                                                                                                                           ]
[13:14:47] [Server thread/INFO] [minecraft/GameTestRunner]: Running test batch 'utility_ice:0' (1 tests)...
[13:14:47] [Server thread/INFO] [minecraft/GameTestServer]: [+++++++++++++++++++++++++                                                                                                                                                          ]
[13:14:49] [Server thread/INFO] [minecraft/GameTestRunner]: Running test batch 'expansion_external_invisibility:0' (1 tests)...
[13:14:49] [Server thread/INFO] [minecraft/GameTestServer]: [++++++++++++++++++++++++++                                                                                                                                                         ]
[13:14:50] [Server thread/INFO] [minecraft/GameTestRunner]: Running test batch 'apparatus_offering:0' (1 tests)...
[13:14:51] [Server thread/INFO] [minecraft/GameTestServer]: [+++++++++++++++++++++++++++                                                                                                                                                        ]
[13:14:51] [Server thread/INFO] [minecraft/GameTestServer]: [+++++++++++++++++++++++++++                                                                                                                                                        ]
[13:14:52] [Server thread/INFO] [minecraft/GameTestRunner]: Running test batch 'leyline_spatial:0' (1 tests)...
[13:14:53] [Server thread/INFO] [minecraft/GameTestServer]: [++++++++++++++++++++++++++++                                                                                                                                                       ]
[13:14:53] [Server thread/WARN] [minecraft/MinecraftServer]: Can't keep up! Is the server overloaded? Running 3816ms or 76 ticks behind
[13:14:54] [Server thread/INFO] [minecraft/GameTestServer]: [++++++++++++++++++++++++++++                                                                                                                                                       ]
[13:14:56] [Server thread/INFO] [minecraft/GameTestServer]: [++++++++++++++++++++++++++++                                                                                                                                                       ]
[13:14:57] [Server thread/INFO] [minecraft/GameTestServer]: [++++++++++++++++++++++++++++                                                                                                                                                       ]
[13:14:58] [Server thread/INFO] [minecraft/GameTestRunner]: Running test batch 'homebound_dimension:0' (1 tests)...
[13:15:00] [Server thread/INFO] [minecraft/GameTestServer]: [+++++++++++++++++++++++++++++                                                                                                                                                      ]
[13:15:00] [Server thread/INFO] [minecraft/GameTestServer]: [+++++++++++++++++++++++++++++                                                                                                                                                      ]
[13:15:00] [Server thread/INFO] [minecraft/GameTestServer]: [+++++++++++++++++++++++++++++                                                                                                                                                      ]
[13:15:00] [Server thread/INFO] [minecraft/GameTestServer]: [+++++++++++++++++++++++++++++                                                                                                                                                      ]
[13:15:02] [Server thread/INFO] [minecraft/GameTestServer]: [+++++++++++++++++++++++++++++                                                                                                                                                      ]
[13:15:03] [Server thread/INFO] [minecraft/GameTestServer]: [+++++++++++++++++++++++++++++                                                                                                                                                      ]
[13:15:57] [Server thread/INFO] [minecraft/PlayerList]: survival-test-player[embedded] logged in with entity id 337 at (6.5, -60.0, -3.5)
[13:15:58] [Server thread/INFO] [minecraft/MinecraftServer]: survival-test-player joined the game
[13:16:02] [Server thread/INFO] [minecraft/MinecraftServer]: survival-test-player has made the advancement [The End?]
[13:16:05] [Server thread/INFO] [minecraft/GameTestRunner]: Running test batch 'homebound_payments:0' (1 tests)...
[13:16:07] [Server thread/INFO] [minecraft/GameTestServer]: [++++++++++++++++++++++++++++++                                                                                                                                                     ]
[13:16:07] [Server thread/INFO] [minecraft/GameTestServer]: [++++++++++++++++++++++++++++++                                                                                                                                                     ]
[13:16:08] [Server thread/INFO] [minecraft/GameTestServer]: [++++++++++++++++++++++++++++++                                                                                                                                                     ]
[13:16:08] [Server thread/INFO] [minecraft/GameTestServer]: [++++++++++++++++++++++++++++++                                                                                                                                                     ]
[13:16:10] [Server thread/INFO] [minecraft/PlayerList]: survival-test-player[embedded] logged in with entity id 338 at (-4.5, -60.0, -9.5)
[13:16:11] [Server thread/INFO] [minecraft/MinecraftServer]: survival-test-player joined the game
[13:16:14] [Server thread/INFO] [minecraft/GameTestRunner]: Running test batch 'spellshaping_colored_wool:0' (1 tests)...
[13:16:16] [Server thread/INFO] [minecraft/GameTestServer]: [+++++++++++++++++++++++++++++++                                                                                                                                                    ]
[13:16:16] [Server thread/INFO] [minecraft/GameTestServer]: [+++++++++++++++++++++++++++++++                                                                                                                                                    ]
[13:16:16] [Server thread/WARN] [minecraft/MinecraftServer]: Can't keep up! Is the server overloaded? Running 67492ms or 1349 ticks behind
[13:16:17] [Server thread/INFO] [minecraft/GameTestServer]: [+++++++++++++++++++++++++++++++                                                                                                                                                    ]
[13:16:20] [Server thread/INFO] [minecraft/GameTestServer]: [+++++++++++++++++++++++++++++++_                                                                                                                                                   ]
[13:16:21] [Server thread/INFO] [minecraft/GameTestServer]: [+++++++++++++++++++++++++++++++_                                                                                                                                                   ]
[13:16:21] [Server thread/INFO] [minecraft/GameTestServer]: [+++++++++++++++++++++++++++++++_                                                                                                                                                   ]
[13:16:23] [Server thread/INFO] [minecraft/GameTestRunner]: Running test batch 'visual_ward:0' (1 tests)...
[13:16:23] [Server thread/INFO] [minecraft/GameTestServer]: [++++++++++++++++++++++++++++++++                                                                                                                                                   ]
[13:16:23] [Server thread/INFO] [minecraft/GameTestServer]: [++++++++++++++++++++++++++++++++                                                                                                                                                   ]
[13:16:23] [Server thread/INFO] [minecraft/GameTestServer]: [++++++++++++++++++++++++++++++++                                                                                                                                                   ]
[13:16:24] [Server thread/INFO] [minecraft/GameTestServer]: [++++++++++++++++++++++++++++++++                                                                                                                                                   ]
[13:16:25] [Server thread/INFO] [minecraft/GameTestServer]: [++++++++++++++++++++++++++++++++                                                                                                                                                   ]
[13:16:26] [Server thread/INFO] [minecraft/GameTestServer]: [++++++++++++++++++++++++++++++++                                                                                                                                                   ]
[13:16:27] [Server thread/INFO] [minecraft/GameTestServer]: [++++++++++++++++++++++++++++++++                                                                                                                                                   ]
[13:16:32] [Server thread/INFO] [minecraft/GameTestServer]: [++++++++++++++++++++++++++++++++                                                                                                                                                   ]
[13:16:35] [Server thread/INFO] [minecraft/GameTestRunner]: Running test batch 'homebound_cancel:0' (1 tests)...
[13:16:42] [Server thread/INFO] [minecraft/GameTestServer]: [+++++++++++++++++++++++++++++++++                                                                                                                                                  ]
[13:16:43] [Server thread/INFO] [minecraft/GameTestServer]: [+++++++++++++++++++++++++++++++++                                                                                                                                                  ]
[13:16:59] [Server thread/INFO] [minecraft/GameTestServer]: [+++++++++++++++++++++++++++++++++                                                                                                                                                  ]
[13:17:00] [Server thread/WARN] [minecraft/MinecraftServer]: Can't keep up! Is the server overloaded? Running 29286ms or 585 ticks behind
[13:17:03] [Server thread/INFO] [minecraft/GameTestServer]: [+++++++++++++++++++++++++++++++++                                                                                                                                                  ]
[13:17:05] [Server thread/INFO] [minecraft/GameTestServer]: [+++++++++++++++++++++++++++++++++_                                                                                                                                                 ]
[13:17:06] [Server thread/INFO] [minecraft/GameTestServer]: [+++++++++++++++++++++++++++++++++_                                                                                                                                                 ]
[13:17:07] [Server thread/INFO] [minecraft/GameTestRunner]: Running test batch 'utility_food:0' (1 tests)...
[13:17:07] [Server thread/INFO] [minecraft/GameTestServer]: [++++++++++++++++++++++++++++++++++                                                                                                                                                 ]
[13:17:11] [Server thread/INFO] [minecraft/GameTestServer]: [++++++++++++++++++++++++++++++++++_                                                                                                                                                ]
[13:17:13] [Server thread/INFO] [minecraft/GameTestServer]: [++++++++++++++++++++++++++++++++++_                                                                                                                                                ]
[13:17:14] [Server thread/INFO] [minecraft/GameTestServer]: [++++++++++++++++++++++++++++++++++_                                                                                                                                                ]
[13:17:15] [Server thread/INFO] [minecraft/GameTestServer]: [++++++++++++++++++++++++++++++++++_                                                                                                                                                ]
[13:17:18] [Server thread/INFO] [minecraft/GameTestServer]: [++++++++++++++++++++++++++++++++++_                                                                                                                                                ]
[13:17:18] [Server thread/INFO] [minecraft/GameTestServer]: [++++++++++++++++++++++++++++++++++_                                                                                                                                                ]
[13:17:20] [Server thread/INFO] [minecraft/GameTestServer]: [++++++++++++++++++++++++++++++++++_                                                                                                                                                ]
[13:17:22] [Server thread/INFO] [minecraft/GameTestServer]: [++++++++++++++++++++++++++++++++++_                                                                                                                                                ]
[13:17:22] [Server thread/INFO] [minecraft/GameTestRunner]: Running test batch 'private_spaces:0' (1 tests)...
[13:17:23] [Server thread/INFO] [minecraft/GameTestServer]: [+++++++++++++++++++++++++++++++++++                                                                                                                                                ]
[13:17:26] [Server thread/INFO] [minecraft/PlayerList]: test-mock-player[embedded] logged in with entity id 344 at (-0.5, -60.0, 3.5)
[13:17:26] [Server thread/INFO] [minecraft/MinecraftServer]: test-mock-player joined the game
[13:17:28] [Server thread/INFO] [minecraft/PlayerList]: test-mock-player[embedded] logged in with entity id 345 at (0.5, -60.0, -1.5)
[13:17:29] [Server thread/INFO] [minecraft/MinecraftServer]: test-mock-player joined the game
[13:19:31] [Server thread/INFO] [minecraft/MinecraftServer]: test-mock-player has made the advancement [The End?]
[13:19:55] [Server thread/INFO] [minecraft/MinecraftServer]: test-mock-player has made the advancement [The End?]
[13:19:57] [Server thread/INFO] [minecraft/GameTestRunner]: Running test batch 'plinth_column_state:0' (1 tests)...
[13:20:01] [Server thread/INFO] [minecraft/GameTestServer]: [++++++++++++++++++++++++++++++++++++                                                                                                                                               ]
[13:20:01] [Server thread/INFO] [minecraft/GameTestServer]: [++++++++++++++++++++++++++++++++++++                                                                                                                                               ]
[13:20:01] [Server thread/WARN] [minecraft/MinecraftServer]: Can't keep up! Is the server overloaded? Running 165977ms or 3319 ticks behind
[13:20:02] [Server thread/INFO] [minecraft/GameTestRunner]: Running test batch 'ritual_known:0' (1 tests)...
[13:20:02] [Server thread/INFO] [minecraft/GameTestServer]: [+++++++++++++++++++++++++++++++++++++                                                                                                                                              ]
[13:20:04] [Server thread/INFO] [minecraft/GameTestRunner]: Running test batch 'shaping_healing:0' (1 tests)...
[13:20:04] [Server thread/INFO] [minecraft/GameTestServer]: [++++++++++++++++++++++++++++++++++++++                                                                                                                                             ]
[13:20:04] [Server thread/INFO] [minecraft/GameTestServer]: [++++++++++++++++++++++++++++++++++++++                                                                                                                                             ]
[13:20:05] [Server thread/INFO] [minecraft/GameTestServer]: [++++++++++++++++++++++++++++++++++++++                                                                                                                                             ]
[13:20:06] [Server thread/INFO] [minecraft/GameTestServer]: [++++++++++++++++++++++++++++++++++++++_                                                                                                                                            ]
[13:20:07] [Server thread/INFO] [minecraft/GameTestServer]: [++++++++++++++++++++++++++++++++++++++_                                                                                                                                            ]
[13:20:08] [Server thread/INFO] [minecraft/GameTestServer]: [++++++++++++++++++++++++++++++++++++++_                                                                                                                                            ]
[13:20:09] [Server thread/INFO] [minecraft/GameTestServer]: [++++++++++++++++++++++++++++++++++++++_                                                                                                                                            ]
[13:20:10] [Server thread/INFO] [minecraft/GameTestServer]: [++++++++++++++++++++++++++++++++++++++_                                                                                                                                            ]
[13:20:14] [Server thread/ERROR] [minecraft/LogTestReporter]: mendingscrollactuallyhealspaysonceandidentifiesbasespell failed at -1162604, -60, 1167258! Mending restoration/payment differed: 16.0 / 83.0
[13:20:15] [Server thread/INFO] [minecraft/GameTestRunner]: Running test batch 'ritual_blast:0' (2 tests)...
[13:20:16] [Server thread/INFO] [minecraft/GameTestServer]: [++++++++++++++++++++++++++++++++++++++X                                                                                                                                            ]
[13:20:17] [Server thread/INFO] [minecraft/GameTestServer]: [++++++++++++++++++++++++++++++++++++++X                                                                                                                                            ]
[13:20:17] [Server thread/INFO] [minecraft/GameTestServer]: [++++++++++++++++++++++++++++++++++++++X                                                                                                                                            ]
[13:20:18] [Server thread/INFO] [minecraft/GameTestServer]: [++++++++++++++++++++++++++++++++++++++X                                                                                                                                            ]
[13:20:18] [Server thread/INFO] [minecraft/GameTestServer]: [++++++++++++++++++++++++++++++++++++++X                                                                                                                                            ]
[13:20:19] [Server thread/INFO] [minecraft/GameTestServer]: [++++++++++++++++++++++++++++++++++++++X_                                                                                                                                           ]
[13:20:19] [Server thread/WARN] [minecraft/MinecraftServer]: Can't keep up! Is the server overloaded? Running 2825ms or 56 ticks behind
[13:20:21] [Server thread/INFO] [minecraft/GameTestServer]: [++++++++++++++++++++++++++++++++++++++X__                                                                                                                                          ]
[13:20:21] [Server thread/ERROR] [minecraft/LogTestReporter]: overlappingnodeburstsdealonlythestrongestsinglehit failed at -1162590, -60, 1167258! Strongest center/Plinth hit was not selected: [19.667639, 16.015]
[13:20:22] [Server thread/INFO] [minecraft/GameTestServer]: [++++++++++++++++++++++++++++++++++++++XX_                                                                                                                                          ]
[13:20:23] [Server thread/INFO] [minecraft/GameTestRunner]: Running test batch 'ritual_foundations:0' (1 tests)...
[13:20:23] [Server thread/INFO] [minecraft/GameTestServer]: [++++++++++++++++++++++++++++++++++++++XX+                                                                                                                                          ]
[13:20:24] [Server thread/INFO] [minecraft/GameTestServer]: [++++++++++++++++++++++++++++++++++++++XX+                                                                                                                                          ]
[13:20:26] [Server thread/INFO] [minecraft/GameTestServer]: [++++++++++++++++++++++++++++++++++++++XX+_                                                                                                                                         ]
[13:20:26] [Server thread/INFO] [minecraft/GameTestServer]: [++++++++++++++++++++++++++++++++++++++XX+_                                                                                                                                         ]
[13:20:27] [Server thread/INFO] [minecraft/GameTestServer]: [++++++++++++++++++++++++++++++++++++++XX+_                                                                                                                                         ]
[13:20:27] [Server thread/INFO] [minecraft/GameTestRunner]: Running test batch 'pathfinder_control:0' (1 tests)...
[13:20:27] [Server thread/INFO] [minecraft/GameTestServer]: [++++++++++++++++++++++++++++++++++++++XX++                                                                                                                                         ]
[13:20:28] [Server thread/INFO] [minecraft/GameTestServer]: [++++++++++++++++++++++++++++++++++++++XX++_                                                                                                                                        ]
[13:20:31] [Server thread/INFO] [minecraft/GameTestServer]: [++++++++++++++++++++++++++++++++++++++XX++_                                                                                                                                        ]
[13:20:32] [Server thread/INFO] [minecraft/GameTestServer]: [++++++++++++++++++++++++++++++++++++++XX++_                                                                                                                                        ]
[13:20:33] [Server thread/INFO] [minecraft/GameTestServer]: [++++++++++++++++++++++++++++++++++++++XX++_                                                                                                                                        ]
[13:20:34] [Server thread/INFO] [minecraft/GameTestServer]: [++++++++++++++++++++++++++++++++++++++XX++_                                                                                                                                        ]
[13:20:35] [Server thread/INFO] [minecraft/GameTestServer]: [++++++++++++++++++++++++++++++++++++++XX++_                                                                                                                                        ]
[13:20:35] [Server thread/INFO] [minecraft/GameTestServer]: [++++++++++++++++++++++++++++++++++++++XX++_                                                                                                                                        ]
[13:20:36] [Server thread/INFO] [minecraft/GameTestServer]: [++++++++++++++++++++++++++++++++++++++XX++_                                                                                                                                        ]
[13:20:37] [Server thread/INFO] [minecraft/GameTestServer]: [++++++++++++++++++++++++++++++++++++++XX++_                                                                                                                                        ]
[13:20:38] [Server thread/INFO] [minecraft/GameTestServer]: [++++++++++++++++++++++++++++++++++++++XX++_                                                                                                                                        ]
[13:20:38] [Server thread/INFO] [minecraft/GameTestRunner]: Running test batch 'standing_stone_ritual:0' (1 tests)...
[13:20:39] [Server thread/INFO] [minecraft/GameTestServer]: [++++++++++++++++++++++++++++++++++++++XX+++                                                                                                                                        ]
[13:20:39] [Server thread/INFO] [minecraft/GameTestServer]: [++++++++++++++++++++++++++++++++++++++XX+++                                                                                                                                        ]
[13:20:40] [Server thread/INFO] [minecraft/GameTestServer]: [++++++++++++++++++++++++++++++++++++++XX+++                                                                                                                                        ]
[13:20:41] [Server thread/INFO] [minecraft/GameTestServer]: [++++++++++++++++++++++++++++++++++++++XX+++_                                                                                                                                       ]
[13:20:42] [Server thread/INFO] [minecraft/GameTestServer]: [++++++++++++++++++++++++++++++++++++++XX+++_                                                                                                                                       ]
[13:20:43] [Server thread/INFO] [minecraft/GameTestServer]: [++++++++++++++++++++++++++++++++++++++XX+++_                                                                                                                                       ]
[13:20:44] [Server thread/INFO] [minecraft/GameTestRunner]: Running test batch 'utility_passage:0' (1 tests)...
[13:20:44] [Server thread/INFO] [minecraft/GameTestServer]: [++++++++++++++++++++++++++++++++++++++XX++++                                                                                                                                       ]
[13:20:45] [Server thread/INFO] [minecraft/GameTestRunner]: Running test batch 'expansion_sensing:0' (1 tests)...
[13:20:45] [Server thread/INFO] [minecraft/GameTestServer]: [++++++++++++++++++++++++++++++++++++++XX+++++                                                                                                                                      ]
[13:20:48] [Server thread/INFO] [minecraft/GameTestRunner]: Running test batch 'leyline_cast:0' (1 tests)...
[13:20:48] [Server thread/WARN] [minecraft/MinecraftServer]: Can't keep up! Is the server overloaded? Running 2513ms or 50 ticks behind
[13:20:50] [Server thread/INFO] [minecraft/GameTestServer]: [++++++++++++++++++++++++++++++++++++++XX++++++                                                                                                                                     ]
[13:20:50] [Server thread/INFO] [minecraft/GameTestServer]: [++++++++++++++++++++++++++++++++++++++XX++++++                                                                                                                                     ]
[13:20:50] [Server thread/INFO] [minecraft/GameTestServer]: [++++++++++++++++++++++++++++++++++++++XX++++++                                                                                                                                     ]
[13:20:52] [Server thread/INFO] [minecraft/GameTestServer]: [++++++++++++++++++++++++++++++++++++++XX++++++_                                                                                                                                    ]
[13:20:52] [Server thread/INFO] [minecraft/GameTestServer]: [++++++++++++++++++++++++++++++++++++++XX++++++_                                                                                                                                    ]
[13:20:53] [Server thread/INFO] [minecraft/GameTestServer]: [++++++++++++++++++++++++++++++++++++++XX++++++_                                                                                                                                    ]
[13:20:54] [Server thread/ERROR] [minecraft/LogTestReporter]: shapedscrollactuallypaysroundedcostandamplifieshealing failed at -1162604, -60, 1167273! Actual shaped heal/cost/consumption differs: 16.0 / 83.0
[13:20:54] [Server thread/INFO] [minecraft/GameTestRunner]: Running test batch 'expansion_breeze:0' (1 tests)...
[13:20:54] [Server thread/INFO] [minecraft/GameTestServer]: [++++++++++++++++++++++++++++++++++++++XX++++++X                                                                                                                                    ]
[13:20:55] [Server thread/INFO] [minecraft/GameTestServer]: [++++++++++++++++++++++++++++++++++++++XX++++++X_                                                                                                                                   ]
[13:20:57] [Server thread/INFO] [minecraft/GameTestServer]: [++++++++++++++++++++++++++++++++++++++XX++++++X_                                                                                                                                   ]
[13:20:57] [Server thread/INFO] [minecraft/GameTestServer]: [++++++++++++++++++++++++++++++++++++++XX++++++X_                                                                                                                                   ]
[13:20:58] [Server thread/INFO] [minecraft/GameTestServer]: [++++++++++++++++++++++++++++++++++++++XX++++++X_                                                                                                                                   ]
[13:20:59] [Server thread/INFO] [minecraft/GameTestServer]: [++++++++++++++++++++++++++++++++++++++XX++++++X_                                                                                                                                   ]
[13:21:00] [Server thread/INFO] [minecraft/GameTestServer]: [++++++++++++++++++++++++++++++++++++++XX++++++X_                                                                                                                                   ]
[13:21:01] [Server thread/INFO] [minecraft/GameTestRunner]: Running test batch 'apparatus_cover_cancellation:0' (1 tests)...
[13:21:02] [Server thread/INFO] [minecraft/GameTestServer]: [++++++++++++++++++++++++++++++++++++++XX++++++X+                                                                                                                                   ]
[13:21:02] [Server thread/INFO] [minecraft/GameTestServer]: [++++++++++++++++++++++++++++++++++++++XX++++++X+                                                                                                                                   ]
[13:21:03] [Server thread/INFO] [minecraft/GameTestServer]: [++++++++++++++++++++++++++++++++++++++XX++++++X+                                                                                                                                   ]
[13:21:05] [Server thread/INFO] [minecraft/GameTestServer]: [++++++++++++++++++++++++++++++++++++++XX++++++X+_                                                                                                                                  ]
[13:21:05] [Server thread/INFO] [minecraft/GameTestServer]: [++++++++++++++++++++++++++++++++++++++XX++++++X+_                                                                                                                                  ]
[13:21:06] [Server thread/INFO] [minecraft/GameTestServer]: [++++++++++++++++++++++++++++++++++++++XX++++++X+_                                                                                                                                  ]
[13:21:07] [Server thread/INFO] [minecraft/GameTestServer]: [++++++++++++++++++++++++++++++++++++++XX++++++X+_                                                                                                                                  ]
[13:21:08] [Server thread/INFO] [minecraft/GameTestRunner]: Running test batch 'expansion_swarm:0' (1 tests)...
[13:21:08] [Server thread/INFO] [minecraft/GameTestServer]: [++++++++++++++++++++++++++++++++++++++XX++++++X++                                                                                                                                  ]
[13:21:10] [Server thread/INFO] [minecraft/GameTestServer]: [++++++++++++++++++++++++++++++++++++++XX++++++X++_                                                                                                                                 ]
[13:21:11] [Server thread/INFO] [minecraft/GameTestServer]: [++++++++++++++++++++++++++++++++++++++XX++++++X++_                                                                                                                                 ]
[13:21:12] [Server thread/INFO] [minecraft/GameTestServer]: [++++++++++++++++++++++++++++++++++++++XX++++++X++_                                                                                                                                 ]
[13:21:14] [Server thread/INFO] [minecraft/GameTestServer]: [++++++++++++++++++++++++++++++++++++++XX++++++X++_                                                                                                                                 ]
[13:21:15] [Server thread/WARN] [minecraft/MinecraftServer]: Can't keep up! Is the server overloaded? Running 2234ms or 44 ticks behind
[13:21:16] [Server thread/INFO] [minecraft/GameTestServer]: [++++++++++++++++++++++++++++++++++++++XX++++++X++_                                                                                                                                 ]
[13:21:17] [Server thread/INFO] [minecraft/GameTestRunner]: Running test batch 'pathfinder_armament:0' (1 tests)...
[13:21:18] [Server thread/INFO] [minecraft/GameTestServer]: [++++++++++++++++++++++++++++++++++++++XX++++++X+++                                                                                                                                 ]
[13:21:19] [Server thread/INFO] [minecraft/GameTestServer]: [++++++++++++++++++++++++++++++++++++++XX++++++X+++_                                                                                                                                ]
[13:21:20] [Server thread/INFO] [minecraft/GameTestServer]: [++++++++++++++++++++++++++++++++++++++XX++++++X+++_                                                                                                                                ]
[13:21:22] [Server thread/INFO] [minecraft/GameTestServer]: [++++++++++++++++++++++++++++++++++++++XX++++++X+++_                                                                                                                                ]
[13:21:22] [Server thread/INFO] [minecraft/GameTestServer]: [++++++++++++++++++++++++++++++++++++++XX++++++X+++_                                                                                                                                ]
[13:21:23] [Server thread/INFO] [minecraft/GameTestServer]: [++++++++++++++++++++++++++++++++++++++XX++++++X+++_                                                                                                                                ]
[13:21:24] [Server thread/INFO] [minecraft/GameTestServer]: [++++++++++++++++++++++++++++++++++++++XX++++++X+++_                                                                                                                                ]
[13:21:24] [Server thread/INFO] [minecraft/GameTestRunner]: Running test batch 'visual_projectile:0' (1 tests)...
[13:21:24] [Server thread/INFO] [minecraft/GameTestServer]: [++++++++++++++++++++++++++++++++++++++XX++++++X++++                                                                                                                                ]
[13:21:26] [Server thread/INFO] [minecraft/GameTestServer]: [++++++++++++++++++++++++++++++++++++++XX++++++X++++_                                                                                                                               ]
[13:21:27] [Server thread/INFO] [minecraft/GameTestRunner]: Running test batch 'apparatus_variant_storage:0' (1 tests)...
[13:21:27] [Server thread/INFO] [minecraft/GameTestServer]: [++++++++++++++++++++++++++++++++++++++XX++++++X+++++                                                                                                                               ]
[13:21:32] [Server thread/INFO] [minecraft/GameTestRunner]: Running test batch 'attunement_craft:0' (1 tests)...
[13:21:33] [Server thread/INFO] [minecraft/GameTestServer]: [++++++++++++++++++++++++++++++++++++++XX++++++X++++++                                                                                                                              ]
[13:21:40] [Server thread/DEBUG] [ne.ne.ne.co.CommonHooks/WP]: Gathered mod list to write to world save Test Level
[13:21:40] [Server thread/INFO] [minecraft/GameTestServer]: [++++++++++++++++++++++++++++++++++++++XX++++++X++++++                                                                                                                              ]
[13:21:41] [Server thread/INFO] [minecraft/GameTestServer]: [++++++++++++++++++++++++++++++++++++++XX++++++X++++++                                                                                                                              ]
[13:21:41] [Server thread/INFO] [minecraft/GameTestServer]: [++++++++++++++++++++++++++++++++++++++XX++++++X++++++                                                                                                                              ]
[13:21:42] [Server thread/WARN] [minecraft/MinecraftServer]: Can't keep up! Is the server overloaded? Running 11733ms or 234 ticks behind
[13:21:42] [Server thread/INFO] [minecraft/GameTestServer]: [++++++++++++++++++++++++++++++++++++++XX++++++X++++++_                                                                                                                             ]
[13:21:43] [Server thread/INFO] [minecraft/GameTestServer]: [++++++++++++++++++++++++++++++++++++++XX++++++X++++++_                                                                                                                             ]
[13:21:44] [Server thread/INFO] [minecraft/GameTestServer]: [++++++++++++++++++++++++++++++++++++++XX++++++X++++++_                                                                                                                             ]
[13:21:47] [Server thread/INFO] [minecraft/GameTestServer]: [++++++++++++++++++++++++++++++++++++++XX++++++X++++++_                                                                                                                             ]
[13:21:47] [Server thread/INFO] [minecraft/GameTestServer]: [++++++++++++++++++++++++++++++++++++++XX++++++X++++++_                                                                                                                             ]
[13:21:47] [Server thread/INFO] [minecraft/GameTestServer]: [++++++++++++++++++++++++++++++++++++++XX++++++X++++++_                                                                                                                             ]
[13:21:49] [Server thread/INFO] [minecraft/GameTestRunner]: Running test batch 'expansion_vitality:0' (1 tests)...
[13:21:49] [Server thread/INFO] [minecraft/GameTestServer]: [++++++++++++++++++++++++++++++++++++++XX++++++X+++++++                                                                                                                             ]
[13:21:53] [Server thread/INFO] [minecraft/GameTestRunner]: Running test batch 'expansion_flicker:0' (1 tests)...
[13:21:53] [Server thread/INFO] [minecraft/GameTestServer]: [++++++++++++++++++++++++++++++++++++++XX++++++X++++++++                                                                                                                            ]
[13:21:54] [Server thread/INFO] [minecraft/GameTestServer]: [++++++++++++++++++++++++++++++++++++++XX++++++X++++++++_                                                                                                                           ]
[13:21:54] [Server thread/INFO] [minecraft/GameTestServer]: [++++++++++++++++++++++++++++++++++++++XX++++++X++++++++_                                                                                                                           ]
[13:21:55] [Server thread/INFO] [minecraft/GameTestRunner]: Running test batch 'ice_expiry:0' (1 tests)...
[13:21:55] [Server thread/INFO] [minecraft/GameTestServer]: [++++++++++++++++++++++++++++++++++++++XX++++++X+++++++++                                                                                                                           ]
[13:21:56] [Server thread/INFO] [minecraft/GameTestServer]: [++++++++++++++++++++++++++++++++++++++XX++++++X+++++++++_                                                                                                                          ]
[13:21:58] [Server thread/INFO] [minecraft/GameTestServer]: [++++++++++++++++++++++++++++++++++++++XX++++++X+++++++++_                                                                                                                          ]
[13:21:59] [Server thread/INFO] [minecraft/GameTestServer]: [++++++++++++++++++++++++++++++++++++++XX++++++X+++++++++_                                                                                                                          ]
[13:22:00] [Server thread/INFO] [minecraft/GameTestServer]: [++++++++++++++++++++++++++++++++++++++XX++++++X+++++++++_                                                                                                                          ]
[13:22:00] [Server thread/WARN] [minecraft/MinecraftServer]: Can't keep up! Is the server overloaded? Running 3530ms or 70 ticks behind
[13:22:01] [Server thread/INFO] [minecraft/GameTestServer]: [++++++++++++++++++++++++++++++++++++++XX++++++X+++++++++_                                                                                                                          ]
[13:22:02] [Server thread/INFO] [minecraft/GameTestServer]: [++++++++++++++++++++++++++++++++++++++XX++++++X+++++++++_                                                                                                                          ]
[13:22:03] [Server thread/INFO] [minecraft/GameTestServer]: [++++++++++++++++++++++++++++++++++++++XX++++++X+++++++++_                                                                                                                          ]
[13:22:04] [Server thread/INFO] [minecraft/GameTestServer]: [++++++++++++++++++++++++++++++++++++++XX++++++X+++++++++_                                                                                                                          ]
[13:22:05] [Server thread/INFO] [minecraft/GameTestServer]: [++++++++++++++++++++++++++++++++++++++XX++++++X+++++++++_                                                                                                                          ]
[13:22:06] [Server thread/INFO] [minecraft/GameTestServer]: [++++++++++++++++++++++++++++++++++++++XX++++++X+++++++++_                                                                                                                          ]
[13:22:07] [Server thread/INFO] [minecraft/GameTestServer]: [++++++++++++++++++++++++++++++++++++++XX++++++X+++++++++_                                                                                                                          ]
[13:22:09] [Server thread/INFO] [minecraft/GameTestServer]: [++++++++++++++++++++++++++++++++++++++XX++++++X+++++++++_                                                                                                                          ]
[13:22:10] [Server thread/INFO] [minecraft/GameTestRunner]: Running test batch 'leyline_materials:0' (1 tests)...
[13:22:10] [Server thread/INFO] [minecraft/GameTestServer]: [++++++++++++++++++++++++++++++++++++++XX++++++X++++++++++                                                                                                                          ]
[13:22:11] [Server thread/INFO] [minecraft/GameTestRunner]: Running test batch 'utility_waterwall:0' (1 tests)...
[13:22:11] [Server thread/INFO] [minecraft/GameTestServer]: [++++++++++++++++++++++++++++++++++++++XX++++++X+++++++++++                                                                                                                         ]
[13:22:13] [Server thread/INFO] [minecraft/GameTestServer]: [++++++++++++++++++++++++++++++++++++++XX++++++X+++++++++++_                                                                                                                        ]
[13:22:14] [Server thread/INFO] [minecraft/GameTestServer]: [++++++++++++++++++++++++++++++++++++++XX++++++X+++++++++++_                                                                                                                        ]
[13:22:14] [Server thread/INFO] [minecraft/GameTestRunner]: Running test batch 'formation_companion:0' (1 tests)...
[13:22:14] [Server thread/INFO] [minecraft/GameTestServer]: [++++++++++++++++++++++++++++++++++++++XX++++++X++++++++++++                                                                                                                        ]
[13:22:16] [Server thread/INFO] [minecraft/GameTestServer]: [++++++++++++++++++++++++++++++++++++++XX++++++X++++++++++++_                                                                                                                       ]
[13:22:17] [Server thread/INFO] [minecraft/GameTestServer]: [++++++++++++++++++++++++++++++++++++++XX++++++X++++++++++++_                                                                                                                       ]
[13:22:17] [Server thread/WARN] [minecraft/MinecraftServer]: Can't keep up! Is the server overloaded? Running 2006ms or 40 ticks behind
[13:22:18] [Server thread/INFO] [minecraft/GameTestServer]: [++++++++++++++++++++++++++++++++++++++XX++++++X++++++++++++_                                                                                                                       ]
[13:22:19] [Server thread/INFO] [minecraft/GameTestServer]: [++++++++++++++++++++++++++++++++++++++XX++++++X++++++++++++_                                                                                                                       ]
[13:22:20] [Server thread/INFO] [minecraft/GameTestServer]: [++++++++++++++++++++++++++++++++++++++XX++++++X++++++++++++_                                                                                                                       ]
[13:22:22] [Server thread/INFO] [minecraft/GameTestServer]: [++++++++++++++++++++++++++++++++++++++XX++++++X++++++++++++_                                                                                                                       ]
[13:22:22] [Server thread/INFO] [minecraft/GameTestServer]: [++++++++++++++++++++++++++++++++++++++XX++++++X++++++++++++_                                                                                                                       ]
[13:22:23] [Server thread/INFO] [minecraft/GameTestServer]: [++++++++++++++++++++++++++++++++++++++XX++++++X++++++++++++_                                                                                                                       ]
[13:22:24] [Server thread/INFO] [minecraft/GameTestRunner]: Running test batch 'utility_sensing:0' (1 tests)...
[13:22:24] [Server thread/INFO] [minecraft/GameTestServer]: [++++++++++++++++++++++++++++++++++++++XX++++++X+++++++++++++                                                                                                                       ]
[13:22:25] [Server thread/INFO] [minecraft/GameTestRunner]: Running test batch 'scroll_cast:0' (1 tests)...
[13:22:25] [Server thread/INFO] [minecraft/GameTestServer]: [++++++++++++++++++++++++++++++++++++++XX++++++X++++++++++++++                                                                                                                      ]
[13:22:26] [Server thread/INFO] [minecraft/GameTestServer]: [++++++++++++++++++++++++++++++++++++++XX++++++X++++++++++++++_                                                                                                                     ]
[13:22:27] [Server thread/INFO] [minecraft/GameTestServer]: [++++++++++++++++++++++++++++++++++++++XX++++++X++++++++++++++_                                                                                                                     ]
[13:22:28] [Server thread/INFO] [minecraft/GameTestServer]: [++++++++++++++++++++++++++++++++++++++XX++++++X++++++++++++++_                                                                                                                     ]
[13:22:29] [Server thread/INFO] [minecraft/GameTestServer]: [++++++++++++++++++++++++++++++++++++++XX++++++X++++++++++++++_                                                                                                                     ]
[13:22:30] [Server thread/INFO] [minecraft/GameTestRunner]: Running test batch 'plinth_column_ritual:0' (1 tests)...
[13:22:31] [Server thread/INFO] [minecraft/GameTestServer]: [++++++++++++++++++++++++++++++++++++++XX++++++X+++++++++++++++                                                                                                                     ]
[13:22:31] [Server thread/INFO] [minecraft/GameTestServer]: [++++++++++++++++++++++++++++++++++++++XX++++++X+++++++++++++++                                                                                                                     ]
[13:22:32] [Server thread/INFO] [minecraft/GameTestServer]: [++++++++++++++++++++++++++++++++++++++XX++++++X+++++++++++++++                                                                                                                     ]
[13:22:33] [Server thread/INFO] [minecraft/GameTestServer]: [++++++++++++++++++++++++++++++++++++++XX++++++X+++++++++++++++_                                                                                                                    ]
[13:22:34] [Server thread/INFO] [minecraft/GameTestServer]: [++++++++++++++++++++++++++++++++++++++XX++++++X+++++++++++++++_                                                                                                                    ]
[13:22:35] [Server thread/INFO] [minecraft/GameTestServer]: [++++++++++++++++++++++++++++++++++++++XX++++++X+++++++++++++++_                                                                                                                    ]
[13:22:36] [Server thread/INFO] [minecraft/GameTestRunner]: Running test batch 'expansion_ground:0' (1 tests)...
[13:22:36] [Server thread/INFO] [minecraft/GameTestServer]: [++++++++++++++++++++++++++++++++++++++XX++++++X++++++++++++++++                                                                                                                    ]
[13:22:37] [Server thread/INFO] [minecraft/GameTestServer]: [++++++++++++++++++++++++++++++++++++++XX++++++X++++++++++++++++_                                                                                                                   ]
[13:22:38] [Server thread/INFO] [minecraft/GameTestServer]: [++++++++++++++++++++++++++++++++++++++XX++++++X++++++++++++++++_                                                                                                                   ]
[13:22:39] [Server thread/INFO] [minecraft/GameTestServer]: [++++++++++++++++++++++++++++++++++++++XX++++++X++++++++++++++++_                                                                                                                   ]
[13:22:40] [Server thread/INFO] [minecraft/GameTestServer]: [++++++++++++++++++++++++++++++++++++++XX++++++X++++++++++++++++_                                                                                                                   ]
[13:22:41] [Server thread/INFO] [minecraft/GameTestServer]: [++++++++++++++++++++++++++++++++++++++XX++++++X++++++++++++++++_                                                                                                                   ]
[13:22:42] [Server thread/INFO] [minecraft/GameTestServer]: [++++++++++++++++++++++++++++++++++++++XX++++++X++++++++++++++++_                                                                                                                   ]
[13:22:43] [Server thread/INFO] [minecraft/GameTestServer]: [++++++++++++++++++++++++++++++++++++++XX++++++X++++++++++++++++_                                                                                                                   ]
[13:22:44] [Server thread/INFO] [minecraft/GameTestServer]: [++++++++++++++++++++++++++++++++++++++XX++++++X++++++++++++++++_                                                                                                                   ]
[13:22:45] [Server thread/INFO] [minecraft/GameTestRunner]: Running test batch 'shaping_protection:0' (1 tests)...
[13:22:46] [Server thread/WARN] [minecraft/MinecraftServer]: Can't keep up! Is the server overloaded? Running 2041ms or 40 ticks behind
[13:22:47] [Server thread/INFO] [minecraft/GameTestServer]: [++++++++++++++++++++++++++++++++++++++XX++++++X+++++++++++++++++                                                                                                                   ]
[13:22:48] [Server thread/INFO] [minecraft/GameTestServer]: [++++++++++++++++++++++++++++++++++++++XX++++++X+++++++++++++++++                                                                                                                   ]
[13:22:49] [Server thread/INFO] [minecraft/GameTestServer]: [++++++++++++++++++++++++++++++++++++++XX++++++X+++++++++++++++++                                                                                                                   ]
[13:22:50] [Server thread/INFO] [minecraft/GameTestServer]: [++++++++++++++++++++++++++++++++++++++XX++++++X+++++++++++++++++                                                                                                                   ]
[13:22:54] [Server thread/INFO] [minecraft/GameTestServer]: [++++++++++++++++++++++++++++++++++++++XX++++++X+++++++++++++++++_                                                                                                                  ]
[13:22:54] [Server thread/INFO] [minecraft/GameTestServer]: [++++++++++++++++++++++++++++++++++++++XX++++++X+++++++++++++++++_                                                                                                                  ]
[13:22:55] [Server thread/INFO] [minecraft/GameTestServer]: [++++++++++++++++++++++++++++++++++++++XX++++++X+++++++++++++++++_                                                                                                                  ]
[13:22:55] [Server thread/INFO] [minecraft/GameTestServer]: [++++++++++++++++++++++++++++++++++++++XX++++++X+++++++++++++++++_                                                                                                                  ]
[13:22:55] [Server thread/INFO] [minecraft/GameTestServer]: [++++++++++++++++++++++++++++++++++++++XX++++++X+++++++++++++++++_                                                                                                                  ]
[13:22:56] [Server thread/INFO] [minecraft/GameTestServer]: [++++++++++++++++++++++++++++++++++++++XX++++++X+++++++++++++++++_                                                                                                                  ]
[13:22:57] [Server thread/INFO] [minecraft/GameTestRunner]: Running test batch 'utility_water:0' (1 tests)...
[13:22:57] [Server thread/INFO] [minecraft/GameTestServer]: [++++++++++++++++++++++++++++++++++++++XX++++++X++++++++++++++++++                                                                                                                  ]
[13:22:58] [Server thread/INFO] [minecraft/GameTestServer]: [++++++++++++++++++++++++++++++++++++++XX++++++X++++++++++++++++++                                                                                                                  ]
[13:22:59] [Server thread/INFO] [minecraft/GameTestRunner]: Running test batch 'apparatus_recipes:0' (2 tests)...
[13:22:59] [Server thread/INFO] [minecraft/GameTestServer]: [++++++++++++++++++++++++++++++++++++++XX++++++X+++++++++++++++++++                                                                                                                 ]
[13:23:02] [Server thread/ERROR] [minecraft/LogTestReporter]: stackingaplinthejectstheofferingonceandpreservesitssocket failed at -1162648, -60, 1167318! Covered Plinth retained its hidden offering instead of ejecting it
[13:23:02] [Server thread/INFO] [minecraft/GameTestServer]: [++++++++++++++++++++++++++++++++++++++XX++++++X+++++++++++++++++++X                                                                                                                ]
[13:23:02] [Server thread/INFO] [minecraft/GameTestServer]: [++++++++++++++++++++++++++++++++++++++XX++++++X+++++++++++++++++++X                                                                                                                ]
[13:23:07] [Server thread/INFO] [minecraft/GameTestRunner]: Running test batch 'shaping_reflect_lineage:0' (1 tests)...
[13:23:08] [Server thread/WARN] [minecraft/MinecraftServer]: Can't keep up! Is the server overloaded? Running 6296ms or 125 ticks behind
[13:23:09] [Server thread/INFO] [minecraft/GameTestServer]: [++++++++++++++++++++++++++++++++++++++XX++++++X+++++++++++++++++++X+                                                                                                               ]
[13:23:09] [Server thread/INFO] [minecraft/GameTestServer]: [++++++++++++++++++++++++++++++++++++++XX++++++X+++++++++++++++++++X+                                                                                                               ]
[13:23:10] [Server thread/INFO] [minecraft/GameTestServer]: [++++++++++++++++++++++++++++++++++++++XX++++++X+++++++++++++++++++X+                                                                                                               ]
[13:23:14] [Server thread/INFO] [minecraft/GameTestServer]: [++++++++++++++++++++++++++++++++++++++XX++++++X+++++++++++++++++++X+_                                                                                                              ]
[13:23:16] [Server thread/INFO] [minecraft/GameTestRunner]: Running test batch 'leyline_cosmetic_attunement:0' (1 tests)...
[13:23:17] [Server thread/INFO] [minecraft/GameTestServer]: [++++++++++++++++++++++++++++++++++++++XX++++++X+++++++++++++++++++X++                                                                                                              ]
[13:23:17] [Server thread/INFO] [minecraft/GameTestServer]: [++++++++++++++++++++++++++++++++++++++XX++++++X+++++++++++++++++++X++                                                                                                              ]
[13:23:18] [Server thread/INFO] [minecraft/GameTestServer]: [++++++++++++++++++++++++++++++++++++++XX++++++X+++++++++++++++++++X++                                                                                                              ]
[13:23:18] [Server thread/INFO] [minecraft/GameTestServer]: [++++++++++++++++++++++++++++++++++++++XX++++++X+++++++++++++++++++X++                                                                                                              ]
[13:23:18] [Server thread/INFO] [minecraft/GameTestServer]: [++++++++++++++++++++++++++++++++++++++XX++++++X+++++++++++++++++++X++                                                                                                              ]
[13:23:18] [Server thread/INFO] [minecraft/GameTestServer]: [++++++++++++++++++++++++++++++++++++++XX++++++X+++++++++++++++++++X++                                                                                                              ]
[13:23:19] [Server thread/INFO] [minecraft/GameTestServer]: [++++++++++++++++++++++++++++++++++++++XX++++++X+++++++++++++++++++X++_                                                                                                             ]
[13:23:19] [Server thread/INFO] [minecraft/GameTestServer]: [++++++++++++++++++++++++++++++++++++++XX++++++X+++++++++++++++++++X++_                                                                                                             ]
[13:23:20] [Server thread/INFO] [minecraft/GameTestServer]: [++++++++++++++++++++++++++++++++++++++XX++++++X+++++++++++++++++++X++_                                                                                                             ]
[13:23:21] [Server thread/INFO] [minecraft/GameTestRunner]: Running test batch 'utility_stone:0' (1 tests)...
[13:23:23] [Server thread/INFO] [minecraft/GameTestServer]: [++++++++++++++++++++++++++++++++++++++XX++++++X+++++++++++++++++++X+++                                                                                                             ]
[13:23:24] [Server thread/INFO] [minecraft/GameTestServer]: [++++++++++++++++++++++++++++++++++++++XX++++++X+++++++++++++++++++X+++                                                                                                             ]
[13:23:25] [Server thread/WARN] [minecraft/MinecraftServer]: Can't keep up! Is the server overloaded? Running 2074ms or 41 ticks behind
[13:23:25] [Server thread/INFO] [minecraft/GameTestServer]: [++++++++++++++++++++++++++++++++++++++XX++++++X+++++++++++++++++++X+++                                                                                                             ]
[13:23:26] [Server thread/INFO] [minecraft/GameTestServer]: [++++++++++++++++++++++++++++++++++++++XX++++++X+++++++++++++++++++X+++                                                                                                             ]
[13:23:27] [Server thread/INFO] [minecraft/GameTestRunner]: Running test batch 'leyline_scroll_data:0' (1 tests)...
[13:23:27] [Server thread/INFO] [minecraft/GameTestServer]: [++++++++++++++++++++++++++++++++++++++XX++++++X+++++++++++++++++++X++++                                                                                                            ]
[13:23:30] [Server thread/INFO] [minecraft/GameTestRunner]: Running test batch 'shaping_revealing:0' (1 tests)...
[13:23:30] [Server thread/INFO] [minecraft/GameTestServer]: [++++++++++++++++++++++++++++++++++++++XX++++++X+++++++++++++++++++X+++++                                                                                                           ]
[13:23:30] [Server thread/INFO] [minecraft/GameTestServer]: [++++++++++++++++++++++++++++++++++++++XX++++++X+++++++++++++++++++X+++++                                                                                                           ]
[13:23:30] [Server thread/INFO] [minecraft/GameTestServer]: [++++++++++++++++++++++++++++++++++++++XX++++++X+++++++++++++++++++X+++++                                                                                                           ]
[13:23:32] [Server thread/INFO] [minecraft/GameTestServer]: [++++++++++++++++++++++++++++++++++++++XX++++++X+++++++++++++++++++X+++++                                                                                                           ]
[13:23:32] [Server thread/INFO] [minecraft/GameTestServer]: [++++++++++++++++++++++++++++++++++++++XX++++++X+++++++++++++++++++X+++++                                                                                                           ]
[13:23:33] [Server thread/INFO] [minecraft/GameTestServer]: [++++++++++++++++++++++++++++++++++++++XX++++++X+++++++++++++++++++X+++++                                                                                                           ]
[13:23:34] [Server thread/INFO] [minecraft/GameTestServer]: [++++++++++++++++++++++++++++++++++++++XX++++++X+++++++++++++++++++X+++++                                                                                                           ]
[13:23:38] [Server thread/INFO] [minecraft/GameTestServer]: [++++++++++++++++++++++++++++++++++++++XX++++++X+++++++++++++++++++X+++++_                                                                                                          ]
[13:23:41] [Server thread/INFO] [minecraft/GameTestServer]: [++++++++++++++++++++++++++++++++++++++XX++++++X+++++++++++++++++++X+++++_                                                                                                          ]
[13:23:41] [Server thread/INFO] [minecraft/GameTestServer]: [++++++++++++++++++++++++++++++++++++++XX++++++X+++++++++++++++++++X+++++_                                                                                                          ]
[13:23:42] [Server thread/INFO] [minecraft/GameTestServer]: [++++++++++++++++++++++++++++++++++++++XX++++++X+++++++++++++++++++X+++++_                                                                                                          ]
[13:23:43] [Server thread/INFO] [minecraft/GameTestServer]: [++++++++++++++++++++++++++++++++++++++XX++++++X+++++++++++++++++++X+++++_                                                                                                          ]
[13:23:44] [Server thread/WARN] [minecraft/MinecraftServer]: Can't keep up! Is the server overloaded? Running 3871ms or 77 ticks behind
[13:23:45] [Server thread/INFO] [minecraft/GameTestServer]: [++++++++++++++++++++++++++++++++++++++XX++++++X+++++++++++++++++++X+++++_                                                                                                          ]
[13:23:45] [Server thread/INFO] [minecraft/GameTestRunner]: Running test batch 'apparatus_persistence:0' (1 tests)...
[13:23:45] [Server thread/INFO] [minecraft/GameTestServer]: [++++++++++++++++++++++++++++++++++++++XX++++++X+++++++++++++++++++X++++++                                                                                                          ]
[13:23:46] [Server thread/INFO] [minecraft/GameTestServer]: [++++++++++++++++++++++++++++++++++++++XX++++++X+++++++++++++++++++X++++++                                                                                                          ]
[13:23:47] [Server thread/INFO] [minecraft/GameTestServer]: [++++++++++++++++++++++++++++++++++++++XX++++++X+++++++++++++++++++X++++++                                                                                                          ]
[13:23:49] [Server thread/INFO] [minecraft/GameTestRunner]: Running test batch 'scroll_recast:0' (1 tests)...
[13:23:49] [Server thread/INFO] [minecraft/GameTestServer]: [++++++++++++++++++++++++++++++++++++++XX++++++X+++++++++++++++++++X+++++++                                                                                                         ]
[13:23:49] [Server thread/INFO] [minecraft/GameTestServer]: [++++++++++++++++++++++++++++++++++++++XX++++++X+++++++++++++++++++X+++++++                                                                                                         ]
[13:23:50] [Server thread/INFO] [minecraft/GameTestServer]: [++++++++++++++++++++++++++++++++++++++XX++++++X+++++++++++++++++++X+++++++                                                                                                         ]
[13:23:51] [Server thread/INFO] [minecraft/GameTestServer]: [++++++++++++++++++++++++++++++++++++++XX++++++X+++++++++++++++++++X+++++++_                                                                                                        ]
[13:23:52] [Server thread/INFO] [minecraft/GameTestServer]: [++++++++++++++++++++++++++++++++++++++XX++++++X+++++++++++++++++++X+++++++_                                                                                                        ]
[13:23:53] [Server thread/INFO] [minecraft/GameTestServer]: [++++++++++++++++++++++++++++++++++++++XX++++++X+++++++++++++++++++X+++++++_                                                                                                        ]
[13:23:54] [Server thread/INFO] [minecraft/GameTestRunner]: Running test batch 'pathfinder_arc:0' (1 tests)...
[13:23:54] [Server thread/INFO] [minecraft/GameTestServer]: [++++++++++++++++++++++++++++++++++++++XX++++++X+++++++++++++++++++X++++++++                                                                                                        ]
[13:23:55] [Server thread/INFO] [minecraft/GameTestRunner]: Running test batch 'shaping_anchor:0' (1 tests)...
[13:23:56] [Server thread/INFO] [minecraft/GameTestServer]: [++++++++++++++++++++++++++++++++++++++XX++++++X+++++++++++++++++++X+++++++++                                                                                                       ]
[13:23:56] [Server thread/INFO] [minecraft/GameTestServer]: [++++++++++++++++++++++++++++++++++++++XX++++++X+++++++++++++++++++X+++++++++                                                                                                       ]
[13:23:57] [Server thread/INFO] [minecraft/GameTestServer]: [++++++++++++++++++++++++++++++++++++++XX++++++X+++++++++++++++++++X+++++++++                                                                                                       ]
[13:23:58] [Server thread/INFO] [minecraft/GameTestServer]: [++++++++++++++++++++++++++++++++++++++XX++++++X+++++++++++++++++++X+++++++++_                                                                                                      ]
[13:24:00] [Server thread/INFO] [minecraft/GameTestServer]: [++++++++++++++++++++++++++++++++++++++XX++++++X+++++++++++++++++++X+++++++++_                                                                                                      ]
[13:24:02] [Server thread/WARN] [minecraft/MinecraftServer]: Can't keep up! Is the server overloaded? Running 2102ms or 42 ticks behind
[13:24:03] [Server thread/INFO] [minecraft/GameTestServer]: [++++++++++++++++++++++++++++++++++++++XX++++++X+++++++++++++++++++X+++++++++_                                                                                                      ]
[13:24:03] [Server thread/INFO] [minecraft/GameTestServer]: [++++++++++++++++++++++++++++++++++++++XX++++++X+++++++++++++++++++X+++++++++_                                                                                                      ]
[13:24:04] [Server thread/INFO] [minecraft/GameTestServer]: [++++++++++++++++++++++++++++++++++++++XX++++++X+++++++++++++++++++X+++++++++_                                                                                                      ]
[13:24:05] [Server thread/INFO] [minecraft/GameTestServer]: [++++++++++++++++++++++++++++++++++++++XX++++++X+++++++++++++++++++X+++++++++_                                                                                                      ]
[13:24:06] [Server thread/INFO] [minecraft/GameTestRunner]: Running test batch 'apparatus_tent_collision:0' (2 tests)...
[13:24:10] [Server thread/INFO] [minecraft/GameTestServer]: [++++++++++++++++++++++++++++++++++++++XX++++++X+++++++++++++++++++X++++++++++                                                                                                      ]
[13:24:10] [Server thread/INFO] [minecraft/GameTestServer]: [++++++++++++++++++++++++++++++++++++++XX++++++X+++++++++++++++++++X++++++++++                                                                                                      ]
[13:24:10] [Server thread/INFO] [minecraft/GameTestServer]: [++++++++++++++++++++++++++++++++++++++XX++++++X+++++++++++++++++++X++++++++++                                                                                                      ]
[13:24:26] [Server thread/INFO] [minecraft/GameTestRunner]: Running test batch 'balance_caps:0' (2 tests)...
[13:24:28] [Server thread/INFO] [minecraft/GameTestServer]: [++++++++++++++++++++++++++++++++++++++XX++++++X+++++++++++++++++++X++++++++++++                                                                                                    ]
[13:24:39] [Server thread/INFO] [minecraft/GameTestServer]: [++++++++++++++++++++++++++++++++++++++XX++++++X+++++++++++++++++++X++++++++++++                                                                                                    ]
[13:24:40] [Server thread/INFO] [minecraft/GameTestServer]: [++++++++++++++++++++++++++++++++++++++XX++++++X+++++++++++++++++++X++++++++++++                                                                                                    ]
[13:24:42] [Server thread/INFO] [minecraft/GameTestServer]: [++++++++++++++++++++++++++++++++++++++XX++++++X+++++++++++++++++++X++++++++++++                                                                                                    ]
[13:24:44] [Server thread/INFO] [minecraft/GameTestServer]: [++++++++++++++++++++++++++++++++++++++XX++++++X+++++++++++++++++++X++++++++++++                                                                                                    ]
[13:24:46] [Server thread/INFO] [minecraft/GameTestServer]: [++++++++++++++++++++++++++++++++++++++XX++++++X+++++++++++++++++++X++++++++++++                                                                                                    ]
[13:24:49] [Server thread/INFO] [minecraft/GameTestServer]: [++++++++++++++++++++++++++++++++++++++XX++++++X+++++++++++++++++++X++++++++++++__                                                                                                  ]
[13:24:53] [Server thread/INFO] [minecraft/GameTestServer]: [++++++++++++++++++++++++++++++++++++++XX++++++X+++++++++++++++++++X++++++++++++__                                                                                                  ]
[13:24:54] [Server thread/WARN] [minecraft/MinecraftServer]: Can't keep up! Is the server overloaded? Running 37927ms or 758 ticks behind
[13:24:56] [Server thread/INFO] [minecraft/GameTestServer]: [++++++++++++++++++++++++++++++++++++++XX++++++X+++++++++++++++++++X+++++++++++++_                                                                                                  ]
[13:24:57] [Server thread/INFO] [minecraft/GameTestServer]: [++++++++++++++++++++++++++++++++++++++XX++++++X+++++++++++++++++++X+++++++++++++_                                                                                                  ]
[13:24:59] [Server thread/INFO] [minecraft/GameTestServer]: [++++++++++++++++++++++++++++++++++++++XX++++++X+++++++++++++++++++X+++++++++++++_                                                                                                  ]
[13:25:14] [Server thread/INFO] [minecraft/GameTestRunner]: Running test batch 'leyline_blast_four:0' (1 tests)...
[13:25:15] [Server thread/INFO] [minecraft/GameTestServer]: [++++++++++++++++++++++++++++++++++++++XX++++++X+++++++++++++++++++X++++++++++++++                                                                                                  ]
[13:25:16] [Server thread/INFO] [minecraft/GameTestServer]: [++++++++++++++++++++++++++++++++++++++XX++++++X+++++++++++++++++++X++++++++++++++                                                                                                  ]
[13:25:16] [Server thread/INFO] [minecraft/GameTestServer]: [++++++++++++++++++++++++++++++++++++++XX++++++X+++++++++++++++++++X++++++++++++++                                                                                                  ]
[13:25:16] [Server thread/INFO] [minecraft/GameTestServer]: [++++++++++++++++++++++++++++++++++++++XX++++++X+++++++++++++++++++X++++++++++++++                                                                                                  ]
[13:25:16] [Server thread/INFO] [minecraft/GameTestServer]: [++++++++++++++++++++++++++++++++++++++XX++++++X+++++++++++++++++++X++++++++++++++                                                                                                  ]
[13:25:18] [Server thread/INFO] [minecraft/GameTestServer]: [++++++++++++++++++++++++++++++++++++++XX++++++X+++++++++++++++++++X++++++++++++++                                                                                                  ]
[13:25:18] [Server thread/INFO] [minecraft/GameTestServer]: [++++++++++++++++++++++++++++++++++++++XX++++++X+++++++++++++++++++X++++++++++++++                                                                                                  ]
[13:25:19] [Server thread/INFO] [minecraft/GameTestServer]: [++++++++++++++++++++++++++++++++++++++XX++++++X+++++++++++++++++++X++++++++++++++                                                                                                  ]
[13:25:20] [Server thread/INFO] [minecraft/GameTestServer]: [++++++++++++++++++++++++++++++++++++++XX++++++X+++++++++++++++++++X++++++++++++++                                                                                                  ]
[13:25:20] [Server thread/INFO] [minecraft/GameTestServer]: [++++++++++++++++++++++++++++++++++++++XX++++++X+++++++++++++++++++X++++++++++++++                                                                                                  ]
[13:25:20] [Server thread/INFO] [minecraft/GameTestServer]: [++++++++++++++++++++++++++++++++++++++XX++++++X+++++++++++++++++++X++++++++++++++                                                                                                  ]
[13:25:24] [Server thread/INFO] [minecraft/GameTestServer]: [++++++++++++++++++++++++++++++++++++++XX++++++X+++++++++++++++++++X++++++++++++++                                                                                                  ]
[13:25:29] [Server thread/WARN] [minecraft/MinecraftServer]: Can't keep up! Is the server overloaded? Running 19726ms or 394 ticks behind
[13:25:30] [Server thread/INFO] [minecraft/GameTestServer]: [++++++++++++++++++++++++++++++++++++++XX++++++X+++++++++++++++++++X++++++++++++++_                                                                                                 ]
[13:25:31] [Server thread/INFO] [minecraft/GameTestRunner]: Running test batch 'pathfinder_vitality:0' (1 tests)...
[13:25:31] [Server thread/INFO] [minecraft/GameTestServer]: [++++++++++++++++++++++++++++++++++++++XX++++++X+++++++++++++++++++X+++++++++++++++                                                                                                 ]
[13:25:32] [Server thread/INFO] [minecraft/GameTestServer]: [++++++++++++++++++++++++++++++++++++++XX++++++X+++++++++++++++++++X+++++++++++++++                                                                                                 ]
[13:25:33] [Server thread/INFO] [minecraft/GameTestRunner]: Running test batch 'shaping_payment:0' (1 tests)...
[13:25:34] [Server thread/INFO] [minecraft/GameTestServer]: [++++++++++++++++++++++++++++++++++++++XX++++++X+++++++++++++++++++X++++++++++++++++                                                                                                ]
[13:25:34] [Server thread/INFO] [minecraft/GameTestServer]: [++++++++++++++++++++++++++++++++++++++XX++++++X+++++++++++++++++++X++++++++++++++++                                                                                                ]
[13:25:35] [Server thread/INFO] [minecraft/GameTestServer]: [++++++++++++++++++++++++++++++++++++++XX++++++X+++++++++++++++++++X++++++++++++++++                                                                                                ]
[13:25:37] [Server thread/ERROR] [minecraft/LogTestReporter]: exchangedandmaterialpaymentscommittogetherorleaveeverythinguntouched failed at -1162608, -60, 1167374! Typed payment did not commit once: COMPLETED / [Mana[amount=11.0], Material[item=minecraft:iron_pickaxe, operation=DAMAGE, amount=4], Material[item=minecraft:coal, operation=CONSUME, amount=1], Health[amount=4.0], Hunger[amount=2]]
[13:25:39] [Server thread/INFO] [minecraft/GameTestRunner]: Running test batch 'ice_orphan:0' (1 tests)...
[13:25:43] [Server thread/INFO] [minecraft/GameTestServer]: [++++++++++++++++++++++++++++++++++++++XX++++++X+++++++++++++++++++X++++++++++++++++X                                                                                               ]
[13:25:44] [Server thread/INFO] [minecraft/GameTestServer]: [++++++++++++++++++++++++++++++++++++++XX++++++X+++++++++++++++++++X++++++++++++++++X                                                                                               ]
[13:25:46] [Server thread/INFO] [minecraft/GameTestServer]: [++++++++++++++++++++++++++++++++++++++XX++++++X+++++++++++++++++++X++++++++++++++++X                                                                                               ]
[13:25:46] [Server thread/INFO] [minecraft/GameTestServer]: [++++++++++++++++++++++++++++++++++++++XX++++++X+++++++++++++++++++X++++++++++++++++X                                                                                               ]
[13:25:50] [Server thread/INFO] [minecraft/GameTestServer]: [++++++++++++++++++++++++++++++++++++++XX++++++X+++++++++++++++++++X++++++++++++++++X_                                                                                              ]
[13:25:51] [Server thread/INFO] [minecraft/GameTestRunner]: Running test batch 'utility_transpose:0' (1 tests)...
[13:25:52] [Server thread/INFO] [minecraft/GameTestServer]: [++++++++++++++++++++++++++++++++++++++XX++++++X+++++++++++++++++++X++++++++++++++++X+                                                                                              ]
[13:25:55] [Server thread/INFO] [minecraft/GameTestRunner]: Running test batch 'spellshaping_reject:0' (1 tests)...
[13:25:55] [Server thread/INFO] [minecraft/GameTestServer]: [++++++++++++++++++++++++++++++++++++++XX++++++X+++++++++++++++++++X++++++++++++++++X++                                                                                             ]
[13:25:56] [Server thread/INFO] [minecraft/GameTestServer]: [++++++++++++++++++++++++++++++++++++++XX++++++X+++++++++++++++++++X++++++++++++++++X++                                                                                             ]
[13:25:57] [Server thread/INFO] [minecraft/GameTestServer]: [++++++++++++++++++++++++++++++++++++++XX++++++X+++++++++++++++++++X++++++++++++++++X++                                                                                             ]
[13:25:57] [Server thread/WARN] [minecraft/MinecraftServer]: Can't keep up! Is the server overloaded? Running 13249ms or 264 ticks behind
[13:25:58] [Server thread/INFO] [minecraft/GameTestServer]: [++++++++++++++++++++++++++++++++++++++XX++++++X+++++++++++++++++++X++++++++++++++++X++                                                                                             ]
[13:25:59] [Server thread/INFO] [minecraft/GameTestServer]: [++++++++++++++++++++++++++++++++++++++XX++++++X+++++++++++++++++++X++++++++++++++++X++                                                                                             ]
[13:26:04] [Server thread/INFO] [minecraft/GameTestServer]: [++++++++++++++++++++++++++++++++++++++XX++++++X+++++++++++++++++++X++++++++++++++++X++_                                                                                            ]
[13:26:04] [Server thread/INFO] [minecraft/GameTestServer]: [++++++++++++++++++++++++++++++++++++++XX++++++X+++++++++++++++++++X++++++++++++++++X++_                                                                                            ]
[13:26:05] [Server thread/INFO] [minecraft/GameTestServer]: [++++++++++++++++++++++++++++++++++++++XX++++++X+++++++++++++++++++X++++++++++++++++X++_                                                                                            ]
[13:26:05] [Server thread/INFO] [minecraft/GameTestRunner]: Running test batch 'pathfinder_dispel:0' (1 tests)...
[13:26:05] [Server thread/INFO] [minecraft/GameTestServer]: [++++++++++++++++++++++++++++++++++++++XX++++++X+++++++++++++++++++X++++++++++++++++X+++                                                                                            ]
[13:26:08] [Server thread/INFO] [minecraft/GameTestServer]: [++++++++++++++++++++++++++++++++++++++XX++++++X+++++++++++++++++++X++++++++++++++++X+++_                                                                                           ]
[13:26:11] [Server thread/INFO] [minecraft/GameTestRunner]: Running test batch 'expansion_rust:0' (1 tests)...
[13:26:11] [Server thread/INFO] [minecraft/GameTestServer]: [++++++++++++++++++++++++++++++++++++++XX++++++X+++++++++++++++++++X++++++++++++++++X++++                                                                                           ]
[13:26:11] [Server thread/INFO] [minecraft/GameTestServer]: [++++++++++++++++++++++++++++++++++++++XX++++++X+++++++++++++++++++X++++++++++++++++X++++                                                                                           ]
[13:26:11] [Server thread/INFO] [minecraft/GameTestServer]: [++++++++++++++++++++++++++++++++++++++XX++++++X+++++++++++++++++++X++++++++++++++++X++++                                                                                           ]
[13:26:11] [Server thread/INFO] [minecraft/GameTestServer]: [++++++++++++++++++++++++++++++++++++++XX++++++X+++++++++++++++++++X++++++++++++++++X++++                                                                                           ]
[13:26:12] [Server thread/INFO] [minecraft/GameTestServer]: [++++++++++++++++++++++++++++++++++++++XX++++++X+++++++++++++++++++X++++++++++++++++X++++                                                                                           ]
[13:26:12] [Server thread/INFO] [minecraft/GameTestServer]: [++++++++++++++++++++++++++++++++++++++XX++++++X+++++++++++++++++++X++++++++++++++++X++++                                                                                           ]
[13:26:14] [Server thread/INFO] [minecraft/GameTestServer]: [++++++++++++++++++++++++++++++++++++++XX++++++X+++++++++++++++++++X++++++++++++++++X++++                                                                                           ]
[13:26:14] [Server thread/INFO] [minecraft/GameTestServer]: [++++++++++++++++++++++++++++++++++++++XX++++++X+++++++++++++++++++X++++++++++++++++X++++                                                                                           ]
[13:26:14] [Server thread/INFO] [minecraft/GameTestServer]: [++++++++++++++++++++++++++++++++++++++XX++++++X+++++++++++++++++++X++++++++++++++++X++++                                                                                           ]
[13:26:15] [Server thread/INFO] [minecraft/GameTestServer]: [++++++++++++++++++++++++++++++++++++++XX++++++X+++++++++++++++++++X++++++++++++++++X++++                                                                                           ]
[13:26:15] [Server thread/INFO] [minecraft/GameTestServer]: [++++++++++++++++++++++++++++++++++++++XX++++++X+++++++++++++++++++X++++++++++++++++X++++                                                                                           ]
[13:26:19] [Server thread/WARN] [minecraft/MinecraftServer]: Can't keep up! Is the server overloaded? Running 3188ms or 63 ticks behind
[13:26:19] [Server thread/INFO] [minecraft/GameTestServer]: [++++++++++++++++++++++++++++++++++++++XX++++++X+++++++++++++++++++X++++++++++++++++X++++_                                                                                          ]
[13:26:22] [Server thread/INFO] [minecraft/GameTestServer]: [++++++++++++++++++++++++++++++++++++++XX++++++X+++++++++++++++++++X++++++++++++++++X++++_                                                                                          ]
[13:26:23] [Server thread/INFO] [minecraft/GameTestServer]: [++++++++++++++++++++++++++++++++++++++XX++++++X+++++++++++++++++++X++++++++++++++++X++++_                                                                                          ]
[13:26:24] [Server thread/INFO] [minecraft/GameTestServer]: [++++++++++++++++++++++++++++++++++++++XX++++++X+++++++++++++++++++X++++++++++++++++X++++_                                                                                          ]
[13:26:25] [Server thread/INFO] [minecraft/GameTestServer]: [++++++++++++++++++++++++++++++++++++++XX++++++X+++++++++++++++++++X++++++++++++++++X++++_                                                                                          ]
[13:26:26] [Server thread/INFO] [minecraft/GameTestServer]: [++++++++++++++++++++++++++++++++++++++XX++++++X+++++++++++++++++++X++++++++++++++++X++++_                                                                                          ]
[13:26:27] [Server thread/INFO] [minecraft/GameTestServer]: [++++++++++++++++++++++++++++++++++++++XX++++++X+++++++++++++++++++X++++++++++++++++X++++_                                                                                          ]
[13:26:27] [Server thread/INFO] [minecraft/GameTestRunner]: Running test batch 'pathfinder_resistance:0' (1 tests)...
[13:26:28] [Server thread/INFO] [minecraft/GameTestServer]: [++++++++++++++++++++++++++++++++++++++XX++++++X+++++++++++++++++++X++++++++++++++++X+++++                                                                                          ]
[13:26:29] [Server thread/INFO] [minecraft/GameTestRunner]: Running test batch 'apparatus_clearance:0' (1 tests)...
[13:26:29] [Server thread/INFO] [minecraft/GameTestServer]: [++++++++++++++++++++++++++++++++++++++XX++++++X+++++++++++++++++++X++++++++++++++++X++++++                                                                                         ]
[13:26:33] [Server thread/INFO] [minecraft/GameTestRunner]: Running test batch 'ritual_basic:0' (1 tests)...
[13:26:34] [Server thread/INFO] [minecraft/GameTestServer]: [++++++++++++++++++++++++++++++++++++++XX++++++X+++++++++++++++++++X++++++++++++++++X+++++++                                                                                        ]
[13:26:37] [Server thread/INFO] [minecraft/GameTestServer]: [++++++++++++++++++++++++++++++++++++++XX++++++X+++++++++++++++++++X++++++++++++++++X+++++++_                                                                                       ]
[13:26:37] [Server thread/INFO] [minecraft/GameTestServer]: [++++++++++++++++++++++++++++++++++++++XX++++++X+++++++++++++++++++X++++++++++++++++X+++++++_                                                                                       ]
[13:26:37] [Server thread/INFO] [minecraft/GameTestServer]: [++++++++++++++++++++++++++++++++++++++XX++++++X+++++++++++++++++++X++++++++++++++++X+++++++_                                                                                       ]
[13:26:37] [Server thread/INFO] [minecraft/GameTestRunner]: Running test batch 'expansion_translocate:0' (1 tests)...
[13:26:38] [Server thread/INFO] [minecraft/GameTestServer]: [++++++++++++++++++++++++++++++++++++++XX++++++X+++++++++++++++++++X++++++++++++++++X++++++++                                                                                       ]
[13:26:38] [Server thread/INFO] [minecraft/GameTestRunner]: Running test batch 'ritual_blast_cancel:0' (1 tests)...
[13:26:38] [Server thread/INFO] [minecraft/GameTestServer]: [++++++++++++++++++++++++++++++++++++++XX++++++X+++++++++++++++++++X++++++++++++++++X+++++++++                                                                                      ]
[13:26:40] [Server thread/WARN] [minecraft/MinecraftServer]: Can't keep up! Is the server overloaded? Running 5952ms or 119 ticks behind
[13:26:40] [Server thread/INFO] [minecraft/GameTestServer]: [++++++++++++++++++++++++++++++++++++++XX++++++X+++++++++++++++++++X++++++++++++++++X+++++++++_                                                                                     ]
[13:26:44] [Server thread/INFO] [minecraft/GameTestServer]: [++++++++++++++++++++++++++++++++++++++XX++++++X+++++++++++++++++++X++++++++++++++++X+++++++++_                                                                                     ]
[13:26:45] [Server thread/INFO] [minecraft/GameTestRunner]: Running test batch 'expansion_illusion:0' (1 tests)...
[13:26:45] [Server thread/INFO] [minecraft/GameTestServer]: [++++++++++++++++++++++++++++++++++++++XX++++++X+++++++++++++++++++X++++++++++++++++X++++++++++                                                                                     ]
[13:26:46] [Server thread/INFO] [minecraft/GameTestServer]: [++++++++++++++++++++++++++++++++++++++XX++++++X+++++++++++++++++++X++++++++++++++++X++++++++++                                                                                     ]
[13:26:46] [Server thread/INFO] [minecraft/GameTestServer]: [++++++++++++++++++++++++++++++++++++++XX++++++X+++++++++++++++++++X++++++++++++++++X++++++++++                                                                                     ]
[13:26:46] [Server thread/INFO] [minecraft/GameTestServer]: [++++++++++++++++++++++++++++++++++++++XX++++++X+++++++++++++++++++X++++++++++++++++X++++++++++                                                                                     ]
[13:26:46] [Server thread/INFO] [minecraft/GameTestServer]: [++++++++++++++++++++++++++++++++++++++XX++++++X+++++++++++++++++++X++++++++++++++++X++++++++++                                                                                     ]
[13:26:48] [Server thread/INFO] [minecraft/GameTestServer]: [++++++++++++++++++++++++++++++++++++++XX++++++X+++++++++++++++++++X++++++++++++++++X++++++++++                                                                                     ]
[13:26:48] [Server thread/INFO] [minecraft/GameTestServer]: [++++++++++++++++++++++++++++++++++++++XX++++++X+++++++++++++++++++X++++++++++++++++X++++++++++                                                                                     ]
[13:26:49] [Server thread/INFO] [minecraft/GameTestServer]: [++++++++++++++++++++++++++++++++++++++XX++++++X+++++++++++++++++++X++++++++++++++++X++++++++++                                                                                     ]
[13:26:50] [Server thread/INFO] [minecraft/GameTestRunner]: Running test batch 'scroll_forfeit:0' (1 tests)...
[13:26:51] [Server thread/INFO] [minecraft/GameTestServer]: [++++++++++++++++++++++++++++++++++++++XX++++++X+++++++++++++++++++X++++++++++++++++X+++++++++++                                                                                    ]
[13:26:54] [Server thread/INFO] [minecraft/GameTestRunner]: Running test batch 'expansion_animal:0' (1 tests)...
[13:26:55] [Server thread/INFO] [minecraft/GameTestServer]: [++++++++++++++++++++++++++++++++++++++XX++++++X+++++++++++++++++++X++++++++++++++++X++++++++++++                                                                                   ]
[13:26:56] [Server thread/INFO] [minecraft/GameTestServer]: [++++++++++++++++++++++++++++++++++++++XX++++++X+++++++++++++++++++X++++++++++++++++X++++++++++++                                                                                   ]
[13:26:56] [Server thread/INFO] [minecraft/GameTestServer]: [++++++++++++++++++++++++++++++++++++++XX++++++X+++++++++++++++++++X++++++++++++++++X++++++++++++                                                                                   ]
[13:26:58] [Server thread/INFO] [minecraft/GameTestServer]: [++++++++++++++++++++++++++++++++++++++XX++++++X+++++++++++++++++++X++++++++++++++++X++++++++++++                                                                                   ]
[13:26:58] [Server thread/WARN] [minecraft/MinecraftServer]: Can't keep up! Is the server overloaded? Running 2972ms or 59 ticks behind
[13:26:58] [Server thread/INFO] [minecraft/GameTestServer]: [++++++++++++++++++++++++++++++++++++++XX++++++X+++++++++++++++++++X++++++++++++++++X++++++++++++                                                                                   ]
[13:26:59] [Server thread/INFO] [minecraft/GameTestServer]: [++++++++++++++++++++++++++++++++++++++XX++++++X+++++++++++++++++++X++++++++++++++++X++++++++++++                                                                                   ]
[13:27:00] [Server thread/INFO] [minecraft/GameTestServer]: [++++++++++++++++++++++++++++++++++++++XX++++++X+++++++++++++++++++X++++++++++++++++X++++++++++++                                                                                   ]
[13:27:01] [Server thread/INFO] [minecraft/GameTestRunner]: Running test batch 'pathfinder_shield:0' (1 tests)...
[13:27:01] [Server thread/INFO] [minecraft/GameTestServer]: [++++++++++++++++++++++++++++++++++++++XX++++++X+++++++++++++++++++X++++++++++++++++X+++++++++++++                                                                                  ]
[13:27:02] [Server thread/INFO] [minecraft/GameTestRunner]: Running test batch 'utility_size:0' (1 tests)...
[13:27:02] [Server thread/INFO] [minecraft/GameTestServer]: [++++++++++++++++++++++++++++++++++++++XX++++++X+++++++++++++++++++X++++++++++++++++X++++++++++++++                                                                                 ]
[13:27:06] [Server thread/INFO] [minecraft/GameTestServer]: [++++++++++++++++++++++++++++++++++++++XX++++++X+++++++++++++++++++X++++++++++++++++X++++++++++++++                                                                                 ]
[13:27:08] [Server thread/INFO] [minecraft/GameTestServer]: [++++++++++++++++++++++++++++++++++++++XX++++++X+++++++++++++++++++X++++++++++++++++X++++++++++++++                                                                                 ]
[13:27:17] [Server thread/INFO] [minecraft/GameTestRunner]: Running test batch 'leyline_pyramid:0' (1 tests)...
[13:27:17] [Server thread/INFO] [minecraft/GameTestServer]: [++++++++++++++++++++++++++++++++++++++XX++++++X+++++++++++++++++++X++++++++++++++++X+++++++++++++++                                                                                ]
[13:27:17] [Server thread/INFO] [minecraft/GameTestServer]: [++++++++++++++++++++++++++++++++++++++XX++++++X+++++++++++++++++++X++++++++++++++++X+++++++++++++++                                                                                ]
[13:27:17] [Server thread/INFO] [minecraft/GameTestServer]: [++++++++++++++++++++++++++++++++++++++XX++++++X+++++++++++++++++++X++++++++++++++++X+++++++++++++++                                                                                ]
[13:27:17] [Server thread/INFO] [minecraft/GameTestServer]: [++++++++++++++++++++++++++++++++++++++XX++++++X+++++++++++++++++++X++++++++++++++++X+++++++++++++++                                                                                ]
[13:27:18] [Server thread/INFO] [minecraft/GameTestServer]: [++++++++++++++++++++++++++++++++++++++XX++++++X+++++++++++++++++++X++++++++++++++++X+++++++++++++++                                                                                ]
[13:27:19] [Server thread/INFO] [minecraft/GameTestServer]: [++++++++++++++++++++++++++++++++++++++XX++++++X+++++++++++++++++++X++++++++++++++++X+++++++++++++++                                                                                ]
[13:27:20] [Server thread/INFO] [minecraft/GameTestServer]: [++++++++++++++++++++++++++++++++++++++XX++++++X+++++++++++++++++++X++++++++++++++++X+++++++++++++++                                                                                ]
[13:27:20] [Server thread/INFO] [minecraft/GameTestServer]: [++++++++++++++++++++++++++++++++++++++XX++++++X+++++++++++++++++++X++++++++++++++++X+++++++++++++++                                                                                ]
[13:27:21] [Server thread/WARN] [minecraft/MinecraftServer]: Can't keep up! Is the server overloaded? Running 8389ms or 167 ticks behind
[13:27:21] [Server thread/INFO] [minecraft/GameTestServer]: [++++++++++++++++++++++++++++++++++++++XX++++++X+++++++++++++++++++X++++++++++++++++X+++++++++++++++                                                                                ]
[13:27:25] [Server thread/INFO] [minecraft/GameTestServer]: [++++++++++++++++++++++++++++++++++++++XX++++++X+++++++++++++++++++X++++++++++++++++X+++++++++++++++                                                                                ]
[13:27:28] [Server thread/INFO] [minecraft/GameTestServer]: [++++++++++++++++++++++++++++++++++++++XX++++++X+++++++++++++++++++X++++++++++++++++X+++++++++++++++_                                                                               ]
[13:27:29] [Server thread/INFO] [minecraft/GameTestServer]: [++++++++++++++++++++++++++++++++++++++XX++++++X+++++++++++++++++++X++++++++++++++++X+++++++++++++++_                                                                               ]
[13:27:30] [Server thread/INFO] [minecraft/GameTestServer]: [++++++++++++++++++++++++++++++++++++++XX++++++X+++++++++++++++++++X++++++++++++++++X+++++++++++++++_                                                                               ]
[13:27:30] [Server thread/INFO] [minecraft/GameTestServer]: [++++++++++++++++++++++++++++++++++++++XX++++++X+++++++++++++++++++X++++++++++++++++X+++++++++++++++_                                                                               ]
[13:27:34] [Server thread/INFO] [minecraft/GameTestRunner]: Running test batch 'apparatus_imbuement_acceptance:0' (1 tests)...
[13:27:36] [Server thread/INFO] [minecraft/GameTestServer]: [++++++++++++++++++++++++++++++++++++++XX++++++X+++++++++++++++++++X++++++++++++++++X++++++++++++++++                                                                               ]
[13:27:37] [Server thread/INFO] [minecraft/GameTestServer]: [++++++++++++++++++++++++++++++++++++++XX++++++X+++++++++++++++++++X++++++++++++++++X++++++++++++++++                                                                               ]
[13:27:37] [Server thread/INFO] [minecraft/GameTestServer]: [++++++++++++++++++++++++++++++++++++++XX++++++X+++++++++++++++++++X++++++++++++++++X++++++++++++++++                                                                               ]
[13:27:37] [Server thread/INFO] [minecraft/GameTestServer]: [++++++++++++++++++++++++++++++++++++++XX++++++X+++++++++++++++++++X++++++++++++++++X++++++++++++++++                                                                               ]
[13:27:38] [Server thread/INFO] [minecraft/GameTestServer]: [++++++++++++++++++++++++++++++++++++++XX++++++X+++++++++++++++++++X++++++++++++++++X++++++++++++++++                                                                               ]
[13:27:42] [Server thread/INFO] [minecraft/GameTestRunner]: Running test batch 'attunement_counts:0' (1 tests)...
[13:27:43] [Server thread/INFO] [minecraft/GameTestServer]: [++++++++++++++++++++++++++++++++++++++XX++++++X+++++++++++++++++++X++++++++++++++++X+++++++++++++++++                                                                              ]
[13:27:44] [Server thread/INFO] [minecraft/GameTestServer]: [++++++++++++++++++++++++++++++++++++++XX++++++X+++++++++++++++++++X++++++++++++++++X+++++++++++++++++                                                                              ]
[13:27:44] [Server thread/INFO] [minecraft/GameTestServer]: [++++++++++++++++++++++++++++++++++++++XX++++++X+++++++++++++++++++X++++++++++++++++X+++++++++++++++++                                                                              ]
[13:27:45] [Server thread/INFO] [minecraft/GameTestServer]: [++++++++++++++++++++++++++++++++++++++XX++++++X+++++++++++++++++++X++++++++++++++++X+++++++++++++++++                                                                              ]
[13:27:46] [Server thread/WARN] [minecraft/MinecraftServer]: Can't keep up! Is the server overloaded? Running 9566ms or 191 ticks behind
[13:27:46] [Server thread/INFO] [minecraft/GameTestServer]: [++++++++++++++++++++++++++++++++++++++XX++++++X+++++++++++++++++++X++++++++++++++++X+++++++++++++++++                                                                              ]
[13:27:48] [Server thread/INFO] [minecraft/GameTestServer]: [++++++++++++++++++++++++++++++++++++++XX++++++X+++++++++++++++++++X++++++++++++++++X+++++++++++++++++_                                                                             ]
[13:27:50] [Server thread/INFO] [minecraft/GameTestServer]: [++++++++++++++++++++++++++++++++++++++XX++++++X+++++++++++++++++++X++++++++++++++++X+++++++++++++++++_                                                                             ]
[13:27:55] [Server thread/INFO] [minecraft/GameTestServer]: [++++++++++++++++++++++++++++++++++++++XX++++++X+++++++++++++++++++X++++++++++++++++X+++++++++++++++++_                                                                             ]
[13:27:55] [Server thread/INFO] [minecraft/GameTestServer]: [++++++++++++++++++++++++++++++++++++++XX++++++X+++++++++++++++++++X++++++++++++++++X+++++++++++++++++_                                                                             ]
[13:27:57] [Server thread/INFO] [minecraft/GameTestRunner]: Running test batch 'apparatus_imbuement_rejection:0' (1 tests)...
[13:27:58] [Server thread/INFO] [minecraft/GameTestServer]: [++++++++++++++++++++++++++++++++++++++XX++++++X+++++++++++++++++++X++++++++++++++++X++++++++++++++++++                                                                             ]
[13:27:59] [Server thread/INFO] [minecraft/GameTestServer]: [++++++++++++++++++++++++++++++++++++++XX++++++X+++++++++++++++++++X++++++++++++++++X++++++++++++++++++                                                                             ]
[13:28:03] [Server thread/INFO] [minecraft/GameTestRunner]: Running test batch 'attunement_cancel:0' (1 tests)...
[13:28:09] [Server thread/INFO] [minecraft/GameTestServer]: [++++++++++++++++++++++++++++++++++++++XX++++++X+++++++++++++++++++X++++++++++++++++X+++++++++++++++++++                                                                            ]
[13:28:09] [Server thread/INFO] [minecraft/GameTestServer]: [++++++++++++++++++++++++++++++++++++++XX++++++X+++++++++++++++++++X++++++++++++++++X+++++++++++++++++++                                                                            ]
[13:28:09] [Server thread/INFO] [minecraft/GameTestServer]: [++++++++++++++++++++++++++++++++++++++XX++++++X+++++++++++++++++++X++++++++++++++++X+++++++++++++++++++                                                                            ]
[13:28:09] [Server thread/INFO] [minecraft/GameTestServer]: [++++++++++++++++++++++++++++++++++++++XX++++++X+++++++++++++++++++X++++++++++++++++X+++++++++++++++++++                                                                            ]
[13:28:10] [Server thread/INFO] [minecraft/GameTestServer]: [++++++++++++++++++++++++++++++++++++++XX++++++X+++++++++++++++++++X++++++++++++++++X+++++++++++++++++++                                                                            ]
[13:28:11] [Server thread/INFO] [minecraft/GameTestServer]: [++++++++++++++++++++++++++++++++++++++XX++++++X+++++++++++++++++++X++++++++++++++++X+++++++++++++++++++                                                                            ]
[13:28:11] [Server thread/INFO] [minecraft/GameTestServer]: [++++++++++++++++++++++++++++++++++++++XX++++++X+++++++++++++++++++X++++++++++++++++X+++++++++++++++++++                                                                            ]
[13:28:12] [Server thread/INFO] [minecraft/GameTestServer]: [++++++++++++++++++++++++++++++++++++++XX++++++X+++++++++++++++++++X++++++++++++++++X+++++++++++++++++++                                                                            ]
[13:28:17] [Server thread/WARN] [minecraft/MinecraftServer]: Can't keep up! Is the server overloaded? Running 16196ms or 323 ticks behind
[13:28:17] [Server thread/INFO] [minecraft/GameTestServer]: [++++++++++++++++++++++++++++++++++++++XX++++++X+++++++++++++++++++X++++++++++++++++X+++++++++++++++++++_                                                                           ]
[13:28:18] [Server thread/INFO] [minecraft/GameTestServer]: [++++++++++++++++++++++++++++++++++++++XX++++++X+++++++++++++++++++X++++++++++++++++X+++++++++++++++++++_                                                                           ]
[13:28:19] [Server thread/INFO] [minecraft/GameTestServer]: [++++++++++++++++++++++++++++++++++++++XX++++++X+++++++++++++++++++X++++++++++++++++X+++++++++++++++++++_                                                                           ]
[13:28:34] [Server thread/INFO] [minecraft/GameTestRunner]: Running test batch 'leyline_ambiguous:0' (1 tests)...
[13:28:34] [Server thread/INFO] [minecraft/GameTestServer]: [++++++++++++++++++++++++++++++++++++++XX++++++X+++++++++++++++++++X++++++++++++++++X++++++++++++++++++++                                                                           ]
[13:28:35] [Server thread/INFO] [minecraft/GameTestServer]: [++++++++++++++++++++++++++++++++++++++XX++++++X+++++++++++++++++++X++++++++++++++++X++++++++++++++++++++                                                                           ]
[13:28:35] [Server thread/INFO] [minecraft/GameTestServer]: [++++++++++++++++++++++++++++++++++++++XX++++++X+++++++++++++++++++X++++++++++++++++X++++++++++++++++++++                                                                           ]
[13:28:37] [Server thread/INFO] [minecraft/GameTestServer]: [++++++++++++++++++++++++++++++++++++++XX++++++X+++++++++++++++++++X++++++++++++++++X++++++++++++++++++++                                                                           ]
[13:28:38] [Server thread/INFO] [minecraft/GameTestServer]: [++++++++++++++++++++++++++++++++++++++XX++++++X+++++++++++++++++++X++++++++++++++++X++++++++++++++++++++                                                                           ]
[13:28:38] [Server thread/INFO] [minecraft/GameTestServer]: [++++++++++++++++++++++++++++++++++++++XX++++++X+++++++++++++++++++X++++++++++++++++X++++++++++++++++++++                                                                           ]
[13:28:38] [Server thread/INFO] [minecraft/GameTestServer]: [++++++++++++++++++++++++++++++++++++++XX++++++X+++++++++++++++++++X++++++++++++++++X++++++++++++++++++++                                                                           ]
[13:28:38] [Server thread/INFO] [minecraft/GameTestServer]: [++++++++++++++++++++++++++++++++++++++XX++++++X+++++++++++++++++++X++++++++++++++++X++++++++++++++++++++                                                                           ]
[13:28:38] [Server thread/INFO] [minecraft/GameTestServer]: [++++++++++++++++++++++++++++++++++++++XX++++++X+++++++++++++++++++X++++++++++++++++X++++++++++++++++++++                                                                           ]
[13:28:38] [Server thread/INFO] [minecraft/GameTestServer]: [++++++++++++++++++++++++++++++++++++++XX++++++X+++++++++++++++++++X++++++++++++++++X++++++++++++++++++++                                                                           ]
[13:28:39] [Server thread/INFO] [minecraft/GameTestServer]: [++++++++++++++++++++++++++++++++++++++XX++++++X+++++++++++++++++++X++++++++++++++++X++++++++++++++++++++                                                                           ]
[13:28:39] [Server thread/INFO] [minecraft/GameTestServer]: [++++++++++++++++++++++++++++++++++++++XX++++++X+++++++++++++++++++X++++++++++++++++X++++++++++++++++++++                                                                           ]
[13:28:40] [Server thread/WARN] [minecraft/MinecraftServer]: Can't keep up! Is the server overloaded? Running 7923ms or 158 ticks behind
[13:28:40] [Server thread/INFO] [minecraft/GameTestServer]: [++++++++++++++++++++++++++++++++++++++XX++++++X+++++++++++++++++++X++++++++++++++++X++++++++++++++++++++                                                                           ]
[13:28:42] [Server thread/INFO] [minecraft/GameTestServer]: [++++++++++++++++++++++++++++++++++++++XX++++++X+++++++++++++++++++X++++++++++++++++X++++++++++++++++++++                                                                           ]
[13:28:45] [Server thread/INFO] [minecraft/GameTestRunner]: Running test batch 'standing_stone_cancel:0' (1 tests)...
[13:28:46] [Server thread/INFO] [minecraft/GameTestServer]: [++++++++++++++++++++++++++++++++++++++XX++++++X+++++++++++++++++++X++++++++++++++++X+++++++++++++++++++++                                                                          ]
[13:28:46] [Server thread/INFO] [minecraft/GameTestServer]: [++++++++++++++++++++++++++++++++++++++XX++++++X+++++++++++++++++++X++++++++++++++++X+++++++++++++++++++++                                                                          ]
[13:28:46] [Server thread/INFO] [minecraft/GameTestServer]: [++++++++++++++++++++++++++++++++++++++XX++++++X+++++++++++++++++++X++++++++++++++++X+++++++++++++++++++++                                                                          ]
[13:28:48] [Server thread/INFO] [minecraft/GameTestServer]: [++++++++++++++++++++++++++++++++++++++XX++++++X+++++++++++++++++++X++++++++++++++++X+++++++++++++++++++++_                                                                         ]
[13:28:48] [Server thread/INFO] [minecraft/GameTestServer]: [++++++++++++++++++++++++++++++++++++++XX++++++X+++++++++++++++++++X++++++++++++++++X+++++++++++++++++++++_                                                                         ]
[13:28:48] [Server thread/INFO] [minecraft/GameTestServer]: [++++++++++++++++++++++++++++++++++++++XX++++++X+++++++++++++++++++X++++++++++++++++X+++++++++++++++++++++_                                                                         ]
[13:28:49] [Server thread/INFO] [minecraft/GameTestRunner]: Running test batch 'homebound_xp_cancel:0' (1 tests)...
[13:28:49] [Server thread/INFO] [minecraft/GameTestServer]: [++++++++++++++++++++++++++++++++++++++XX++++++X+++++++++++++++++++X++++++++++++++++X++++++++++++++++++++++                                                                         ]
[13:28:49] [Server thread/INFO] [minecraft/GameTestServer]: [++++++++++++++++++++++++++++++++++++++XX++++++X+++++++++++++++++++X++++++++++++++++X++++++++++++++++++++++                                                                         ]
[13:28:51] [Server thread/INFO] [minecraft/GameTestServer]: [++++++++++++++++++++++++++++++++++++++XX++++++X+++++++++++++++++++X++++++++++++++++X++++++++++++++++++++++                                                                         ]
[13:28:51] [Server thread/INFO] [minecraft/GameTestServer]: [++++++++++++++++++++++++++++++++++++++XX++++++X+++++++++++++++++++X++++++++++++++++X++++++++++++++++++++++                                                                         ]
[13:28:52] [Server thread/INFO] [minecraft/GameTestServer]: [++++++++++++++++++++++++++++++++++++++XX++++++X+++++++++++++++++++X++++++++++++++++X++++++++++++++++++++++                                                                         ]
[13:28:56] [Server thread/INFO] [minecraft/PlayerList]: survival-test-player[embedded] logged in with entity id 580 at (3.5, -60.0, -8.5)
[13:28:57] [Server thread/INFO] [minecraft/MinecraftServer]: survival-test-player joined the game
[13:28:59] [Server thread/INFO] [minecraft/GameTestRunner]: Running test batch 'scroll_reservation:0' (1 tests)...
[13:29:00] [Server thread/INFO] [minecraft/GameTestServer]: [++++++++++++++++++++++++++++++++++++++XX++++++X+++++++++++++++++++X++++++++++++++++X+++++++++++++++++++++++                                                                        ]
[13:29:00] [Server thread/INFO] [minecraft/GameTestServer]: [++++++++++++++++++++++++++++++++++++++XX++++++X+++++++++++++++++++X++++++++++++++++X+++++++++++++++++++++++_                                                                       ]
[13:29:00] [Server thread/WARN] [minecraft/MinecraftServer]: Can't keep up! Is the server overloaded? Running 5497ms or 109 ticks behind
[13:29:00] [Server thread/INFO] [minecraft/GameTestServer]: [++++++++++++++++++++++++++++++++++++++XX++++++X+++++++++++++++++++X++++++++++++++++X+++++++++++++++++++++++_                                                                       ]
[13:29:01] [Server thread/INFO] [minecraft/GameTestServer]: [++++++++++++++++++++++++++++++++++++++XX++++++X+++++++++++++++++++X++++++++++++++++X+++++++++++++++++++++++_                                                                       ]
[13:29:03] [Server thread/INFO] [minecraft/GameTestServer]: [++++++++++++++++++++++++++++++++++++++XX++++++X+++++++++++++++++++X++++++++++++++++X+++++++++++++++++++++++_                                                                       ]
[13:29:04] [Server thread/INFO] [minecraft/GameTestRunner]: Running test batch 'shaping_reflect:0' (1 tests)...
[13:29:04] [Server thread/INFO] [minecraft/GameTestServer]: [++++++++++++++++++++++++++++++++++++++XX++++++X+++++++++++++++++++X++++++++++++++++X++++++++++++++++++++++++                                                                       ]
[13:29:06] [Server thread/INFO] [minecraft/GameTestServer]: [++++++++++++++++++++++++++++++++++++++XX++++++X+++++++++++++++++++X++++++++++++++++X++++++++++++++++++++++++                                                                       ]
[13:29:07] [Server thread/INFO] [minecraft/GameTestServer]: [++++++++++++++++++++++++++++++++++++++XX++++++X+++++++++++++++++++X++++++++++++++++X++++++++++++++++++++++++                                                                       ]
[13:29:07] [Server thread/INFO] [minecraft/GameTestServer]: [++++++++++++++++++++++++++++++++++++++XX++++++X+++++++++++++++++++X++++++++++++++++X++++++++++++++++++++++++                                                                       ]
[13:29:07] [Server thread/INFO] [minecraft/GameTestServer]: [++++++++++++++++++++++++++++++++++++++XX++++++X+++++++++++++++++++X++++++++++++++++X++++++++++++++++++++++++                                                                       ]
[13:29:08] [Server thread/INFO] [minecraft/GameTestServer]: [++++++++++++++++++++++++++++++++++++++XX++++++X+++++++++++++++++++X++++++++++++++++X++++++++++++++++++++++++                                                                       ]
[13:29:11] [Server thread/INFO] [minecraft/GameTestServer]: [++++++++++++++++++++++++++++++++++++++XX++++++X+++++++++++++++++++X++++++++++++++++X++++++++++++++++++++++++_                                                                      ]
[13:29:12] [Server thread/INFO] [minecraft/GameTestServer]: [++++++++++++++++++++++++++++++++++++++XX++++++X+++++++++++++++++++X++++++++++++++++X++++++++++++++++++++++++_                                                                      ]
[13:29:27] [Server thread/DEBUG] [ne.ne.ne.co.CommonHooks/WP]: Gathered mod list to write to world save Test Level
[13:29:29] [Server thread/INFO] [minecraft/GameTestServer]: [++++++++++++++++++++++++++++++++++++++XX++++++X+++++++++++++++++++X++++++++++++++++X++++++++++++++++++++++++_                                                                      ]
[13:29:32] [Server thread/INFO] [minecraft/GameTestRunner]: Running test batch 'ritual_discovery:0' (1 tests)...
[13:29:32] [Server thread/INFO] [minecraft/GameTestServer]: [++++++++++++++++++++++++++++++++++++++XX++++++X+++++++++++++++++++X++++++++++++++++X+++++++++++++++++++++++++                                                                      ]
[13:29:33] [Server thread/INFO] [minecraft/GameTestServer]: [++++++++++++++++++++++++++++++++++++++XX++++++X+++++++++++++++++++X++++++++++++++++X+++++++++++++++++++++++++                                                                      ]
[13:29:34] [Server thread/INFO] [minecraft/GameTestServer]: [++++++++++++++++++++++++++++++++++++++XX++++++X+++++++++++++++++++X++++++++++++++++X+++++++++++++++++++++++++                                                                      ]
[13:29:35] [Server thread/WARN] [minecraft/MinecraftServer]: Can't keep up! Is the server overloaded? Running 19559ms or 391 ticks behind
[13:29:35] [Server thread/INFO] [minecraft/GameTestServer]: [++++++++++++++++++++++++++++++++++++++XX++++++X+++++++++++++++++++X++++++++++++++++X+++++++++++++++++++++++++                                                                      ]
[13:29:36] [Server thread/INFO] [minecraft/GameTestServer]: [++++++++++++++++++++++++++++++++++++++XX++++++X+++++++++++++++++++X++++++++++++++++X+++++++++++++++++++++++++                                                                      ]
[13:29:39] [Server thread/INFO] [minecraft/GameTestServer]: [++++++++++++++++++++++++++++++++++++++XX++++++X+++++++++++++++++++X++++++++++++++++X+++++++++++++++++++++++++_                                                                     ]
[13:29:39] [Server thread/INFO] [minecraft/GameTestServer]: [++++++++++++++++++++++++++++++++++++++XX++++++X+++++++++++++++++++X++++++++++++++++X+++++++++++++++++++++++++_                                                                     ]
[13:29:39] [Server thread/INFO] [minecraft/GameTestServer]: [++++++++++++++++++++++++++++++++++++++XX++++++X+++++++++++++++++++X++++++++++++++++X+++++++++++++++++++++++++_                                                                     ]
[13:29:41] [Server thread/INFO] [minecraft/GameTestRunner]: Running test batch 'pathfinder_typed_magic:0' (1 tests)...
[13:29:41] [Server thread/INFO] [minecraft/GameTestServer]: [++++++++++++++++++++++++++++++++++++++XX++++++X+++++++++++++++++++X++++++++++++++++X++++++++++++++++++++++++++                                                                     ]
[13:29:41] [Server thread/INFO] [minecraft/GameTestServer]: [++++++++++++++++++++++++++++++++++++++XX++++++X+++++++++++++++++++X++++++++++++++++X++++++++++++++++++++++++++                                                                     ]
[13:29:42] [Server thread/INFO] [minecraft/GameTestServer]: [++++++++++++++++++++++++++++++++++++++XX++++++X+++++++++++++++++++X++++++++++++++++X++++++++++++++++++++++++++                                                                     ]
[13:29:43] [Server thread/INFO] [minecraft/GameTestServer]: [++++++++++++++++++++++++++++++++++++++XX++++++X+++++++++++++++++++X++++++++++++++++X++++++++++++++++++++++++++                                                                     ]
[13:29:49] [Server thread/INFO] [minecraft/GameTestRunner]: Running test batch 'leyline_layer_limits:0' (1 tests)...
[13:29:52] [Server thread/INFO] [minecraft/GameTestServer]: [++++++++++++++++++++++++++++++++++++++XX++++++X+++++++++++++++++++X++++++++++++++++X+++++++++++++++++++++++++++                                                                    ]
[13:29:53] [Server thread/INFO] [minecraft/GameTestServer]: [++++++++++++++++++++++++++++++++++++++XX++++++X+++++++++++++++++++X++++++++++++++++X+++++++++++++++++++++++++++                                                                    ]
[13:29:53] [Server thread/INFO] [minecraft/GameTestServer]: [++++++++++++++++++++++++++++++++++++++XX++++++X+++++++++++++++++++X++++++++++++++++X+++++++++++++++++++++++++++                                                                    ]
[13:29:54] [Server thread/INFO] [minecraft/GameTestServer]: [++++++++++++++++++++++++++++++++++++++XX++++++X+++++++++++++++++++X++++++++++++++++X+++++++++++++++++++++++++++                                                                    ]
[13:29:54] [Server thread/INFO] [minecraft/GameTestServer]: [++++++++++++++++++++++++++++++++++++++XX++++++X+++++++++++++++++++X++++++++++++++++X+++++++++++++++++++++++++++                                                                    ]
[13:29:54] [Server thread/INFO] [minecraft/GameTestServer]: [++++++++++++++++++++++++++++++++++++++XX++++++X+++++++++++++++++++X++++++++++++++++X+++++++++++++++++++++++++++                                                                    ]
[13:29:54] [Server thread/WARN] [minecraft/MinecraftServer]: Can't keep up! Is the server overloaded? Running 4653ms or 93 ticks behind
[13:29:55] [Server thread/INFO] [minecraft/GameTestServer]: [++++++++++++++++++++++++++++++++++++++XX++++++X+++++++++++++++++++X++++++++++++++++X+++++++++++++++++++++++++++                                                                    ]
[13:29:56] [Server thread/INFO] [minecraft/GameTestServer]: [++++++++++++++++++++++++++++++++++++++XX++++++X+++++++++++++++++++X++++++++++++++++X+++++++++++++++++++++++++++                                                                    ]
[13:29:57] [Server thread/INFO] [minecraft/GameTestServer]: [++++++++++++++++++++++++++++++++++++++XX++++++X+++++++++++++++++++X++++++++++++++++X+++++++++++++++++++++++++++                                                                    ]
[13:29:57] [Server thread/INFO] [minecraft/GameTestServer]: [++++++++++++++++++++++++++++++++++++++XX++++++X+++++++++++++++++++X++++++++++++++++X+++++++++++++++++++++++++++                                                                    ]
[13:29:58] [Server thread/INFO] [minecraft/GameTestServer]: [++++++++++++++++++++++++++++++++++++++XX++++++X+++++++++++++++++++X++++++++++++++++X+++++++++++++++++++++++++++                                                                    ]
[13:29:59] [Server thread/INFO] [minecraft/GameTestServer]: [++++++++++++++++++++++++++++++++++++++XX++++++X+++++++++++++++++++X++++++++++++++++X+++++++++++++++++++++++++++                                                                    ]
[13:30:02] [Server thread/INFO] [minecraft/GameTestServer]: [++++++++++++++++++++++++++++++++++++++XX++++++X+++++++++++++++++++X++++++++++++++++X+++++++++++++++++++++++++++                                                                    ]
[13:30:02] [Server thread/INFO] [minecraft/GameTestServer]: [++++++++++++++++++++++++++++++++++++++XX++++++X+++++++++++++++++++X++++++++++++++++X+++++++++++++++++++++++++++                                                                    ]
[13:30:03] [Server thread/INFO] [minecraft/GameTestServer]: [++++++++++++++++++++++++++++++++++++++XX++++++X+++++++++++++++++++X++++++++++++++++X+++++++++++++++++++++++++++                                                                    ]
[13:30:04] [Server thread/INFO] [minecraft/GameTestServer]: [++++++++++++++++++++++++++++++++++++++XX++++++X+++++++++++++++++++X++++++++++++++++X+++++++++++++++++++++++++++                                                                    ]
[13:30:04] [Server thread/INFO] [minecraft/GameTestServer]: [++++++++++++++++++++++++++++++++++++++XX++++++X+++++++++++++++++++X++++++++++++++++X+++++++++++++++++++++++++++                                                                    ]
[13:30:06] [Server thread/INFO] [minecraft/GameTestServer]: [++++++++++++++++++++++++++++++++++++++XX++++++X+++++++++++++++++++X++++++++++++++++X+++++++++++++++++++++++++++                                                                    ]
[13:30:07] [Server thread/INFO] [minecraft/GameTestServer]: [++++++++++++++++++++++++++++++++++++++XX++++++X+++++++++++++++++++X++++++++++++++++X+++++++++++++++++++++++++++                                                                    ]
[13:30:08] [Server thread/INFO] [minecraft/GameTestServer]: [++++++++++++++++++++++++++++++++++++++XX++++++X+++++++++++++++++++X++++++++++++++++X+++++++++++++++++++++++++++                                                                    ]
[13:30:10] [Server thread/INFO] [minecraft/GameTestRunner]: Running test batch 'pathfinder_push:0' (1 tests)...
[13:30:11] [Server thread/INFO] [minecraft/GameTestServer]: [++++++++++++++++++++++++++++++++++++++XX++++++X+++++++++++++++++++X++++++++++++++++X++++++++++++++++++++++++++++                                                                   ]
[13:30:14] [Server thread/WARN] [minecraft/MinecraftServer]: Can't keep up! Is the server overloaded? Running 4727ms or 94 ticks behind
[13:30:14] [Server thread/INFO] [minecraft/GameTestServer]: [++++++++++++++++++++++++++++++++++++++XX++++++X+++++++++++++++++++X++++++++++++++++X++++++++++++++++++++++++++++_                                                                  ]
[13:30:16] [Server thread/INFO] [minecraft/GameTestRunner]: Running test batch 'utility_shape:0' (1 tests)...
[13:30:16] [Server thread/INFO] [minecraft/GameTestServer]: [++++++++++++++++++++++++++++++++++++++XX++++++X+++++++++++++++++++X++++++++++++++++X+++++++++++++++++++++++++++++                                                                  ]
[13:30:19] [Server thread/INFO] [minecraft/GameTestRunner]: Running test batch 'formation_tree:0' (1 tests)...
[13:30:20] [Server thread/INFO] [minecraft/GameTestServer]: [++++++++++++++++++++++++++++++++++++++XX++++++X+++++++++++++++++++X++++++++++++++++X++++++++++++++++++++++++++++++                                                                 ]
[13:30:22] [Server thread/INFO] [minecraft/GameTestServer]: [++++++++++++++++++++++++++++++++++++++XX++++++X+++++++++++++++++++X++++++++++++++++X++++++++++++++++++++++++++++++_                                                                ]
[13:30:23] [Server thread/INFO] [minecraft/GameTestServer]: [++++++++++++++++++++++++++++++++++++++XX++++++X+++++++++++++++++++X++++++++++++++++X++++++++++++++++++++++++++++++_                                                                ]
[13:30:25] [Server thread/INFO] [minecraft/GameTestServer]: [++++++++++++++++++++++++++++++++++++++XX++++++X+++++++++++++++++++X++++++++++++++++X++++++++++++++++++++++++++++++_                                                                ]
[13:30:26] [Server thread/INFO] [minecraft/GameTestServer]: [++++++++++++++++++++++++++++++++++++++XX++++++X+++++++++++++++++++X++++++++++++++++X++++++++++++++++++++++++++++++_                                                                ]
[13:30:27] [Server thread/INFO] [minecraft/GameTestServer]: [++++++++++++++++++++++++++++++++++++++XX++++++X+++++++++++++++++++X++++++++++++++++X++++++++++++++++++++++++++++++_                                                                ]
[13:30:28] [Server thread/INFO] [minecraft/GameTestServer]: [++++++++++++++++++++++++++++++++++++++XX++++++X+++++++++++++++++++X++++++++++++++++X++++++++++++++++++++++++++++++_                                                                ]
[13:30:28] [Server thread/INFO] [minecraft/GameTestServer]: [++++++++++++++++++++++++++++++++++++++XX++++++X+++++++++++++++++++X++++++++++++++++X++++++++++++++++++++++++++++++_                                                                ]
[13:30:28] [Server thread/INFO] [minecraft/GameTestServer]: [++++++++++++++++++++++++++++++++++++++XX++++++X+++++++++++++++++++X++++++++++++++++X++++++++++++++++++++++++++++++_                                                                ]
[13:30:29] [Server thread/INFO] [minecraft/GameTestServer]: [++++++++++++++++++++++++++++++++++++++XX++++++X+++++++++++++++++++X++++++++++++++++X++++++++++++++++++++++++++++++_                                                                ]
[13:30:30] [Server thread/INFO] [minecraft/GameTestServer]: [++++++++++++++++++++++++++++++++++++++XX++++++X+++++++++++++++++++X++++++++++++++++X++++++++++++++++++++++++++++++_                                                                ]
[13:30:31] [Server thread/INFO] [minecraft/GameTestServer]: [++++++++++++++++++++++++++++++++++++++XX++++++X+++++++++++++++++++X++++++++++++++++X++++++++++++++++++++++++++++++_                                                                ]
[13:30:32] [Server thread/INFO] [minecraft/GameTestServer]: [++++++++++++++++++++++++++++++++++++++XX++++++X+++++++++++++++++++X++++++++++++++++X++++++++++++++++++++++++++++++_                                                                ]
[13:30:32] [Server thread/INFO] [minecraft/GameTestRunner]: Running test batch 'fields:0' (1 tests)...
[13:30:32] [Server thread/WARN] [minecraft/MinecraftServer]: Can't keep up! Is the server overloaded? Running 3024ms or 60 ticks behind
[13:30:32] [Server thread/INFO] [minecraft/GameTestServer]: [++++++++++++++++++++++++++++++++++++++XX++++++X+++++++++++++++++++X++++++++++++++++X+++++++++++++++++++++++++++++++                                                                ]
[13:30:33] [Server thread/INFO] [minecraft/GameTestServer]: [++++++++++++++++++++++++++++++++++++++XX++++++X+++++++++++++++++++X++++++++++++++++X+++++++++++++++++++++++++++++++_                                                               ]
[13:30:35] [Server thread/INFO] [minecraft/GameTestServer]: [++++++++++++++++++++++++++++++++++++++XX++++++X+++++++++++++++++++X++++++++++++++++X+++++++++++++++++++++++++++++++_                                                               ]
[13:30:35] [Server thread/INFO] [minecraft/GameTestServer]: [++++++++++++++++++++++++++++++++++++++XX++++++X+++++++++++++++++++X++++++++++++++++X+++++++++++++++++++++++++++++++_                                                               ]
[13:30:36] [Server thread/INFO] [minecraft/GameTestServer]: [++++++++++++++++++++++++++++++++++++++XX++++++X+++++++++++++++++++X++++++++++++++++X+++++++++++++++++++++++++++++++_                                                               ]
[13:30:37] [Server thread/INFO] [minecraft/GameTestServer]: [++++++++++++++++++++++++++++++++++++++XX++++++X+++++++++++++++++++X++++++++++++++++X+++++++++++++++++++++++++++++++_                                                               ]
[13:30:39] [Server thread/INFO] [minecraft/GameTestServer]: [++++++++++++++++++++++++++++++++++++++XX++++++X+++++++++++++++++++X++++++++++++++++X+++++++++++++++++++++++++++++++_                                                               ]
[13:30:40] [Server thread/INFO] [minecraft/Villager]: Villager Villager['Villager'/639, l='ServerLevel[Test Level]', x=-1162644.50, y=-59.00, z=1167514.50] died, message: 'Villager was killed by Villager using magic'
[13:30:41] [Server thread/INFO] [minecraft/GameTestRunner]: Running test batch 'scroll_dismantling:0' (1 tests)...
[13:30:42] [Server thread/INFO] [minecraft/GameTestServer]: [++++++++++++++++++++++++++++++++++++++XX++++++X+++++++++++++++++++X++++++++++++++++X++++++++++++++++++++++++++++++++                                                               ]
[13:30:42] [Server thread/INFO] [minecraft/GameTestServer]: [++++++++++++++++++++++++++++++++++++++XX++++++X+++++++++++++++++++X++++++++++++++++X++++++++++++++++++++++++++++++++                                                               ]
[13:30:43] [Server thread/INFO] [minecraft/GameTestServer]: [++++++++++++++++++++++++++++++++++++++XX++++++X+++++++++++++++++++X++++++++++++++++X++++++++++++++++++++++++++++++++                                                               ]
[13:30:43] [Server thread/INFO] [minecraft/GameTestServer]: [++++++++++++++++++++++++++++++++++++++XX++++++X+++++++++++++++++++X++++++++++++++++X++++++++++++++++++++++++++++++++                                                               ]
[13:30:45] [Server thread/INFO] [minecraft/GameTestServer]: [++++++++++++++++++++++++++++++++++++++XX++++++X+++++++++++++++++++X++++++++++++++++X++++++++++++++++++++++++++++++++                                                               ]
[13:30:45] [Server thread/INFO] [minecraft/GameTestServer]: [++++++++++++++++++++++++++++++++++++++XX++++++X+++++++++++++++++++X++++++++++++++++X++++++++++++++++++++++++++++++++                                                               ]
[13:30:47] [Server thread/INFO] [minecraft/GameTestServer]: [++++++++++++++++++++++++++++++++++++++XX++++++X+++++++++++++++++++X++++++++++++++++X++++++++++++++++++++++++++++++++                                                               ]
[13:30:47] [Server thread/INFO] [minecraft/GameTestServer]: [++++++++++++++++++++++++++++++++++++++XX++++++X+++++++++++++++++++X++++++++++++++++X++++++++++++++++++++++++++++++++                                                               ]
[13:30:48] [Server thread/INFO] [minecraft/GameTestServer]: [++++++++++++++++++++++++++++++++++++++XX++++++X+++++++++++++++++++X++++++++++++++++X++++++++++++++++++++++++++++++++                                                               ]
[13:30:48] [Server thread/INFO] [minecraft/GameTestServer]: [++++++++++++++++++++++++++++++++++++++XX++++++X+++++++++++++++++++X++++++++++++++++X++++++++++++++++++++++++++++++++                                                               ]
[13:30:49] [Server thread/INFO] [minecraft/GameTestServer]: [++++++++++++++++++++++++++++++++++++++XX++++++X+++++++++++++++++++X++++++++++++++++X++++++++++++++++++++++++++++++++                                                               ]
[13:30:53] [Server thread/INFO] [minecraft/GameTestRunner]: Running test batch 'formation_obstruction:0' (1 tests)...
[13:30:53] [Server thread/WARN] [minecraft/MinecraftServer]: Can't keep up! Is the server overloaded? Running 3215ms or 64 ticks behind
[13:30:54] [Server thread/INFO] [minecraft/GameTestServer]: [++++++++++++++++++++++++++++++++++++++XX++++++X+++++++++++++++++++X++++++++++++++++X+++++++++++++++++++++++++++++++++                                                              ]
[13:31:02] [Server thread/INFO] [minecraft/GameTestRunner]: Running test batch 'standing_stones:0' (10 tests)...
[13:31:03] [Server thread/INFO] [minecraft/GameTestServer]: [++++++++++++++++++++++++++++++++++++++XX++++++X+++++++++++++++++++X++++++++++++++++X++++++++++++++++++++++++++++++++++                                                             ]
[13:31:03] [Server thread/INFO] [minecraft/GameTestServer]: [++++++++++++++++++++++++++++++++++++++XX++++++X+++++++++++++++++++X++++++++++++++++X++++++++++++++++++++++++++++++++++                                                             ]
[13:31:03] [Server thread/INFO] [minecraft/GameTestServer]: [++++++++++++++++++++++++++++++++++++++XX++++++X+++++++++++++++++++X++++++++++++++++X++++++++++++++++++++++++++++++++++                                                             ]
[13:31:03] [Server thread/INFO] [minecraft/GameTestServer]: [++++++++++++++++++++++++++++++++++++++XX++++++X+++++++++++++++++++X++++++++++++++++X++++++++++++++++++++++++++++++++++                                                             ]
[13:31:04] [Server thread/INFO] [minecraft/GameTestServer]: [++++++++++++++++++++++++++++++++++++++XX++++++X+++++++++++++++++++X++++++++++++++++X++++++++++++++++++++++++++++++++++                                                             ]
[13:31:04] [Server thread/INFO] [minecraft/GameTestServer]: [++++++++++++++++++++++++++++++++++++++XX++++++X+++++++++++++++++++X++++++++++++++++X++++++++++++++++++++++++++++++++++                                                             ]
[13:31:05] [Server thread/INFO] [minecraft/GameTestServer]: [++++++++++++++++++++++++++++++++++++++XX++++++X+++++++++++++++++++X++++++++++++++++X++++++++++++++++++++++++++++++++++                                                             ]
[13:31:05] [Server thread/INFO] [minecraft/GameTestServer]: [++++++++++++++++++++++++++++++++++++++XX++++++X+++++++++++++++++++X++++++++++++++++X++++++++++++++++++++++++++++++++++                                                             ]
[13:31:06] [Server thread/INFO] [minecraft/GameTestServer]: [++++++++++++++++++++++++++++++++++++++XX++++++X+++++++++++++++++++X++++++++++++++++X++++++++++++++++++++++++++++++++++                                                             ]
[13:31:06] [Server thread/INFO] [minecraft/GameTestServer]: [++++++++++++++++++++++++++++++++++++++XX++++++X+++++++++++++++++++X++++++++++++++++X++++++++++++++++++++++++++++++++++                                                             ]
[13:31:06] [Server thread/INFO] [minecraft/GameTestServer]: [++++++++++++++++++++++++++++++++++++++XX++++++X+++++++++++++++++++X++++++++++++++++X++++++++++++++++++++++++++++++++++                                                             ]
[13:31:06] [Server thread/INFO] [minecraft/GameTestServer]: [++++++++++++++++++++++++++++++++++++++XX++++++X+++++++++++++++++++X++++++++++++++++X++++++++++++++++++++++++++++++++++                                                             ]
[13:31:07] [Server thread/INFO] [minecraft/GameTestServer]: [++++++++++++++++++++++++++++++++++++++XX++++++X+++++++++++++++++++X++++++++++++++++X++++++++++++++++++++++++++++++++++                                                             ]
[13:31:20] [Server thread/INFO] [minecraft/PlayerList]: test-mock-player[embedded] logged in with entity id 646 at (-8.5, -60.0, 2.5)
[13:31:20] [Server thread/INFO] [minecraft/MinecraftServer]: test-mock-player joined the game
[13:31:21] [Server thread/INFO] [minecraft/GameTestServer]: [++++++++++++++++++++++++++++++++++++++XX++++++X+++++++++++++++++++X++++++++++++++++X++++++++++++++++++++++++++++++++++++   ++                                                      ]
[13:31:21] [Server thread/INFO] [minecraft/PlayerList]: test-mock-player[embedded] logged in with entity id 649 at (4.5, -60.0, -4.5)
[13:31:22] [Server thread/INFO] [minecraft/MinecraftServer]: test-mock-player joined the game
[13:31:24] [Server thread/INFO] [minecraft/PlayerList]: test-mock-player[embedded] logged in with entity id 650 at (8.5, -60.0, 1.5)
[13:31:24] [Server thread/INFO] [minecraft/MinecraftServer]: test-mock-player joined the game
[13:31:24] [Server thread/INFO] [minecraft/PlayerList]: test-mock-player[embedded] logged in with entity id 651 at (-0.5, -60.0, 2.5)
[13:31:24] [Server thread/INFO] [minecraft/MinecraftServer]: test-mock-player joined the game
[13:31:25] [Server thread/INFO] [minecraft/GameTestRunner]: Running test batch 'apparatus_column_sockets:0' (1 tests)...
[13:31:25] [Server thread/WARN] [minecraft/MinecraftServer]: Can't keep up! Is the server overloaded? Running 17207ms or 344 ticks behind
[13:31:27] [kithkyn-llama-launcher/INFO] [co.qu.ki.Kithkyn/]: Llama-3.2-3B-Instruct ready (2019 MB)
[13:31:29] [Server thread/INFO] [minecraft/GameTestServer]: [++++++++++++++++++++++++++++++++++++++XX++++++X+++++++++++++++++++X++++++++++++++++X++++++++++++++++++++++++++++++++++++++++++++                                                   ]
[13:31:29] [Server thread/INFO] [minecraft/GameTestServer]: [++++++++++++++++++++++++++++++++++++++XX++++++X+++++++++++++++++++X++++++++++++++++X++++++++++++++++++++++++++++++++++++++++++++                                                   ]
[13:31:31] [Server thread/INFO] [minecraft/GameTestRunner]: Running test batch 'spellshaping_colored_concrete:0' (1 tests)...
[13:31:31] [Server thread/INFO] [minecraft/GameTestServer]: [++++++++++++++++++++++++++++++++++++++XX++++++X+++++++++++++++++++X++++++++++++++++X+++++++++++++++++++++++++++++++++++++++++++++                                                  ]
[13:31:31] [Server thread/INFO] [minecraft/GameTestServer]: [++++++++++++++++++++++++++++++++++++++XX++++++X+++++++++++++++++++X++++++++++++++++X+++++++++++++++++++++++++++++++++++++++++++++                                                  ]
[13:31:31] [Server thread/INFO] [minecraft/GameTestServer]: [++++++++++++++++++++++++++++++++++++++XX++++++X+++++++++++++++++++X++++++++++++++++X+++++++++++++++++++++++++++++++++++++++++++++                                                  ]
[13:31:31] [Server thread/INFO] [minecraft/GameTestServer]: [++++++++++++++++++++++++++++++++++++++XX++++++X+++++++++++++++++++X++++++++++++++++X+++++++++++++++++++++++++++++++++++++++++++++_                                                 ]
[13:31:31] [Server thread/INFO] [minecraft/GameTestServer]: [++++++++++++++++++++++++++++++++++++++XX++++++X+++++++++++++++++++X++++++++++++++++X+++++++++++++++++++++++++++++++++++++++++++++_                                                 ]
[13:31:33] [Server thread/INFO] [minecraft/GameTestServer]: [++++++++++++++++++++++++++++++++++++++XX++++++X+++++++++++++++++++X++++++++++++++++X+++++++++++++++++++++++++++++++++++++++++++++_                                                 ]
[13:31:33] [Server thread/INFO] [minecraft/GameTestServer]: [++++++++++++++++++++++++++++++++++++++XX++++++X+++++++++++++++++++X++++++++++++++++X+++++++++++++++++++++++++++++++++++++++++++++_                                                 ]
[13:31:35] [Server thread/INFO] [minecraft/GameTestRunner]: Running test batch 'pathfinder_life:0' (1 tests)...
[13:31:36] [Server thread/INFO] [minecraft/GameTestServer]: [++++++++++++++++++++++++++++++++++++++XX++++++X+++++++++++++++++++X++++++++++++++++X++++++++++++++++++++++++++++++++++++++++++++++                                                 ]
[13:31:38] [Server thread/INFO] [minecraft/GameTestServer]: [++++++++++++++++++++++++++++++++++++++XX++++++X+++++++++++++++++++X++++++++++++++++X++++++++++++++++++++++++++++++++++++++++++++++                                                 ]
[13:31:38] [Server thread/INFO] [minecraft/GameTestServer]: [++++++++++++++++++++++++++++++++++++++XX++++++X+++++++++++++++++++X++++++++++++++++X++++++++++++++++++++++++++++++++++++++++++++++                                                 ]
[13:31:38] [Server thread/INFO] [minecraft/GameTestServer]: [++++++++++++++++++++++++++++++++++++++XX++++++X+++++++++++++++++++X++++++++++++++++X++++++++++++++++++++++++++++++++++++++++++++++                                                 ]
[13:31:39] [Server thread/INFO] [minecraft/GameTestServer]: [++++++++++++++++++++++++++++++++++++++XX++++++X+++++++++++++++++++X++++++++++++++++X++++++++++++++++++++++++++++++++++++++++++++++                                                 ]
[13:31:39] [Server thread/INFO] [minecraft/GameTestServer]: [++++++++++++++++++++++++++++++++++++++XX++++++X+++++++++++++++++++X++++++++++++++++X++++++++++++++++++++++++++++++++++++++++++++++                                                 ]
[13:31:41] [Server thread/INFO] [minecraft/GameTestServer]: [++++++++++++++++++++++++++++++++++++++XX++++++X+++++++++++++++++++X++++++++++++++++X++++++++++++++++++++++++++++++++++++++++++++++_                                                ]
[13:31:41] [Server thread/INFO] [minecraft/GameTestServer]: [++++++++++++++++++++++++++++++++++++++XX++++++X+++++++++++++++++++X++++++++++++++++X++++++++++++++++++++++++++++++++++++++++++++++_                                                ]
[13:31:43] [Server thread/INFO] [minecraft/GameTestServer]: [++++++++++++++++++++++++++++++++++++++XX++++++X+++++++++++++++++++X++++++++++++++++X++++++++++++++++++++++++++++++++++++++++++++++_                                                ]
[13:31:45] [Server thread/INFO] [minecraft/GameTestServer]: [++++++++++++++++++++++++++++++++++++++XX++++++X+++++++++++++++++++X++++++++++++++++X++++++++++++++++++++++++++++++++++++++++++++++_                                                ]
[13:31:45] [Server thread/INFO] [minecraft/GameTestServer]: [++++++++++++++++++++++++++++++++++++++XX++++++X+++++++++++++++++++X++++++++++++++++X++++++++++++++++++++++++++++++++++++++++++++++_                                                ]
[13:31:46] [Server thread/INFO] [minecraft/GameTestServer]: [++++++++++++++++++++++++++++++++++++++XX++++++X+++++++++++++++++++X++++++++++++++++X++++++++++++++++++++++++++++++++++++++++++++++_                                                ]
[13:31:47] [Server thread/INFO] [minecraft/GameTestServer]: [++++++++++++++++++++++++++++++++++++++XX++++++X+++++++++++++++++++X++++++++++++++++X++++++++++++++++++++++++++++++++++++++++++++++_                                                ]
[13:31:47] [Server thread/INFO] [minecraft/GameTestRunner]: Running test batch 'homebound_crafting:0' (1 tests)...
[13:31:48] [Server thread/INFO] [minecraft/GameTestServer]: [++++++++++++++++++++++++++++++++++++++XX++++++X+++++++++++++++++++X++++++++++++++++X+++++++++++++++++++++++++++++++++++++++++++++++                                                ]
[13:31:49] [Server thread/INFO] [minecraft/GameTestServer]: [++++++++++++++++++++++++++++++++++++++XX++++++X+++++++++++++++++++X++++++++++++++++X+++++++++++++++++++++++++++++++++++++++++++++++_                                               ]
[13:31:50] [Server thread/INFO] [minecraft/GameTestServer]: [++++++++++++++++++++++++++++++++++++++XX++++++X+++++++++++++++++++X++++++++++++++++X+++++++++++++++++++++++++++++++++++++++++++++++_                                               ]
[13:31:51] [Server thread/INFO] [minecraft/GameTestServer]: [++++++++++++++++++++++++++++++++++++++XX++++++X+++++++++++++++++++X++++++++++++++++X+++++++++++++++++++++++++++++++++++++++++++++++_                                               ]
[13:31:51] [Server thread/INFO] [minecraft/GameTestRunner]: Running test batch 'apparatus_underwater_ritual:0' (1 tests)...
[13:31:52] [Server thread/INFO] [minecraft/GameTestServer]: [++++++++++++++++++++++++++++++++++++++XX++++++X+++++++++++++++++++X++++++++++++++++X++++++++++++++++++++++++++++++++++++++++++++++++                                               ]
[13:31:52] [Server thread/INFO] [minecraft/GameTestServer]: [++++++++++++++++++++++++++++++++++++++XX++++++X+++++++++++++++++++X++++++++++++++++X++++++++++++++++++++++++++++++++++++++++++++++++_                                              ]
[13:31:54] [Server thread/INFO] [minecraft/GameTestServer]: [++++++++++++++++++++++++++++++++++++++XX++++++X+++++++++++++++++++X++++++++++++++++X++++++++++++++++++++++++++++++++++++++++++++++++_                                              ]
[13:31:55] [Server thread/INFO] [minecraft/GameTestServer]: [++++++++++++++++++++++++++++++++++++++XX++++++X+++++++++++++++++++X++++++++++++++++X++++++++++++++++++++++++++++++++++++++++++++++++_                                              ]
[13:31:56] [Server thread/INFO] [minecraft/GameTestRunner]: Running test batch 'formation_images:0' (1 tests)...
[13:31:56] [Server thread/INFO] [minecraft/GameTestServer]: [++++++++++++++++++++++++++++++++++++++XX++++++X+++++++++++++++++++X++++++++++++++++X+++++++++++++++++++++++++++++++++++++++++++++++++                                              ]
[13:31:56] [Server thread/INFO] [minecraft/GameTestServer]: [++++++++++++++++++++++++++++++++++++++XX++++++X+++++++++++++++++++X++++++++++++++++X+++++++++++++++++++++++++++++++++++++++++++++++++                                              ]
[13:31:57] [Server thread/INFO] [minecraft/GameTestRunner]: Running test batch 'ice_rise:0' (1 tests)...
[13:31:58] [Server thread/INFO] [minecraft/GameTestServer]: [++++++++++++++++++++++++++++++++++++++XX++++++X+++++++++++++++++++X++++++++++++++++X++++++++++++++++++++++++++++++++++++++++++++++++++                                             ]
[13:31:59] [Server thread/INFO] [minecraft/GameTestServer]: [++++++++++++++++++++++++++++++++++++++XX++++++X+++++++++++++++++++X++++++++++++++++X++++++++++++++++++++++++++++++++++++++++++++++++++_                                            ]
[13:31:59] [Server thread/INFO] [minecraft/GameTestServer]: [++++++++++++++++++++++++++++++++++++++XX++++++X+++++++++++++++++++X++++++++++++++++X++++++++++++++++++++++++++++++++++++++++++++++++++_                                            ]
[13:32:01] [Server thread/INFO] [minecraft/GameTestServer]: [++++++++++++++++++++++++++++++++++++++XX++++++X+++++++++++++++++++X++++++++++++++++X++++++++++++++++++++++++++++++++++++++++++++++++++_                                            ]
[13:32:01] [Server thread/INFO] [minecraft/GameTestServer]: [++++++++++++++++++++++++++++++++++++++XX++++++X+++++++++++++++++++X++++++++++++++++X++++++++++++++++++++++++++++++++++++++++++++++++++_                                            ]
[13:32:03] [Server thread/INFO] [minecraft/GameTestServer]: [++++++++++++++++++++++++++++++++++++++XX++++++X+++++++++++++++++++X++++++++++++++++X++++++++++++++++++++++++++++++++++++++++++++++++++_                                            ]
[13:32:04] [Server thread/INFO] [minecraft/GameTestServer]: [++++++++++++++++++++++++++++++++++++++XX++++++X+++++++++++++++++++X++++++++++++++++X++++++++++++++++++++++++++++++++++++++++++++++++++_                                            ]
[13:32:05] [Server thread/INFO] [minecraft/GameTestServer]: [++++++++++++++++++++++++++++++++++++++XX++++++X+++++++++++++++++++X++++++++++++++++X++++++++++++++++++++++++++++++++++++++++++++++++++_                                            ]
[13:32:06] [Server thread/INFO] [minecraft/GameTestServer]: [++++++++++++++++++++++++++++++++++++++XX++++++X+++++++++++++++++++X++++++++++++++++X++++++++++++++++++++++++++++++++++++++++++++++++++_                                            ]
[13:32:06] [Server thread/INFO] [minecraft/GameTestServer]: [++++++++++++++++++++++++++++++++++++++XX++++++X+++++++++++++++++++X++++++++++++++++X++++++++++++++++++++++++++++++++++++++++++++++++++_                                            ]
[13:32:07] [Server thread/INFO] [minecraft/GameTestServer]: [++++++++++++++++++++++++++++++++++++++XX++++++X+++++++++++++++++++X++++++++++++++++X++++++++++++++++++++++++++++++++++++++++++++++++++_                                            ]
[13:32:09] [Server thread/INFO] [minecraft/GameTestServer]: [++++++++++++++++++++++++++++++++++++++XX++++++X+++++++++++++++++++X++++++++++++++++X++++++++++++++++++++++++++++++++++++++++++++++++++_                                            ]
[13:32:09] [Server thread/INFO] [minecraft/GameTestServer]: [++++++++++++++++++++++++++++++++++++++XX++++++X+++++++++++++++++++X++++++++++++++++X++++++++++++++++++++++++++++++++++++++++++++++++++_                                            ]
[13:32:10] [Server thread/INFO] [minecraft/GameTestRunner]: Running test batch 'ritual_advanced:0' (1 tests)...
[13:32:10] [Server thread/INFO] [minecraft/GameTestServer]: [++++++++++++++++++++++++++++++++++++++XX++++++X+++++++++++++++++++X++++++++++++++++X+++++++++++++++++++++++++++++++++++++++++++++++++++                                            ]
[13:32:11] [Server thread/INFO] [minecraft/GameTestServer]: [++++++++++++++++++++++++++++++++++++++XX++++++X+++++++++++++++++++X++++++++++++++++X+++++++++++++++++++++++++++++++++++++++++++++++++++_                                           ]
[13:32:13] [Server thread/INFO] [minecraft/GameTestServer]: [++++++++++++++++++++++++++++++++++++++XX++++++X+++++++++++++++++++X++++++++++++++++X+++++++++++++++++++++++++++++++++++++++++++++++++++_                                           ]
[13:32:13] [Server thread/INFO] [minecraft/GameTestServer]: [++++++++++++++++++++++++++++++++++++++XX++++++X+++++++++++++++++++X++++++++++++++++X+++++++++++++++++++++++++++++++++++++++++++++++++++_                                           ]
[13:32:14] [Server thread/INFO] [minecraft/GameTestServer]: [++++++++++++++++++++++++++++++++++++++XX++++++X+++++++++++++++++++X++++++++++++++++X+++++++++++++++++++++++++++++++++++++++++++++++++++_                                           ]
[13:32:15] [Server thread/INFO] [minecraft/GameTestServer]: [++++++++++++++++++++++++++++++++++++++XX++++++X+++++++++++++++++++X++++++++++++++++X+++++++++++++++++++++++++++++++++++++++++++++++++++_                                           ]
[13:32:15] [Server thread/INFO] [minecraft/GameTestServer]: [++++++++++++++++++++++++++++++++++++++XX++++++X+++++++++++++++++++X++++++++++++++++X+++++++++++++++++++++++++++++++++++++++++++++++++++_                                           ]
[13:32:16] [Server thread/INFO] [minecraft/GameTestRunner]: Running test batch 'balance_healing:0' (2 tests)...
[13:32:16] [Server thread/INFO] [minecraft/GameTestServer]: [++++++++++++++++++++++++++++++++++++++XX++++++X+++++++++++++++++++X++++++++++++++++X++++++++++++++++++++++++++++++++++++++++++++++++++++                                           ]
[13:32:17] [Server thread/INFO] [minecraft/GameTestServer]: [++++++++++++++++++++++++++++++++++++++XX++++++X+++++++++++++++++++X++++++++++++++++X++++++++++++++++++++++++++++++++++++++++++++++++++++                                           ]
[13:32:17] [Server thread/INFO] [minecraft/GameTestServer]: [++++++++++++++++++++++++++++++++++++++XX++++++X+++++++++++++++++++X++++++++++++++++X++++++++++++++++++++++++++++++++++++++++++++++++++++                                           ]
[13:32:17] [Server thread/INFO] [minecraft/Villager]: Villager Villager['Villager'/740, l='ServerLevel[Test Level]', x=-1162668.50, y=-59.00, z=1167559.50] died, message: 'Villager was killed by Villager using magic'
[13:32:17] [Server thread/INFO] [minecraft/GameTestServer]: [++++++++++++++++++++++++++++++++++++++XX++++++X+++++++++++++++++++X++++++++++++++++X++++++++++++++++++++++++++++++++++++++++++++++++++++__                                         ]
[13:32:17] [Server thread/INFO] [minecraft/GameTestServer]: [++++++++++++++++++++++++++++++++++++++XX++++++X+++++++++++++++++++X++++++++++++++++X++++++++++++++++++++++++++++++++++++++++++++++++++++__                                         ]
[13:32:18] [Server thread/INFO] [minecraft/GameTestServer]: [++++++++++++++++++++++++++++++++++++++XX++++++X+++++++++++++++++++X++++++++++++++++X++++++++++++++++++++++++++++++++++++++++++++++++++++__                                         ]
[13:32:18] [Server thread/INFO] [minecraft/GameTestServer]: [++++++++++++++++++++++++++++++++++++++XX++++++X+++++++++++++++++++X++++++++++++++++X+++++++++++++++++++++++++++++++++++++++++++++++++++++_                                         ]
[13:32:18] [Server thread/INFO] [minecraft/GameTestServer]: [++++++++++++++++++++++++++++++++++++++XX++++++X+++++++++++++++++++X++++++++++++++++X+++++++++++++++++++++++++++++++++++++++++++++++++++++_                                         ]
[13:32:18] [Server thread/INFO] [minecraft/GameTestServer]: [++++++++++++++++++++++++++++++++++++++XX++++++X+++++++++++++++++++X++++++++++++++++X+++++++++++++++++++++++++++++++++++++++++++++++++++++_                                         ]
[13:32:18] [Server thread/INFO] [minecraft/GameTestServer]: [++++++++++++++++++++++++++++++++++++++XX++++++X+++++++++++++++++++X++++++++++++++++X+++++++++++++++++++++++++++++++++++++++++++++++++++++_                                         ]
[13:32:18] [Server thread/INFO] [minecraft/GameTestRunner]: Running test batch 'utility_guards:0' (1 tests)...
[13:32:18] [Server thread/INFO] [minecraft/GameTestServer]: [++++++++++++++++++++++++++++++++++++++XX++++++X+++++++++++++++++++X++++++++++++++++X++++++++++++++++++++++++++++++++++++++++++++++++++++++                                         ]
[13:32:18] [Server thread/INFO] [minecraft/GameTestServer]: [++++++++++++++++++++++++++++++++++++++XX++++++X+++++++++++++++++++X++++++++++++++++X++++++++++++++++++++++++++++++++++++++++++++++++++++++                                         ]
[13:32:18] [Server thread/INFO] [minecraft/GameTestRunner]: Running test batch 'player_mana:0' (3 tests)...
[13:32:18] [Server thread/INFO] [minecraft/GameTestServer]: [++++++++++++++++++++++++++++++++++++++XX++++++X+++++++++++++++++++X++++++++++++++++X+++++++++++++++++++++++++++++++++++++++++++++++++++++++                                        ]
[13:32:18] [Server thread/INFO] [minecraft/GameTestServer]: [++++++++++++++++++++++++++++++++++++++XX++++++X+++++++++++++++++++X++++++++++++++++X++++++++++++++++++++++++++++++++++++++++++++++++++++++++                                       ]
[13:32:18] [Server thread/INFO] [minecraft/PlayerList]: survival-test-player[embedded] logged in with entity id 751 at (-2.5, -60.0, 7.5)
[13:32:18] [Server thread/INFO] [minecraft/MinecraftServer]: survival-test-player joined the game
[13:32:18] [Server thread/INFO] [minecraft/GameTestRunner]: Running test batch 'backing:0' (1 tests)...
[13:32:19] [Server thread/INFO] [minecraft/GameTestServer]: [++++++++++++++++++++++++++++++++++++++XX++++++X+++++++++++++++++++X++++++++++++++++X++++++++++++++++++++++++++++++++++++++++++++++++++++++++++                                     ]
[13:32:19] [Server thread/INFO] [minecraft/GameTestServer]: [++++++++++++++++++++++++++++++++++++++XX++++++X+++++++++++++++++++X++++++++++++++++X++++++++++++++++++++++++++++++++++++++++++++++++++++++++++_                                    ]
[13:32:19] [Server thread/INFO] [minecraft/GameTestServer]: [++++++++++++++++++++++++++++++++++++++XX++++++X+++++++++++++++++++X++++++++++++++++X++++++++++++++++++++++++++++++++++++++++++++++++++++++++++_                                    ]
[13:32:19] [Server thread/INFO] [minecraft/GameTestServer]: [++++++++++++++++++++++++++++++++++++++XX++++++X+++++++++++++++++++X++++++++++++++++X++++++++++++++++++++++++++++++++++++++++++++++++++++++++++_                                    ]
[13:32:19] [Server thread/INFO] [minecraft/GameTestServer]: [++++++++++++++++++++++++++++++++++++++XX++++++X+++++++++++++++++++X++++++++++++++++X++++++++++++++++++++++++++++++++++++++++++++++++++++++++++_                                    ]
[13:32:19] [Server thread/INFO] [minecraft/GameTestServer]: [++++++++++++++++++++++++++++++++++++++XX++++++X+++++++++++++++++++X++++++++++++++++X++++++++++++++++++++++++++++++++++++++++++++++++++++++++++_                                    ]
[13:32:19] [Server thread/INFO] [minecraft/GameTestRunner]: Running test batch 'formation_orphans:0' (1 tests)...
[13:32:20] [Server thread/INFO] [minecraft/GameTestServer]: [++++++++++++++++++++++++++++++++++++++XX++++++X+++++++++++++++++++X++++++++++++++++X+++++++++++++++++++++++++++++++++++++++++++++++++++++++++++                                    ]
[13:32:20] [Server thread/INFO] [minecraft/GameTestServer]: [++++++++++++++++++++++++++++++++++++++XX++++++X+++++++++++++++++++X++++++++++++++++X+++++++++++++++++++++++++++++++++++++++++++++++++++++++++++_                                   ]
[13:32:21] [Server thread/INFO] [minecraft/GameTestRunner]: Running test batch 'leyline_shapes:0' (1 tests)...
[13:32:21] [Server thread/INFO] [minecraft/GameTestServer]: [++++++++++++++++++++++++++++++++++++++XX++++++X+++++++++++++++++++X++++++++++++++++X++++++++++++++++++++++++++++++++++++++++++++++++++++++++++++                                   ]
[13:32:21] [Server thread/INFO] [minecraft/GameTestServer]: [++++++++++++++++++++++++++++++++++++++XX++++++X+++++++++++++++++++X++++++++++++++++X++++++++++++++++++++++++++++++++++++++++++++++++++++++++++++                                   ]
[13:32:21] [Server thread/INFO] [minecraft/GameTestServer]: [++++++++++++++++++++++++++++++++++++++XX++++++X+++++++++++++++++++X++++++++++++++++X++++++++++++++++++++++++++++++++++++++++++++++++++++++++++++                                   ]
[13:32:21] [Server thread/INFO] [minecraft/GameTestServer]: [++++++++++++++++++++++++++++++++++++++XX++++++X+++++++++++++++++++X++++++++++++++++X++++++++++++++++++++++++++++++++++++++++++++++++++++++++++++                                   ]
[13:32:21] [Server thread/INFO] [minecraft/GameTestServer]: [++++++++++++++++++++++++++++++++++++++XX++++++X+++++++++++++++++++X++++++++++++++++X++++++++++++++++++++++++++++++++++++++++++++++++++++++++++++                                   ]
[13:32:21] [Server thread/INFO] [minecraft/GameTestRunner]: Running test batch 'utility_pet:0' (1 tests)...
[13:32:22] [Server thread/INFO] [minecraft/GameTestServer]: [++++++++++++++++++++++++++++++++++++++XX++++++X+++++++++++++++++++X++++++++++++++++X+++++++++++++++++++++++++++++++++++++++++++++++++++++++++++++                                  ]
[13:32:26] [Server thread/INFO] [minecraft/GameTestRunner]: Running test batch 'utility_movement:0' (1 tests)...
[13:32:29] [Server thread/INFO] [minecraft/GameTestServer]: [++++++++++++++++++++++++++++++++++++++XX++++++X+++++++++++++++++++X++++++++++++++++X++++++++++++++++++++++++++++++++++++++++++++++++++++++++++++++                                 ]
[13:32:29] [Server thread/INFO] [minecraft/GameTestRunner]: Running test batch 'utility_air:0' (1 tests)...
[13:32:29] [Server thread/INFO] [minecraft/GameTestServer]: [++++++++++++++++++++++++++++++++++++++XX++++++X+++++++++++++++++++X++++++++++++++++X+++++++++++++++++++++++++++++++++++++++++++++++++++++++++++++++                                ]
[13:32:30] [kithkyn-llama-out/DEBUG] [co.qu.ki.Kithkyn/]: [llama-server] 1.00.512.249 I cmn  common_param: common_params_print_info: verbosity = 3 (adjust with the `-lv N` CLI arg)
[13:32:30] [kithkyn-llama-out/DEBUG] [co.qu.ki.Kithkyn/]: [llama-server] 1.00.513.324 W srv  llama_server: -----------------
[13:32:30] [kithkyn-llama-out/DEBUG] [co.qu.ki.Kithkyn/]: [llama-server] 1.00.513.329 W srv  llama_server: CORS is set to allow all origins ('*') and no API key is set
[13:32:30] [kithkyn-llama-out/DEBUG] [co.qu.ki.Kithkyn/]: [llama-server] 1.00.513.330 W srv  llama_server: this can be a security risk (cross-origin attacks)
[13:32:30] [kithkyn-llama-out/DEBUG] [co.qu.ki.Kithkyn/]: [llama-server] 1.00.513.330 W srv  llama_server: more info: https://github.com/ggml-org/llama.cpp/pull/25655
[13:32:30] [kithkyn-llama-out/DEBUG] [co.qu.ki.Kithkyn/]: [llama-server] 1.00.513.330 W srv  llama_server: -----------------
[13:32:30] [kithkyn-llama-out/DEBUG] [co.qu.ki.Kithkyn/]: [llama-server] 1.00.515.578 I srv    load_model: loading model '/Users/quzzar/Projects/vestige/run/apparatus-fixes-tests/kithkyn/models/Llama-3.2-3B-Instruct-Q4_K_M.gguf'
[13:32:30] [Server thread/INFO] [minecraft/GameTestRunner]: Running test batch 'defaultBatch:0' (13 tests)...
[13:32:30] [Server thread/INFO] [minecraft/GameTestServer]: [++++++++++++++++++++++++++++++++++++++XX++++++X+++++++++++++++++++X++++++++++++++++X++++++++++++++++++++++++++++++++++++++++++++++++++++++++++++++++                               ]
[13:32:30] [Server thread/INFO] [minecraft/GameTestServer]: [++++++++++++++++++++++++++++++++++++++XX++++++X+++++++++++++++++++X++++++++++++++++X++++++++++++++++++++++++++++++++++++++++++++++++++++++++++++++++    +_+__+                     ]
[13:32:30] [Server thread/INFO] [minecraft/GameTestServer]: [++++++++++++++++++++++++++++++++++++++XX++++++X+++++++++++++++++++X++++++++++++++++X++++++++++++++++++++++++++++++++++++++++++++++++++++++++++++++++++  +_+__+                     ]
[13:32:31] [Server thread/INFO] [minecraft/GameTestServer]: [++++++++++++++++++++++++++++++++++++++XX++++++X+++++++++++++++++++X++++++++++++++++X++++++++++++++++++++++++++++++++++++++++++++++++++++++++++++++++++__++++_+___                  ]
[13:32:31] [Server thread/INFO] [minecraft/GameTestServer]: [++++++++++++++++++++++++++++++++++++++XX++++++X+++++++++++++++++++X++++++++++++++++X++++++++++++++++++++++++++++++++++++++++++++++++++++++++++++++++++__++++_+_+_                  ]
[13:32:31] [Server thread/INFO] [minecraft/GameTestServer]: [++++++++++++++++++++++++++++++++++++++XX++++++X+++++++++++++++++++X++++++++++++++++X++++++++++++++++++++++++++++++++++++++++++++++++++++++++++++++++++_+++++++_+_                  ]
[13:32:32] [Server thread/INFO] [minecraft/GameTestServer]: [++++++++++++++++++++++++++++++++++++++XX++++++X+++++++++++++++++++X++++++++++++++++X++++++++++++++++++++++++++++++++++++++++++++++++++++++++++++++++++_++++++++++                  ]
[13:32:32] [Server thread/INFO] [minecraft/GameTestServer]: [++++++++++++++++++++++++++++++++++++++XX++++++X+++++++++++++++++++X++++++++++++++++X++++++++++++++++++++++++++++++++++++++++++++++++++++++++++++++++++_++++++++++                  ]
[13:32:32] [Server thread/INFO] [minecraft/GameTestServer]: [++++++++++++++++++++++++++++++++++++++XX++++++X+++++++++++++++++++X++++++++++++++++X++++++++++++++++++++++++++++++++++++++++++++++++++++++++++++++++++_++++++++++                  ]
[13:32:32] [Server thread/INFO] [minecraft/GameTestServer]: [++++++++++++++++++++++++++++++++++++++XX++++++X+++++++++++++++++++X++++++++++++++++X++++++++++++++++++++++++++++++++++++++++++++++++++++++++++++++++++_++++++++++                  ]
[13:32:32] [Server thread/INFO] [minecraft/GameTestServer]: [++++++++++++++++++++++++++++++++++++++XX++++++X+++++++++++++++++++X++++++++++++++++X++++++++++++++++++++++++++++++++++++++++++++++++++++++++++++++++++_++++++++++                  ]
[13:32:32] [Server thread/INFO] [minecraft/GameTestServer]: [++++++++++++++++++++++++++++++++++++++XX++++++X+++++++++++++++++++X++++++++++++++++X++++++++++++++++++++++++++++++++++++++++++++++++++++++++++++++++++_++++++++++                  ]
[13:32:32] [Server thread/INFO] [minecraft/GameTestServer]: [++++++++++++++++++++++++++++++++++++++XX++++++X+++++++++++++++++++X++++++++++++++++X++++++++++++++++++++++++++++++++++++++++++++++++++++++++++++++++++_++++++++++                  ]
[13:32:32] [Server thread/INFO] [minecraft/GameTestRunner]: Running test batch 'apparatus_placement:0' (1 tests)...
[13:32:33] [Server thread/INFO] [minecraft/GameTestServer]: [++++++++++++++++++++++++++++++++++++++XX++++++X+++++++++++++++++++X++++++++++++++++X+++++++++++++++++++++++++++++++++++++++++++++++++++++++++++++++++++++++++++++                  ]
[13:32:34] [Server thread/INFO] [minecraft/GameTestRunner]: Running test batch 'formation_unload:0' (1 tests)...
[13:32:34] [Server thread/INFO] [minecraft/GameTestServer]: [++++++++++++++++++++++++++++++++++++++XX++++++X+++++++++++++++++++X++++++++++++++++X++++++++++++++++++++++++++++++++++++++++++++++++++++++++++++++++++++++++++++++                 ]
[13:32:34] [Server thread/INFO] [minecraft/GameTestServer]: [++++++++++++++++++++++++++++++++++++++XX++++++X+++++++++++++++++++X++++++++++++++++X++++++++++++++++++++++++++++++++++++++++++++++++++++++++++++++++++++++++++++++_                ]
[13:32:34] [Server thread/INFO] [minecraft/GameTestServer]: [++++++++++++++++++++++++++++++++++++++XX++++++X+++++++++++++++++++X++++++++++++++++X++++++++++++++++++++++++++++++++++++++++++++++++++++++++++++++++++++++++++++++_                ]
[13:32:34] [Server thread/INFO] [minecraft/GameTestServer]: [++++++++++++++++++++++++++++++++++++++XX++++++X+++++++++++++++++++X++++++++++++++++X++++++++++++++++++++++++++++++++++++++++++++++++++++++++++++++++++++++++++++++_                ]
[13:32:34] [Server thread/INFO] [minecraft/GameTestServer]: [++++++++++++++++++++++++++++++++++++++XX++++++X+++++++++++++++++++X++++++++++++++++X++++++++++++++++++++++++++++++++++++++++++++++++++++++++++++++++++++++++++++++_                ]
[13:32:35] [Server thread/INFO] [minecraft/GameTestRunner]: Running test batch 'scroll_cost:0' (1 tests)...
[13:32:35] [Server thread/INFO] [minecraft/GameTestServer]: [++++++++++++++++++++++++++++++++++++++XX++++++X+++++++++++++++++++X++++++++++++++++X+++++++++++++++++++++++++++++++++++++++++++++++++++++++++++++++++++++++++++++++                ]
[13:32:35] [Server thread/INFO] [minecraft/GameTestServer]: [++++++++++++++++++++++++++++++++++++++XX++++++X+++++++++++++++++++X++++++++++++++++X+++++++++++++++++++++++++++++++++++++++++++++++++++++++++++++++++++++++++++++++                ]
[13:32:35] [Server thread/INFO] [minecraft/GameTestServer]: [++++++++++++++++++++++++++++++++++++++XX++++++X+++++++++++++++++++X++++++++++++++++X+++++++++++++++++++++++++++++++++++++++++++++++++++++++++++++++++++++++++++++++                ]
[13:32:35] [Server thread/INFO] [minecraft/GameTestServer]: [++++++++++++++++++++++++++++++++++++++XX++++++X+++++++++++++++++++X++++++++++++++++X+++++++++++++++++++++++++++++++++++++++++++++++++++++++++++++++++++++++++++++++                ]
[13:32:35] [Server thread/INFO] [minecraft/GameTestServer]: [++++++++++++++++++++++++++++++++++++++XX++++++X+++++++++++++++++++X++++++++++++++++X+++++++++++++++++++++++++++++++++++++++++++++++++++++++++++++++++++++++++++++++                ]
[13:32:35] [Server thread/INFO] [minecraft/GameTestServer]: [++++++++++++++++++++++++++++++++++++++XX++++++X+++++++++++++++++++X++++++++++++++++X+++++++++++++++++++++++++++++++++++++++++++++++++++++++++++++++++++++++++++++++                ]
[13:32:35] [Server thread/INFO] [minecraft/GameTestServer]: [++++++++++++++++++++++++++++++++++++++XX++++++X+++++++++++++++++++X++++++++++++++++X+++++++++++++++++++++++++++++++++++++++++++++++++++++++++++++++++++++++++++++++                ]
[13:32:35] [Server thread/INFO] [minecraft/GameTestServer]: [++++++++++++++++++++++++++++++++++++++XX++++++X+++++++++++++++++++X++++++++++++++++X+++++++++++++++++++++++++++++++++++++++++++++++++++++++++++++++++++++++++++++++                ]
[13:32:35] [Server thread/INFO] [minecraft/GameTestServer]: [++++++++++++++++++++++++++++++++++++++XX++++++X+++++++++++++++++++X++++++++++++++++X+++++++++++++++++++++++++++++++++++++++++++++++++++++++++++++++++++++++++++++++                ]
[13:32:35] [Server thread/INFO] [minecraft/GameTestServer]: [++++++++++++++++++++++++++++++++++++++XX++++++X+++++++++++++++++++X++++++++++++++++X+++++++++++++++++++++++++++++++++++++++++++++++++++++++++++++++++++++++++++++++_               ]
[13:32:35] [Server thread/INFO] [minecraft/GameTestServer]: [++++++++++++++++++++++++++++++++++++++XX++++++X+++++++++++++++++++X++++++++++++++++X+++++++++++++++++++++++++++++++++++++++++++++++++++++++++++++++++++++++++++++++_               ]
[13:32:35] [Server thread/INFO] [minecraft/GameTestServer]: [++++++++++++++++++++++++++++++++++++++XX++++++X+++++++++++++++++++X++++++++++++++++X+++++++++++++++++++++++++++++++++++++++++++++++++++++++++++++++++++++++++++++++_               ]
[13:32:35] [Server thread/INFO] [minecraft/GameTestRunner]: Running test batch 'ritual_containers:0' (1 tests)...
[13:32:36] [Server thread/INFO] [minecraft/GameTestServer]: [++++++++++++++++++++++++++++++++++++++XX++++++X+++++++++++++++++++X++++++++++++++++X++++++++++++++++++++++++++++++++++++++++++++++++++++++++++++++++++++++++++++++++               ]
[13:32:36] [Server thread/INFO] [minecraft/GameTestServer]: [++++++++++++++++++++++++++++++++++++++XX++++++X+++++++++++++++++++X++++++++++++++++X++++++++++++++++++++++++++++++++++++++++++++++++++++++++++++++++++++++++++++++++               ]
[13:32:36] [Server thread/INFO] [minecraft/GameTestServer]: [++++++++++++++++++++++++++++++++++++++XX++++++X+++++++++++++++++++X++++++++++++++++X++++++++++++++++++++++++++++++++++++++++++++++++++++++++++++++++++++++++++++++++_              ]
[13:32:36] [Server thread/INFO] [minecraft/GameTestServer]: [++++++++++++++++++++++++++++++++++++++XX++++++X+++++++++++++++++++X++++++++++++++++X++++++++++++++++++++++++++++++++++++++++++++++++++++++++++++++++++++++++++++++++_              ]
[13:32:36] [Server thread/INFO] [minecraft/GameTestServer]: [++++++++++++++++++++++++++++++++++++++XX++++++X+++++++++++++++++++X++++++++++++++++X++++++++++++++++++++++++++++++++++++++++++++++++++++++++++++++++++++++++++++++++_              ]
[13:32:36] [Server thread/INFO] [minecraft/GameTestRunner]: Running test batch 'ritual_safe:0' (1 tests)...
[13:32:36] [Server thread/INFO] [minecraft/GameTestServer]: [++++++++++++++++++++++++++++++++++++++XX++++++X+++++++++++++++++++X++++++++++++++++X+++++++++++++++++++++++++++++++++++++++++++++++++++++++++++++++++++++++++++++++++              ]
[13:32:36] [Server thread/INFO] [minecraft/GameTestRunner]: Running test batch 'formation_water:0' (1 tests)...
[13:32:36] [Server thread/INFO] [minecraft/GameTestServer]: [++++++++++++++++++++++++++++++++++++++XX++++++X+++++++++++++++++++X++++++++++++++++X++++++++++++++++++++++++++++++++++++++++++++++++++++++++++++++++++++++++++++++++++             ]
[13:32:36] [Server thread/INFO] [minecraft/GameTestServer]: [++++++++++++++++++++++++++++++++++++++XX++++++X+++++++++++++++++++X++++++++++++++++X++++++++++++++++++++++++++++++++++++++++++++++++++++++++++++++++++++++++++++++++++             ]
[13:32:36] [Server thread/INFO] [minecraft/GameTestServer]: [++++++++++++++++++++++++++++++++++++++XX++++++X+++++++++++++++++++X++++++++++++++++X++++++++++++++++++++++++++++++++++++++++++++++++++++++++++++++++++++++++++++++++++             ]
[13:32:36] [Server thread/INFO] [minecraft/GameTestServer]: [++++++++++++++++++++++++++++++++++++++XX++++++X+++++++++++++++++++X++++++++++++++++X++++++++++++++++++++++++++++++++++++++++++++++++++++++++++++++++++++++++++++++++++_            ]
[13:32:36] [Server thread/INFO] [minecraft/GameTestServer]: [++++++++++++++++++++++++++++++++++++++XX++++++X+++++++++++++++++++X++++++++++++++++X++++++++++++++++++++++++++++++++++++++++++++++++++++++++++++++++++++++++++++++++++_            ]
[13:32:36] [Server thread/INFO] [minecraft/GameTestServer]: [++++++++++++++++++++++++++++++++++++++XX++++++X+++++++++++++++++++X++++++++++++++++X++++++++++++++++++++++++++++++++++++++++++++++++++++++++++++++++++++++++++++++++++_            ]
[13:32:37] [Server thread/INFO] [minecraft/GameTestServer]: [++++++++++++++++++++++++++++++++++++++XX++++++X+++++++++++++++++++X++++++++++++++++X++++++++++++++++++++++++++++++++++++++++++++++++++++++++++++++++++++++++++++++++++_            ]
[13:32:37] [Server thread/INFO] [minecraft/GameTestServer]: [++++++++++++++++++++++++++++++++++++++XX++++++X+++++++++++++++++++X++++++++++++++++X++++++++++++++++++++++++++++++++++++++++++++++++++++++++++++++++++++++++++++++++++_            ]
[13:32:37] [Server thread/INFO] [minecraft/GameTestServer]: [++++++++++++++++++++++++++++++++++++++XX++++++X+++++++++++++++++++X++++++++++++++++X++++++++++++++++++++++++++++++++++++++++++++++++++++++++++++++++++++++++++++++++++_            ]
[13:32:37] [Server thread/INFO] [minecraft/GameTestServer]: [++++++++++++++++++++++++++++++++++++++XX++++++X+++++++++++++++++++X++++++++++++++++X++++++++++++++++++++++++++++++++++++++++++++++++++++++++++++++++++++++++++++++++++_            ]
[13:32:37] [Server thread/INFO] [minecraft/GameTestServer]: [++++++++++++++++++++++++++++++++++++++XX++++++X+++++++++++++++++++X++++++++++++++++X++++++++++++++++++++++++++++++++++++++++++++++++++++++++++++++++++++++++++++++++++_            ]
[13:32:37] [Server thread/INFO] [minecraft/GameTestServer]: [++++++++++++++++++++++++++++++++++++++XX++++++X+++++++++++++++++++X++++++++++++++++X++++++++++++++++++++++++++++++++++++++++++++++++++++++++++++++++++++++++++++++++++_            ]
[13:32:37] [Server thread/INFO] [minecraft/GameTestServer]: [++++++++++++++++++++++++++++++++++++++XX++++++X+++++++++++++++++++X++++++++++++++++X++++++++++++++++++++++++++++++++++++++++++++++++++++++++++++++++++++++++++++++++++_            ]
[13:32:37] [Server thread/INFO] [minecraft/GameTestServer]: [++++++++++++++++++++++++++++++++++++++XX++++++X+++++++++++++++++++X++++++++++++++++X++++++++++++++++++++++++++++++++++++++++++++++++++++++++++++++++++++++++++++++++++_            ]
[13:32:37] [Server thread/INFO] [minecraft/GameTestRunner]: Running test batch 'utility_pet_recovery:0' (1 tests)...
[13:32:37] [Server thread/INFO] [minecraft/GameTestServer]: [++++++++++++++++++++++++++++++++++++++XX++++++X+++++++++++++++++++X++++++++++++++++X+++++++++++++++++++++++++++++++++++++++++++++++++++++++++++++++++++++++++++++++++++            ]
[13:32:38] [Server thread/INFO] [minecraft/GameTestRunner]: Running test batch 'expansion_glass:0' (1 tests)...
[13:32:39] [Server thread/INFO] [minecraft/GameTestServer]: [++++++++++++++++++++++++++++++++++++++XX++++++X+++++++++++++++++++X++++++++++++++++X++++++++++++++++++++++++++++++++++++++++++++++++++++++++++++++++++++++++++++++++++++           ]
[13:32:39] [Server thread/INFO] [minecraft/GameTestServer]: [++++++++++++++++++++++++++++++++++++++XX++++++X+++++++++++++++++++X++++++++++++++++X++++++++++++++++++++++++++++++++++++++++++++++++++++++++++++++++++++++++++++++++++++           ]
[13:32:39] [Server thread/INFO] [minecraft/GameTestServer]: [++++++++++++++++++++++++++++++++++++++XX++++++X+++++++++++++++++++X++++++++++++++++X++++++++++++++++++++++++++++++++++++++++++++++++++++++++++++++++++++++++++++++++++++           ]
[13:32:39] [Server thread/INFO] [minecraft/GameTestServer]: [++++++++++++++++++++++++++++++++++++++XX++++++X+++++++++++++++++++X++++++++++++++++X++++++++++++++++++++++++++++++++++++++++++++++++++++++++++++++++++++++++++++++++++++           ]
[13:32:39] [Server thread/INFO] [minecraft/GameTestRunner]: Running test batch 'ice_unload:0' (1 tests)...
[13:32:39] [Server thread/INFO] [minecraft/GameTestServer]: [++++++++++++++++++++++++++++++++++++++XX++++++X+++++++++++++++++++X++++++++++++++++X+++++++++++++++++++++++++++++++++++++++++++++++++++++++++++++++++++++++++++++++++++++          ]
[13:32:39] [Server thread/INFO] [minecraft/GameTestServer]: [++++++++++++++++++++++++++++++++++++++XX++++++X+++++++++++++++++++X++++++++++++++++X+++++++++++++++++++++++++++++++++++++++++++++++++++++++++++++++++++++++++++++++++++++_         ]
[13:32:39] [Server thread/INFO] [minecraft/GameTestServer]: [++++++++++++++++++++++++++++++++++++++XX++++++X+++++++++++++++++++X++++++++++++++++X+++++++++++++++++++++++++++++++++++++++++++++++++++++++++++++++++++++++++++++++++++++_         ]
[13:32:39] [Server thread/INFO] [minecraft/GameTestRunner]: Running test batch 'utility_tree:0' (1 tests)...
[13:32:40] [Server thread/INFO] [minecraft/GameTestServer]: [++++++++++++++++++++++++++++++++++++++XX++++++X+++++++++++++++++++X++++++++++++++++X++++++++++++++++++++++++++++++++++++++++++++++++++++++++++++++++++++++++++++++++++++++         ]
[13:32:40] [Server thread/INFO] [minecraft/GameTestRunner]: Running test batch 'utility_sensor:0' (1 tests)...
[13:32:40] [Server thread/INFO] [minecraft/GameTestServer]: [++++++++++++++++++++++++++++++++++++++XX++++++X+++++++++++++++++++X++++++++++++++++X+++++++++++++++++++++++++++++++++++++++++++++++++++++++++++++++++++++++++++++++++++++++        ]
[13:32:40] [Server thread/INFO] [minecraft/GameTestServer]: [++++++++++++++++++++++++++++++++++++++XX++++++X+++++++++++++++++++X++++++++++++++++X+++++++++++++++++++++++++++++++++++++++++++++++++++++++++++++++++++++++++++++++++++++++_       ]
[13:32:40] [Server thread/INFO] [minecraft/GameTestRunner]: Running test batch 'ritual_feedback:0' (1 tests)...
[13:32:40] [Server thread/INFO] [minecraft/GameTestServer]: [++++++++++++++++++++++++++++++++++++++XX++++++X+++++++++++++++++++X++++++++++++++++X++++++++++++++++++++++++++++++++++++++++++++++++++++++++++++++++++++++++++++++++++++++++       ]
[13:32:40] [Server thread/INFO] [minecraft/GameTestServer]: [++++++++++++++++++++++++++++++++++++++XX++++++X+++++++++++++++++++X++++++++++++++++X++++++++++++++++++++++++++++++++++++++++++++++++++++++++++++++++++++++++++++++++++++++++       ]
[13:32:40] [Server thread/INFO] [minecraft/GameTestRunner]: Running test batch 'utility_share:0' (1 tests)...
[13:32:41] [Server thread/INFO] [minecraft/GameTestServer]: [++++++++++++++++++++++++++++++++++++++XX++++++X+++++++++++++++++++X++++++++++++++++X+++++++++++++++++++++++++++++++++++++++++++++++++++++++++++++++++++++++++++++++++++++++++      ]
[13:32:41] [Server thread/INFO] [minecraft/GameTestRunner]: Running test batch 'leyline_range:0' (1 tests)...
[13:32:41] [Server thread/INFO] [minecraft/GameTestServer]: [++++++++++++++++++++++++++++++++++++++XX++++++X+++++++++++++++++++X++++++++++++++++X++++++++++++++++++++++++++++++++++++++++++++++++++++++++++++++++++++++++++++++++++++++++++     ]
[13:32:41] [Server thread/INFO] [minecraft/GameTestServer]: [++++++++++++++++++++++++++++++++++++++XX++++++X+++++++++++++++++++X++++++++++++++++X++++++++++++++++++++++++++++++++++++++++++++++++++++++++++++++++++++++++++++++++++++++++++     ]
[13:32:41] [Server thread/INFO] [minecraft/GameTestRunner]: Running test batch 'ice_obstacle:0' (1 tests)...
[13:32:41] [Server thread/INFO] [minecraft/GameTestServer]: [++++++++++++++++++++++++++++++++++++++XX++++++X+++++++++++++++++++X++++++++++++++++X+++++++++++++++++++++++++++++++++++++++++++++++++++++++++++++++++++++++++++++++++++++++++++    ]
[13:32:41] [Server thread/INFO] [minecraft/GameTestRunner]: Running test batch 'pathfinder_retaliation:0' (1 tests)...
[13:32:42] [kithkyn-llama-out/DEBUG] [co.qu.ki.Kithkyn/]: [llama-server] 1.12.771.403 I cmn          init: llama threadpool init, n_threads = 4
[13:32:43] [Server thread/INFO] [minecraft/GameTestServer]: [++++++++++++++++++++++++++++++++++++++XX++++++X+++++++++++++++++++X++++++++++++++++X++++++++++++++++++++++++++++++++++++++++++++++++++++++++++++++++++++++++++++++++++++++++++++   ]
[13:32:43] [Server thread/INFO] [minecraft/GameTestServer]: [++++++++++++++++++++++++++++++++++++++XX++++++X+++++++++++++++++++X++++++++++++++++X++++++++++++++++++++++++++++++++++++++++++++++++++++++++++++++++++++++++++++++++++++++++++++   ]
[13:32:43] [Server thread/INFO] [minecraft/GameTestServer]: [++++++++++++++++++++++++++++++++++++++XX++++++X+++++++++++++++++++X++++++++++++++++X++++++++++++++++++++++++++++++++++++++++++++++++++++++++++++++++++++++++++++++++++++++++++++   ]
[13:32:43] [Server thread/INFO] [minecraft/GameTestServer]: [++++++++++++++++++++++++++++++++++++++XX++++++X+++++++++++++++++++X++++++++++++++++X++++++++++++++++++++++++++++++++++++++++++++++++++++++++++++++++++++++++++++++++++++++++++++   ]
[13:32:43] [kithkyn-llama-out/DEBUG] [co.qu.ki.Kithkyn/]: [llama-server] 1.13.430.139 I srv    load_model: initializing, n_slots = 2, n_ctx_slot = 4096, kv_unified = 'false'
[13:32:43] [kithkyn-llama-out/DEBUG] [co.qu.ki.Kithkyn/]: [llama-server] 1.13.440.335 I srv  llama_server: model loaded
[13:32:43] [kithkyn-llama-out/DEBUG] [co.qu.ki.Kithkyn/]: [llama-server] 1.13.440.342 I srv  llama_server: listening on http://127.0.0.1:8127
[13:32:43] [Server thread/INFO] [minecraft/GameTestRunner]: Running test batch 'utility_boundaries:0' (1 tests)...
[13:32:43] [Server thread/INFO] [minecraft/GameTestServer]: [++++++++++++++++++++++++++++++++++++++XX++++++X+++++++++++++++++++X++++++++++++++++X+++++++++++++++++++++++++++++++++++++++++++++++++++++++++++++++++++++++++++++++++++++++++++++  ]
[13:32:43] [kithkyn-llama-launcher/INFO] [co.qu.ki.Kithkyn/]: Local runtime ready: Llama-3.2-3B-Instruct on llama.cpp
[13:32:43] [Server thread/INFO] [minecraft/GameTestRunner]: Running test batch 'expansion_invisibility:0' (1 tests)...
[13:32:43] [Server thread/INFO] [minecraft/GameTestServer]: [++++++++++++++++++++++++++++++++++++++XX++++++X+++++++++++++++++++X++++++++++++++++X++++++++++++++++++++++++++++++++++++++++++++++++++++++++++++++++++++++++++++++++++++++++++++++ ]
[13:32:43] [Server thread/INFO] [minecraft/GameTestServer]: [++++++++++++++++++++++++++++++++++++++XX++++++X+++++++++++++++++++X++++++++++++++++X++++++++++++++++++++++++++++++++++++++++++++++++++++++++++++++++++++++++++++++++++++++++++++++ ]
[13:32:44] [Server thread/INFO] [minecraft/GameTestServer]: [++++++++++++++++++++++++++++++++++++++XX++++++X+++++++++++++++++++X++++++++++++++++X++++++++++++++++++++++++++++++++++++++++++++++++++++++++++++++++++++++++++++++++++++++++++++++_]
[13:32:44] [Server thread/INFO] [minecraft/GameTestServer]: [++++++++++++++++++++++++++++++++++++++XX++++++X+++++++++++++++++++X++++++++++++++++X+++++++++++++++++++++++++++++++++++++++++++++++++++++++++++++++++++++++++++++++++++++++++++++++]
[13:32:44] [Server thread/INFO] [minecraft/GameTestServer]: ========= 179 GAME TESTS COMPLETE IN 24.35 min ======================
[13:32:44] [Server thread/INFO] [minecraft/GameTestServer]: 5 required tests failed :(
[13:32:44] [Server thread/INFO] [minecraft/GameTestServer]:    - mendingscrollactuallyhealspaysonceandidentifiesbasespell
[13:32:44] [Server thread/INFO] [minecraft/GameTestServer]:    - overlappingnodeburstsdealonlythestrongestsinglehit
[13:32:44] [Server thread/INFO] [minecraft/GameTestServer]:    - shapedscrollactuallypaysroundedcostandamplifieshealing
[13:32:44] [Server thread/INFO] [minecraft/GameTestServer]:    - stackingaplinthejectstheofferingonceandpreservesitssocket
[13:32:44] [Server thread/INFO] [minecraft/GameTestServer]:    - exchangedandmaterialpaymentscommittogetherorleaveeverythinguntouched
[13:32:44] [Server thread/INFO] [minecraft/GameTestServer]: ====================================================
[13:32:44] [Server thread/INFO] [minecraft/MinecraftServer]: Stopping server
[13:32:44] [Server thread/INFO] [minecraft/MinecraftServer]: Saving players
[13:32:44] [Server thread/INFO] [minecraft/MinecraftServer]: Saving worlds
[13:32:50] [Server thread/INFO] [minecraft/MinecraftServer]: Saving chunks for level 'ServerLevel[Test Level]'/minecraft:overworld
[13:32:50] [Server thread/INFO] [minecraft/MinecraftServer]: Saving chunks for level 'ServerLevel[Test Level]'/minecraft:the_nether
[13:32:50] [Server thread/INFO] [minecraft/MinecraftServer]: Saving chunks for level 'ServerLevel[Test Level]'/minecraft:the_end
[13:32:50] [Server thread/DEBUG] [ne.ne.ne.co.CommonHooks/WP]: Gathered mod list to write to world save Test Level
[13:32:50] [Server thread/INFO] [minecraft/MinecraftServer]: ThreadedAnvilChunkStorage (world): All chunks are saved
[13:32:50] [Server thread/INFO] [minecraft/MinecraftServer]: ThreadedAnvilChunkStorage (DIM-1): All chunks are saved
[13:32:50] [Server thread/INFO] [minecraft/MinecraftServer]: ThreadedAnvilChunkStorage (DIM1): All chunks are saved
[13:32:50] [Server thread/INFO] [minecraft/MinecraftServer]: ThreadedAnvilChunkStorage: All dimensions are saved
[13:32:51] [Server thread/DEBUG] [ne.ne.fm.co.ConfigTracker/CONFIG]: Unloading configs type SERVER
[13:32:51] [Server thread/INFO] [minecraft/GameTestServer]: Game test server shutting down

> Task :runGameTestServer FAILED

FAILURE: Build failed with an exception.

* What went wrong:
Execution failed for task ':runGameTestServer'.
> Process 'command '/Users/quzzar/.gradle/jdks/eclipse_adoptium-21-aarch64-os_x.2/jdk-21.0.12.1+1/Contents/Home/bin/java'' finished with non-zero exit value 5

* Try:
> Run with --stacktrace option to get the stack trace.
> Run with --info or --debug option to get more log output.
> Run with --scan to get full insights.
> Get more help at https://help.gradle.org.

BUILD FAILED in 31m 24s
11 actionable tasks: 4 executed, 7 up-to-date
Configuration cache entry reused.
