Calculating task graph as configuration cache cannot be reused because the set of Gradle properties has changed.
> Task :generateModMetadata UP-TO-DATE
> Task :createArtifactManifest UP-TO-DATE
> Task :createMinecraftArtifacts UP-TO-DATE
> Task :processResources UP-TO-DATE
> Task :jarJar NO-SOURCE
> Task :sourcesJar
> Task :downloadAssets UP-TO-DATE
> Task :writeNeoForgeTestClasspath UP-TO-DATE
> Task :prepareNeoForgeTestFiles UP-TO-DATE
> Task :processTestResources UP-TO-DATE
> Task :verifyKithkynCompatibility
> Task :buildKithkyn UP-TO-DATE
> Task :writeGameTestServerLegacyClasspath UP-TO-DATE
> Task :prepareGameTestServerRun UP-TO-DATE

> Task :compileJava
/Users/quzzar/Projects/vestige/src/main/java/com/quzzar/vestige/magic/world/PrivateSpaceTest.java:20: warning: [removal] makeMockServerPlayerInLevel() in GameTestHelper has been deprecated and marked for removal
        var first=helper.makeMockServerPlayerInLevel(); var second=helper.makeMockServerPlayerInLevel();
                        ^
/Users/quzzar/Projects/vestige/src/main/java/com/quzzar/vestige/magic/world/PrivateSpaceTest.java:20: warning: [removal] makeMockServerPlayerInLevel() in GameTestHelper has been deprecated and marked for removal
        var first=helper.makeMockServerPlayerInLevel(); var second=helper.makeMockServerPlayerInLevel();
                                                                         ^
/Users/quzzar/Projects/vestige/src/main/java/com/quzzar/vestige/travel/StandingStoneTest.java:91: warning: [removal] makeMockServerPlayerInLevel() in GameTestHelper has been deprecated and marked for removal
        var player = h.makeMockServerPlayerInLevel();
                      ^
/Users/quzzar/Projects/vestige/src/main/java/com/quzzar/vestige/travel/StandingStoneTest.java:238: warning: [removal] makeMockServerPlayerInLevel() in GameTestHelper has been deprecated and marked for removal
        var player = h.makeMockServerPlayerInLevel(); player.setPos(Vec3.atBottomCenterOf(start.south())); Vec3 initial = player.position();
                      ^
/Users/quzzar/Projects/vestige/src/main/java/com/quzzar/vestige/travel/StandingStoneTest.java:256: warning: [removal] makeMockServerPlayerInLevel() in GameTestHelper has been deprecated and marked for removal
        var player = h.makeMockServerPlayerInLevel(); player.setPos(Vec3.atBottomCenterOf(start.south())); Vec3 initial = player.position();
                      ^
/Users/quzzar/Projects/vestige/src/main/java/com/quzzar/vestige/travel/StandingStoneTest.java:276: warning: [removal] makeMockServerPlayerInLevel() in GameTestHelper has been deprecated and marked for removal
        var player = h.makeMockServerPlayerInLevel(); player.setPos(Vec3.atBottomCenterOf(start.south())); Vec3 initial = player.position();
                      ^
Note: Some input files use or override a deprecated API.
Note: Recompile with -Xlint:deprecation for details.
6 warnings

> Task :classes
> Task :jar
> Task :compileTestJava UP-TO-DATE
> Task :testClasses UP-TO-DATE

> Task :javadoc
/Users/quzzar/Projects/vestige/src/main/java/com/quzzar/vestige/magic/runtime/SpellEvent.java:9: warning: no @param for type
public record SpellEvent(ResourceLocation type, UUID actor, Optional<SpellSubject> target,
       ^
/Users/quzzar/Projects/vestige/src/main/java/com/quzzar/vestige/magic/runtime/SpellEvent.java:9: warning: no @param for actor
public record SpellEvent(ResourceLocation type, UUID actor, Optional<SpellSubject> target,
       ^
/Users/quzzar/Projects/vestige/src/main/java/com/quzzar/vestige/magic/runtime/SpellEvent.java:9: warning: no @param for target
public record SpellEvent(ResourceLocation type, UUID actor, Optional<SpellSubject> target,
       ^
/Users/quzzar/Projects/vestige/src/main/java/com/quzzar/vestige/magic/runtime/SpellEvent.java:9: warning: no @param for pending
public record SpellEvent(ResourceLocation type, UUID actor, Optional<SpellSubject> target,
       ^
/Users/quzzar/Projects/vestige/src/main/java/com/quzzar/vestige/magic/runtime/SpellEvent.java:9: warning: no @param for cause
public record SpellEvent(ResourceLocation type, UUID actor, Optional<SpellSubject> target,
       ^
/Users/quzzar/Projects/vestige/src/main/java/com/quzzar/vestige/magic/runtime/SpellEvent.java:9: warning: no @param for facts
public record SpellEvent(ResourceLocation type, UUID actor, Optional<SpellSubject> target,
       ^
/Users/quzzar/Projects/vestige/src/main/java/com/quzzar/vestige/magic/runtime/CastShaping.java:7: warning: no @param for castingCost
public record CastShaping(double castingCost, boolean roundAmounts, CostAdjustment adjustment) {
       ^
/Users/quzzar/Projects/vestige/src/main/java/com/quzzar/vestige/magic/runtime/CastShaping.java:7: warning: no @param for roundAmounts
public record CastShaping(double castingCost, boolean roundAmounts, CostAdjustment adjustment) {
       ^
/Users/quzzar/Projects/vestige/src/main/java/com/quzzar/vestige/magic/runtime/CastShaping.java:7: warning: no @param for adjustment
public record CastShaping(double castingCost, boolean roundAmounts, CostAdjustment adjustment) {
       ^
/Users/quzzar/Projects/vestige/src/main/java/com/quzzar/vestige/magic/effect/SpellEffects.java:109: warning: no @param for kind
    record Manifestation(ResourceLocation kind, int durationTicks, Map<String, SpellValue> values,
    ^
/Users/quzzar/Projects/vestige/src/main/java/com/quzzar/vestige/magic/effect/SpellEffects.java:109: warning: no @param for durationTicks
    record Manifestation(ResourceLocation kind, int durationTicks, Map<String, SpellValue> values,
    ^
/Users/quzzar/Projects/vestige/src/main/java/com/quzzar/vestige/magic/effect/SpellEffects.java:109: warning: no @param for values
    record Manifestation(ResourceLocation kind, int durationTicks, Map<String, SpellValue> values,
    ^
/Users/quzzar/Projects/vestige/src/main/java/com/quzzar/vestige/magic/effect/SpellEffects.java:109: warning: no @param for identifiers
    record Manifestation(ResourceLocation kind, int durationTicks, Map<String, SpellValue> values,
    ^
/Users/quzzar/Projects/vestige/src/main/java/com/quzzar/vestige/magic/effect/SpellEffects.java:109: warning: no @param for bindings
    record Manifestation(ResourceLocation kind, int durationTicks, Map<String, SpellValue> values,
    ^
/Users/quzzar/Projects/vestige/src/main/java/com/quzzar/vestige/magic/effect/SpellEffects.java:109: warning: no @param for onHit
    record Manifestation(ResourceLocation kind, int durationTicks, Map<String, SpellValue> values,
    ^
/Users/quzzar/Projects/vestige/src/main/java/com/quzzar/vestige/magic/effect/SpellEffects.java:109: warning: no @param for onTick
    record Manifestation(ResourceLocation kind, int durationTicks, Map<String, SpellValue> values,
    ^
/Users/quzzar/Projects/vestige/src/main/java/com/quzzar/vestige/magic/effect/SpellEffects.java:109: warning: no @param for onEnd
    record Manifestation(ResourceLocation kind, int durationTicks, Map<String, SpellValue> values,
    ^
/Users/quzzar/Projects/vestige/src/main/java/com/quzzar/vestige/magic/effect/SpellEffects.java:109: warning: no @param for interval
    record Manifestation(ResourceLocation kind, int durationTicks, Map<String, SpellValue> values,
    ^
/Users/quzzar/Projects/vestige/src/main/java/com/quzzar/vestige/magic/effect/SpellEffects.java:109: warning: no @param for visual
    record Manifestation(ResourceLocation kind, int durationTicks, Map<String, SpellValue> values,
    ^
/Users/quzzar/Projects/vestige/src/main/java/com/quzzar/vestige/magic/effect/SpellEffects.java:82: warning: no @param for timeoutTicks
    record AwaitRecast(int timeoutTicks) implements SpellEffects {
    ^
/Users/quzzar/Projects/vestige/src/main/java/com/quzzar/vestige/magic/effect/SpellEffects.java:73: warning: no @param for key
    record CaptureValue(ResourceLocation key, SpellValue value) implements SpellEffects {
    ^
/Users/quzzar/Projects/vestige/src/main/java/com/quzzar/vestige/magic/effect/SpellEffects.java:73: warning: no @param for value
    record CaptureValue(ResourceLocation key, SpellValue value) implements SpellEffects {
    ^
/Users/quzzar/Projects/vestige/src/main/java/com/quzzar/vestige/magic/effect/SpellEffects.java:56: warning: no @param for visual
    record Visual(SpellVisual visual) implements SpellEffects {
    ^
/Users/quzzar/Projects/vestige/src/main/java/com/quzzar/vestige/magic/effect/SpellEffects.java:46: warning: no @param for group
    record Limited(ResourceLocation group,int perTarget,int total,List<SpellEffect> effects) implements SpellEffects {
    ^
/Users/quzzar/Projects/vestige/src/main/java/com/quzzar/vestige/magic/effect/SpellEffects.java:46: warning: no @param for perTarget
    record Limited(ResourceLocation group,int perTarget,int total,List<SpellEffect> effects) implements SpellEffects {
    ^
/Users/quzzar/Projects/vestige/src/main/java/com/quzzar/vestige/magic/effect/SpellEffects.java:46: warning: no @param for total
    record Limited(ResourceLocation group,int perTarget,int total,List<SpellEffect> effects) implements SpellEffects {
    ^
/Users/quzzar/Projects/vestige/src/main/java/com/quzzar/vestige/magic/effect/SpellEffects.java:46: warning: no @param for effects
    record Limited(ResourceLocation group,int perTarget,int total,List<SpellEffect> effects) implements SpellEffects {
    ^
/Users/quzzar/Projects/vestige/src/main/java/com/quzzar/vestige/magic/effect/SpellEffects.java:41: warning: no @param for effects
    record Secondary(List<SpellEffect> effects) implements SpellEffects {
    ^
/Users/quzzar/Projects/vestige/src/main/java/com/quzzar/vestige/magic/effect/SpellEffects.java:36: warning: no @param for count
    record Repeat(int count, int interval, List<SpellEffect> effects) implements SpellEffects {
    ^
/Users/quzzar/Projects/vestige/src/main/java/com/quzzar/vestige/magic/effect/SpellEffects.java:36: warning: no @param for interval
    record Repeat(int count, int interval, List<SpellEffect> effects) implements SpellEffects {
    ^
/Users/quzzar/Projects/vestige/src/main/java/com/quzzar/vestige/magic/effect/SpellEffects.java:36: warning: no @param for effects
    record Repeat(int count, int interval, List<SpellEffect> effects) implements SpellEffects {
    ^
/Users/quzzar/Projects/vestige/src/main/java/com/quzzar/vestige/magic/effect/SpellEffects.java:31: warning: no @param for ticks
    record Delay(int ticks) implements SpellEffects {
    ^
/Users/quzzar/Projects/vestige/src/main/java/com/quzzar/vestige/magic/definition/SpellDefinition.java:21: warning: no @param for modes
public record SpellDefinition(
       ^
/Users/quzzar/Projects/vestige/src/main/java/com/quzzar/vestige/magic/definition/SpellDefinition.java:21: warning: no @param for source
public record SpellDefinition(
       ^
/Users/quzzar/Projects/vestige/src/main/java/com/quzzar/vestige/magic/definition/TargetSpec.java:7: warning: no @param for selection
public record TargetSpec(Selection selection, SpellValue distance, boolean required,
       ^
/Users/quzzar/Projects/vestige/src/main/java/com/quzzar/vestige/magic/definition/TargetSpec.java:7: warning: no @param for distance
public record TargetSpec(Selection selection, SpellValue distance, boolean required,
       ^
/Users/quzzar/Projects/vestige/src/main/java/com/quzzar/vestige/magic/definition/TargetSpec.java:7: warning: no @param for required
public record TargetSpec(Selection selection, SpellValue distance, boolean required,
       ^
/Users/quzzar/Projects/vestige/src/main/java/com/quzzar/vestige/magic/definition/TargetSpec.java:7: warning: no @param for options
public record TargetSpec(Selection selection, SpellValue distance, boolean required,
       ^
/Users/quzzar/Projects/vestige/src/main/java/com/quzzar/vestige/magic/definition/TargetSpec.java:7: warning: no @param for relationship
public record TargetSpec(Selection selection, SpellValue distance, boolean required,
       ^
/Users/quzzar/Projects/vestige/src/main/java/com/quzzar/vestige/magic/definition/SpellCost.java:12: warning: no @param for ticks
    record Cooldown(int ticks) implements SpellCost {
    ^
/Users/quzzar/Projects/vestige/src/main/java/com/quzzar/vestige/magic/definition/SpellSource.java:10: warning: no @param for spell
public record SpellSource(ResourceLocation spell, Optional<ResourceLocation> school, String revision, String displayName,
       ^
/Users/quzzar/Projects/vestige/src/main/java/com/quzzar/vestige/magic/definition/SpellSource.java:10: warning: no @param for school
public record SpellSource(ResourceLocation spell, Optional<ResourceLocation> school, String revision, String displayName,
       ^
/Users/quzzar/Projects/vestige/src/main/java/com/quzzar/vestige/magic/definition/SpellSource.java:10: warning: no @param for revision
public record SpellSource(ResourceLocation spell, Optional<ResourceLocation> school, String revision, String displayName,
       ^
/Users/quzzar/Projects/vestige/src/main/java/com/quzzar/vestige/magic/definition/SpellSource.java:10: warning: no @param for displayName
public record SpellSource(ResourceLocation spell, Optional<ResourceLocation> school, String revision, String displayName,
       ^
/Users/quzzar/Projects/vestige/src/main/java/com/quzzar/vestige/magic/definition/SpellSource.java:10: warning: no @param for castType
public record SpellSource(ResourceLocation spell, Optional<ResourceLocation> school, String revision, String displayName,
       ^
/Users/quzzar/Projects/vestige/src/main/java/com/quzzar/vestige/magic/definition/SpellSource.java:10: warning: no @param for cooldownTicks
public record SpellSource(ResourceLocation spell, Optional<ResourceLocation> school, String revision, String displayName,
       ^
/Users/quzzar/Projects/vestige/src/main/java/com/quzzar/vestige/magic/definition/SpellSource.java:10: warning: no @param for reference
public record SpellSource(ResourceLocation spell, Optional<ResourceLocation> school, String revision, String displayName,
       ^
/Users/quzzar/Projects/vestige/src/main/java/com/quzzar/vestige/magic/definition/SpellSource.java:24: warning: no @param for system
    public record Reference(String system, String edition, String publication, int rank, boolean cantrip, String rarity, URI url) {
           ^
/Users/quzzar/Projects/vestige/src/main/java/com/quzzar/vestige/magic/definition/SpellSource.java:24: warning: no @param for edition
    public record Reference(String system, String edition, String publication, int rank, boolean cantrip, String rarity, URI url) {
           ^
/Users/quzzar/Projects/vestige/src/main/java/com/quzzar/vestige/magic/definition/SpellSource.java:24: warning: no @param for publication
    public record Reference(String system, String edition, String publication, int rank, boolean cantrip, String rarity, URI url) {
           ^
/Users/quzzar/Projects/vestige/src/main/java/com/quzzar/vestige/magic/definition/SpellSource.java:24: warning: no @param for rank
    public record Reference(String system, String edition, String publication, int rank, boolean cantrip, String rarity, URI url) {
           ^
/Users/quzzar/Projects/vestige/src/main/java/com/quzzar/vestige/magic/definition/SpellSource.java:24: warning: no @param for cantrip
    public record Reference(String system, String edition, String publication, int rank, boolean cantrip, String rarity, URI url) {
           ^
/Users/quzzar/Projects/vestige/src/main/java/com/quzzar/vestige/magic/definition/SpellSource.java:24: warning: no @param for rarity
    public record Reference(String system, String edition, String publication, int rank, boolean cantrip, String rarity, URI url) {
           ^
/Users/quzzar/Projects/vestige/src/main/java/com/quzzar/vestige/magic/definition/SpellSource.java:24: warning: no @param for url
    public record Reference(String system, String edition, String publication, int rank, boolean cantrip, String rarity, URI url) {
           ^
/Users/quzzar/Projects/vestige/src/main/java/com/quzzar/vestige/magic/definition/SpellMode.java:8: warning: no @param for id
public record SpellMode(ResourceLocation id, List<SpellCost> costs, List<SpellEffect> effects) {
       ^
/Users/quzzar/Projects/vestige/src/main/java/com/quzzar/vestige/magic/definition/SpellMode.java:8: warning: no @param for costs
public record SpellMode(ResourceLocation id, List<SpellCost> costs, List<SpellEffect> effects) {
       ^
/Users/quzzar/Projects/vestige/src/main/java/com/quzzar/vestige/magic/definition/SpellMode.java:8: warning: no @param for effects
public record SpellMode(ResourceLocation id, List<SpellCost> costs, List<SpellEffect> effects) {
       ^
/Users/quzzar/Projects/vestige/src/main/java/com/quzzar/vestige/magic/expression/SpellValue.java:25: warning: no @param for path
    record Fact(ResourceLocation path) implements SpellValue {
    ^
/Users/quzzar/Projects/vestige/src/main/java/com/quzzar/vestige/magic/expression/SpellValue.java:19: warning: no @param for value
    record Clamp(SpellValue value,double minimum,double maximum) implements SpellValue {
    ^
/Users/quzzar/Projects/vestige/src/main/java/com/quzzar/vestige/magic/expression/SpellValue.java:19: warning: no @param for minimum
    record Clamp(SpellValue value,double minimum,double maximum) implements SpellValue {
    ^
/Users/quzzar/Projects/vestige/src/main/java/com/quzzar/vestige/magic/expression/SpellValue.java:19: warning: no @param for maximum
    record Clamp(SpellValue value,double minimum,double maximum) implements SpellValue {
    ^
/Users/quzzar/Projects/vestige/src/main/java/com/quzzar/vestige/magic/presentation/SpellSensePayload.java:12: warning: no @param for lease
public record SpellSensePayload(UUID lease, ResourceLocation dimension, String kind, int entityId, UUID entity,
       ^
/Users/quzzar/Projects/vestige/src/main/java/com/quzzar/vestige/magic/presentation/SpellSensePayload.java:12: warning: no @param for dimension
public record SpellSensePayload(UUID lease, ResourceLocation dimension, String kind, int entityId, UUID entity,
       ^
/Users/quzzar/Projects/vestige/src/main/java/com/quzzar/vestige/magic/presentation/SpellSensePayload.java:12: warning: no @param for kind
public record SpellSensePayload(UUID lease, ResourceLocation dimension, String kind, int entityId, UUID entity,
       ^
/Users/quzzar/Projects/vestige/src/main/java/com/quzzar/vestige/magic/presentation/SpellSensePayload.java:12: warning: no @param for entityId
public record SpellSensePayload(UUID lease, ResourceLocation dimension, String kind, int entityId, UUID entity,
       ^
/Users/quzzar/Projects/vestige/src/main/java/com/quzzar/vestige/magic/presentation/SpellSensePayload.java:12: warning: no @param for entity
public record SpellSensePayload(UUID lease, ResourceLocation dimension, String kind, int entityId, UUID entity,
       ^
/Users/quzzar/Projects/vestige/src/main/java/com/quzzar/vestige/magic/presentation/SpellSensePayload.java:12: warning: no @param for center
public record SpellSensePayload(UUID lease, ResourceLocation dimension, String kind, int entityId, UUID entity,
       ^
/Users/quzzar/Projects/vestige/src/main/java/com/quzzar/vestige/magic/presentation/SpellSensePayload.java:12: warning: no @param for radius
public record SpellSensePayload(UUID lease, ResourceLocation dimension, String kind, int entityId, UUID entity,
       ^
/Users/quzzar/Projects/vestige/src/main/java/com/quzzar/vestige/magic/presentation/SpellSensePayload.java:12: warning: no @param for duration
public record SpellSensePayload(UUID lease, ResourceLocation dimension, String kind, int entityId, UUID entity,
       ^
/Users/quzzar/Projects/vestige/src/main/java/com/quzzar/vestige/magic/presentation/SpellSensePayload.java:12: warning: no @param for stop
public record SpellSensePayload(UUID lease, ResourceLocation dimension, String kind, int entityId, UUID entity,
       ^
/Users/quzzar/Projects/vestige/src/main/java/com/quzzar/vestige/magic/presentation/SpellVisualPayload.java:15: warning: no @param for id
public record SpellVisualPayload(UUID id, ResourceLocation dimension, SpellVisual.Resolved visual,
       ^
/Users/quzzar/Projects/vestige/src/main/java/com/quzzar/vestige/magic/presentation/SpellVisualPayload.java:15: warning: no @param for dimension
public record SpellVisualPayload(UUID id, ResourceLocation dimension, SpellVisual.Resolved visual,
       ^
/Users/quzzar/Projects/vestige/src/main/java/com/quzzar/vestige/magic/presentation/SpellVisualPayload.java:15: warning: no @param for visual
public record SpellVisualPayload(UUID id, ResourceLocation dimension, SpellVisual.Resolved visual,
       ^
/Users/quzzar/Projects/vestige/src/main/java/com/quzzar/vestige/magic/presentation/SpellVisualPayload.java:15: warning: no @param for points
public record SpellVisualPayload(UUID id, ResourceLocation dimension, SpellVisual.Resolved visual,
       ^
/Users/quzzar/Projects/vestige/src/main/java/com/quzzar/vestige/magic/presentation/SpellVisualPayload.java:15: warning: no @param for seed
public record SpellVisualPayload(UUID id, ResourceLocation dimension, SpellVisual.Resolved visual,
       ^
/Users/quzzar/Projects/vestige/src/main/java/com/quzzar/vestige/magic/presentation/SpellVisualPayload.java:15: warning: no @param for elapsed
public record SpellVisualPayload(UUID id, ResourceLocation dimension, SpellVisual.Resolved visual,
       ^
/Users/quzzar/Projects/vestige/src/main/java/com/quzzar/vestige/magic/presentation/SpellVisualPayload.java:15: warning: no @param for follow
public record SpellVisualPayload(UUID id, ResourceLocation dimension, SpellVisual.Resolved visual,
       ^
/Users/quzzar/Projects/vestige/src/main/java/com/quzzar/vestige/magic/presentation/SpellVisualPayload.java:15: warning: no @param for stop
public record SpellVisualPayload(UUID id, ResourceLocation dimension, SpellVisual.Resolved visual,
       ^
/Users/quzzar/Projects/vestige/src/main/java/com/quzzar/vestige/magic/presentation/SpellVisualPayload.java:15: warning: no @param for burst
public record SpellVisualPayload(UUID id, ResourceLocation dimension, SpellVisual.Resolved visual,
       ^
/Users/quzzar/Projects/vestige/src/main/java/com/quzzar/vestige/magic/presentation/SpellVisual.java:10: warning: no @param for duration
public record SpellVisual(int duration, SpellValue radius, double height, List<Layer> layers,
       ^
/Users/quzzar/Projects/vestige/src/main/java/com/quzzar/vestige/magic/presentation/SpellVisual.java:10: warning: no @param for radius
public record SpellVisual(int duration, SpellValue radius, double height, List<Layer> layers,
       ^
/Users/quzzar/Projects/vestige/src/main/java/com/quzzar/vestige/magic/presentation/SpellVisual.java:10: warning: no @param for height
public record SpellVisual(int duration, SpellValue radius, double height, List<Layer> layers,
       ^
/Users/quzzar/Projects/vestige/src/main/java/com/quzzar/vestige/magic/presentation/SpellVisual.java:10: warning: no @param for layers
public record SpellVisual(int duration, SpellValue radius, double height, List<Layer> layers,
       ^
/Users/quzzar/Projects/vestige/src/main/java/com/quzzar/vestige/magic/presentation/SpellVisual.java:10: warning: no @param for endsWithBindings
public record SpellVisual(int duration, SpellValue radius, double height, List<Layer> layers,
       ^
/Users/quzzar/Projects/vestige/src/main/java/com/quzzar/vestige/magic/presentation/SpellVisual.java:10: warning: no @param for sound
public record SpellVisual(int duration, SpellValue radius, double height, List<Layer> layers,
       ^
/Users/quzzar/Projects/vestige/src/main/java/com/quzzar/vestige/apparatus/AttunementMark.java:12: warning: no @param for runes
public record AttunementMark(List<Rune> runes) {
       ^
/Users/quzzar/Projects/vestige/src/main/java/com/quzzar/vestige/apparatus/RitualRecipe.java:16: warning: no @param for spell
public record RitualRecipe(ResourceLocation spell, String name, int circle, int color, List<Part> parts, List<String> clues) {
       ^
/Users/quzzar/Projects/vestige/src/main/java/com/quzzar/vestige/apparatus/RitualRecipe.java:16: warning: no @param for name
public record RitualRecipe(ResourceLocation spell, String name, int circle, int color, List<Part> parts, List<String> clues) {
       ^
/Users/quzzar/Projects/vestige/src/main/java/com/quzzar/vestige/apparatus/RitualRecipe.java:16: warning: no @param for circle
public record RitualRecipe(ResourceLocation spell, String name, int circle, int color, List<Part> parts, List<String> clues) {
       ^
/Users/quzzar/Projects/vestige/src/main/java/com/quzzar/vestige/apparatus/RitualRecipe.java:16: warning: no @param for color
public record RitualRecipe(ResourceLocation spell, String name, int circle, int color, List<Part> parts, List<String> clues) {
       ^
/Users/quzzar/Projects/vestige/src/main/java/com/quzzar/vestige/apparatus/RitualRecipe.java:16: warning: no @param for parts
public record RitualRecipe(ResourceLocation spell, String name, int circle, int color, List<Part> parts, List<String> clues) {
       ^
/Users/quzzar/Projects/vestige/src/main/java/com/quzzar/vestige/apparatus/RitualRecipe.java:16: warning: no @param for clues
public record RitualRecipe(ResourceLocation spell, String name, int circle, int color, List<Part> parts, List<String> clues) {
       ^
/Users/quzzar/Projects/vestige/src/main/java/com/quzzar/vestige/apparatus/RitualInputs.java:9: warning: no @param for geometry
public record RitualInputs(LeylineShaping.Geometry geometry, List<Node> nodes) {
       ^
/Users/quzzar/Projects/vestige/src/main/java/com/quzzar/vestige/apparatus/RitualInputs.java:9: warning: no @param for nodes
public record RitualInputs(LeylineShaping.Geometry geometry, List<Node> nodes) {
       ^
/Users/quzzar/Projects/vestige/src/main/java/com/quzzar/vestige/apparatus/recipeviewer/RitualDisplayPayload.java:22: warning: no @param for page
public record RitualDisplayPayload(int page, boolean last, boolean refresh, List<RitualDisplays.Entry> entries) implements CustomPacketPayload {
       ^
/Users/quzzar/Projects/vestige/src/main/java/com/quzzar/vestige/apparatus/recipeviewer/RitualDisplayPayload.java:22: warning: no @param for last
public record RitualDisplayPayload(int page, boolean last, boolean refresh, List<RitualDisplays.Entry> entries) implements CustomPacketPayload {
       ^
/Users/quzzar/Projects/vestige/src/main/java/com/quzzar/vestige/apparatus/recipeviewer/RitualDisplayPayload.java:22: warning: no @param for refresh
public record RitualDisplayPayload(int page, boolean last, boolean refresh, List<RitualDisplays.Entry> entries) implements CustomPacketPayload {
       ^
/Users/quzzar/Projects/vestige/src/main/java/com/quzzar/vestige/apparatus/recipeviewer/RitualDisplayPayload.java:22: warning: no @param for entries
public record RitualDisplayPayload(int page, boolean last, boolean refresh, List<RitualDisplays.Entry> entries) implements CustomPacketPayload {
       ^
/Users/quzzar/Projects/vestige/src/main/java/com/quzzar/vestige/apparatus/ApparatusBlock.java:100: warning: no @param for state
    public static boolean exposed(BlockState state) {
                          ^
/Users/quzzar/Projects/vestige/src/main/java/com/quzzar/vestige/apparatus/ApparatusBlock.java:100: warning: no @return
    public static boolean exposed(BlockState state) {
                          ^
100 warnings

> Task :javadocJar UP-TO-DATE
> Task :assemble

> Task :runGameTestServer
WARN StatusConsoleListener Advanced terminal features are not available in this environment
[14:36:11] [main/INFO] [cp.mo.mo.Launcher/MODLAUNCHER]: ModLauncher running: args [--launchTarget, forgeserveruserdev, --gameDir, ., --fml.neoForgeVersion, 21.1.72, --fml.fmlVersion, 4.0.29, --fml.mcVersion, 1.21.1, --fml.neoFormVersion, 20240808.144430]
[14:36:11] [main/INFO] [cp.mo.mo.Launcher/MODLAUNCHER]: JVM identified as Eclipse Adoptium OpenJDK 64-Bit Server VM 21.0.12.1+1-LTS
[14:36:11] [main/INFO] [cp.mo.mo.Launcher/MODLAUNCHER]: ModLauncher 11.0.4+main.d2e20e43 starting: java version 21.0.12.1 by Eclipse Adoptium; OS Mac OS X arch aarch64 version 27.0
[14:36:11] [main/DEBUG] [cp.mo.mo.LaunchServiceHandler/MODLAUNCHER]: Found launch services [minecraft,forgeclient,forgedatauserdev,testharness,forgeserverdev,forgeserveruserdev,forgejunitdev,forgeclientdev,forgeclientuserdev,forgeserver,forgejunituserdev,forgedatadev]
[14:36:11] [main/DEBUG] [cp.mo.mo.LaunchPluginHandler/MODLAUNCHER]: Found launch plugins: [mixin,slf4jfixer,runtime_enum_extender,accesstransformer,runtimedistcleaner]
[14:36:11] [main/DEBUG] [cp.mo.mo.TransformationServicesHandler/MODLAUNCHER]: Discovering transformation services
[14:36:11] [main/DEBUG] [ne.ne.fm.lo.FMLPaths/CORE]: Path GAMEDIR is /private/tmp/vestige-scroll-knowledge-world-complete
[14:36:11] [main/DEBUG] [ne.ne.fm.lo.FMLPaths/CORE]: Path MODSDIR is /private/tmp/vestige-scroll-knowledge-world-complete/mods
[14:36:11] [main/DEBUG] [ne.ne.fm.lo.FMLPaths/CORE]: Path CONFIGDIR is /private/tmp/vestige-scroll-knowledge-world-complete/config
[14:36:11] [main/DEBUG] [ne.ne.fm.lo.FMLPaths/CORE]: Path FMLCONFIG is /private/tmp/vestige-scroll-knowledge-world-complete/config/fml.toml
[14:36:11] [main/WARN] [ne.ne.fm.lo.FMLConfig/CORE]: Configuration file /private/tmp/vestige-scroll-knowledge-world-complete/config/fml.toml is not correct. Correcting
[14:36:11] [main/INFO] [ne.ne.fm.lo.FMLConfig/CORE]: Incorrect key [disableConfigWatcher] was corrected from null to false
[14:36:11] [main/INFO] [ne.ne.fm.lo.FMLConfig/CORE]: Incorrect key [earlyWindowSkipGLVersions] was corrected from null to []
[14:36:11] [main/INFO] [ne.ne.fm.lo.FMLConfig/CORE]: Incorrect key [earlyWindowSquir] was corrected from null to false
[14:36:11] [main/DEBUG] [ne.ne.fm.lo.ta.CommonLaunchHandler/CORE]: Got mod coordinates vestige%%/private/tmp/vestige-scroll-knowledge-build/classes/java/main:vestige%%/private/tmp/vestige-scroll-knowledge-build/resources/main from env
[14:36:11] [main/DEBUG] [ne.ne.fm.lo.ta.CommonLaunchHandler/CORE]: Found supplied mod coordinates [{vestige=[/private/tmp/vestige-scroll-knowledge-build/classes/java/main, /private/tmp/vestige-scroll-knowledge-build/resources/main]}]
[14:36:11] [main/DEBUG] [cp.mo.mo.TransformationServicesHandler/MODLAUNCHER]: Found additional transformation services from discovery services: 
[14:36:11] [main/INFO] [ne.ne.fm.lo.ImmediateWindowHandler/]: ImmediateWindowProvider not loading because launch target is forgeserveruserdev
[14:36:11] [main/DEBUG] [cp.mo.mo.TransformationServicesHandler/MODLAUNCHER]: Found transformer services : [mixin,fml]
[14:36:11] [main/DEBUG] [cp.mo.mo.TransformationServicesHandler/MODLAUNCHER]: Transformation services loading
[14:36:11] [main/DEBUG] [cp.mo.mo.TransformationServiceDecorator/MODLAUNCHER]: Loading service mixin
[14:36:11] [main/DEBUG] [cp.mo.mo.TransformationServiceDecorator/MODLAUNCHER]: Loaded service mixin
[14:36:11] [main/DEBUG] [cp.mo.mo.TransformationServiceDecorator/MODLAUNCHER]: Loading service fml
[14:36:11] [main/DEBUG] [ne.ne.fm.lo.FMLLoader/CORE]: FML 4.0.29 loading
[14:36:11] [main/DEBUG] [ne.ne.fm.lo.FMLLoader/CORE]: FML found ModLauncher version : 11.0.4+main.d2e20e43
[14:36:11] [main/DEBUG] [ne.ne.fm.lo.FMLLoader/CORE]: FML found AccessTransformer version : 10.0.1+139da711
[14:36:11] [main/DEBUG] [ne.ne.fm.lo.FMLLoader/CORE]: FML found EventBus version : null
[14:36:11] [main/DEBUG] [ne.ne.fm.lo.FMLLoader/CORE]: Found Runtime Dist Cleaner
[14:36:11] [main/DEBUG] [cp.mo.mo.TransformationServiceDecorator/MODLAUNCHER]: Loaded service fml
[14:36:11] [main/DEBUG] [cp.mo.mo.TransformationServicesHandler/MODLAUNCHER]: Configuring option handling for services
[14:36:11] [main/DEBUG] [ne.ne.fm.lo.FMLServiceProvider/CORE]: Received command line version data  : VersionInfo[neoForgeVersion=21.1.72, fmlVersion=4.0.29, mcVersion=1.21.1, neoFormVersion=20240808.144430]
[14:36:11] [main/DEBUG] [cp.mo.mo.TransformationServicesHandler/MODLAUNCHER]: Transformation services initializing
[14:36:11] [main/DEBUG] [cp.mo.mo.TransformationServiceDecorator/MODLAUNCHER]: Initializing transformation service mixin
[14:36:11] [main/DEBUG] [mixin/]: MixinService [ModLauncher] was successfully booted in cpw.mods.cl.ModuleClassLoader@23faf8f2
[14:36:11] [main/INFO] [mixin/]: SpongePowered MIXIN Subsystem Version=0.8.7 Source=union:/Users/quzzar/.gradle/caches/modules-2/files-2.1/net.fabricmc/sponge-mixin/0.15.2+mixin.0.8.7/2af2f021d8e02a0220dc27a7a72b4666d66d44ca/sponge-mixin-0.15.2+mixin.0.8.7.jar%2387!/ Service=ModLauncher Env=SERVER
[14:36:11] [main/DEBUG] [mixin/]: Initialising Mixin Platform Manager
[14:36:11] [main/DEBUG] [mixin/]: Adding mixin platform agents for container ModLauncher Root Container(ModLauncher:4f56a0a2)
[14:36:11] [main/DEBUG] [mixin/]: Instancing new MixinPlatformAgentMinecraftForge for ModLauncher Root Container(ModLauncher:4f56a0a2)
[14:36:11] [main/DEBUG] [mixin/]: MixinPlatformAgentMinecraftForge rejected container ModLauncher Root Container(ModLauncher:4f56a0a2)
[14:36:11] [main/DEBUG] [mixin/]: Instancing new MixinPlatformAgentDefault for ModLauncher Root Container(ModLauncher:4f56a0a2)
[14:36:11] [main/DEBUG] [mixin/]: MixinPlatformAgentDefault accepted container ModLauncher Root Container(ModLauncher:4f56a0a2)
[14:36:11] [main/DEBUG] [cp.mo.mo.TransformationServiceDecorator/MODLAUNCHER]: Initialized transformation service mixin
[14:36:11] [main/DEBUG] [cp.mo.mo.TransformationServiceDecorator/MODLAUNCHER]: Initializing transformation service fml
[14:36:11] [main/DEBUG] [ne.ne.fm.lo.FMLServiceProvider/CORE]: Setting up basic FML game directories
[14:36:11] [main/DEBUG] [ne.ne.fm.lo.FMLPaths/CORE]: Path GAMEDIR is /private/tmp/vestige-scroll-knowledge-world-complete
[14:36:11] [main/DEBUG] [ne.ne.fm.lo.FMLPaths/CORE]: Path MODSDIR is /private/tmp/vestige-scroll-knowledge-world-complete/mods
[14:36:11] [main/DEBUG] [ne.ne.fm.lo.FMLPaths/CORE]: Path CONFIGDIR is /private/tmp/vestige-scroll-knowledge-world-complete/config
[14:36:11] [main/DEBUG] [ne.ne.fm.lo.FMLPaths/CORE]: Path FMLCONFIG is /private/tmp/vestige-scroll-knowledge-world-complete/config/fml.toml
[14:36:11] [main/DEBUG] [ne.ne.fm.lo.FMLServiceProvider/CORE]: Loading configuration
[14:36:11] [main/DEBUG] [ne.ne.fm.lo.FMLServiceProvider/CORE]: Preparing launch handler
[14:36:11] [main/DEBUG] [ne.ne.fm.lo.FMLLoader/CORE]: Using forgeserveruserdev as launch service
[14:36:11] [main/DEBUG] [cp.mo.mo.TransformationServiceDecorator/MODLAUNCHER]: Initialized transformation service fml
[14:36:11] [main/DEBUG] [cp.mo.mo.TransformationServicesHandler/MODLAUNCHER]: Transformation services begin scanning
[14:36:11] [main/DEBUG] [cp.mo.mo.TransformationServiceDecorator/MODLAUNCHER]: Beginning scan trigger - transformation service mixin
[14:36:11] [main/DEBUG] [cp.mo.mo.TransformationServiceDecorator/MODLAUNCHER]: End scan trigger - transformation service mixin
[14:36:11] [main/DEBUG] [cp.mo.mo.TransformationServiceDecorator/MODLAUNCHER]: Beginning scan trigger - transformation service fml
[14:36:11] [main/DEBUG] [ne.ne.fm.lo.FMLServiceProvider/CORE]: Initiating mod scan
[14:36:11] [main/DEBUG] [ne.ne.fm.lo.ta.CommonLaunchHandler/CORE]: Got mod coordinates vestige%%/private/tmp/vestige-scroll-knowledge-build/classes/java/main:vestige%%/private/tmp/vestige-scroll-knowledge-build/resources/main from env
[14:36:11] [main/DEBUG] [ne.ne.fm.lo.ta.CommonLaunchHandler/CORE]: Found supplied mod coordinates [{vestige=[/private/tmp/vestige-scroll-knowledge-build/classes/java/main, /private/tmp/vestige-scroll-knowledge-build/resources/main]}]
[14:36:11] [main/DEBUG] [ne.ne.fm.ut.ServiceLoaderUtil/CORE]: Found 4 implementations of IModFileCandidateLocator:
[14:36:11] [main/DEBUG] [ne.ne.fm.ut.ServiceLoaderUtil/CORE]: 	       0 - [built-in] net.neoforged.fml.loading.moddiscovery.locators.NeoForgeDevProvider from loader-4.0.29.jar
[14:36:11] [main/DEBUG] [ne.ne.fm.ut.ServiceLoaderUtil/CORE]: 	       0 - net.neoforged.fml.loading.moddiscovery.locators.ModsFolderLocator from loader-4.0.29.jar
[14:36:11] [main/DEBUG] [ne.ne.fm.ut.ServiceLoaderUtil/CORE]: 	       0 - net.neoforged.fml.loading.moddiscovery.locators.MavenDirectoryLocator from loader-4.0.29.jar
[14:36:11] [main/DEBUG] [ne.ne.fm.ut.ServiceLoaderUtil/CORE]: 	   -1000 - [built-in] net.neoforged.fml.loading.moddiscovery.locators.UserdevLocator from loader-4.0.29.jar
[14:36:11] [main/DEBUG] [ne.ne.fm.ut.ServiceLoaderUtil/CORE]: Found 2 implementations of IModFileReader:
[14:36:11] [main/DEBUG] [ne.ne.fm.ut.ServiceLoaderUtil/CORE]: 	       0 - net.neoforged.fml.loading.moddiscovery.readers.JarModsDotTomlModFileReader from loader-4.0.29.jar
[14:36:11] [main/DEBUG] [ne.ne.fm.ut.ServiceLoaderUtil/CORE]: 	   -1000 - net.neoforged.fml.loading.moddiscovery.readers.NestedLibraryModReader from loader-4.0.29.jar
[14:36:11] [main/DEBUG] [ne.ne.fm.ut.ServiceLoaderUtil/CORE]: Found 1 implementations of IDependencyLocator:
[14:36:11] [main/DEBUG] [ne.ne.fm.ut.ServiceLoaderUtil/CORE]: 	       0 - net.neoforged.fml.loading.moddiscovery.locators.JarInJarDependencyLocator from loader-4.0.29.jar
[14:36:11] [main/DEBUG] [ne.ne.fm.lo.mo.ModFileInfo/LOADING]: Found valid mod file neoforge-21.1.72-minecraft.jar with {minecraft} mods - versions {1.21.1}
[14:36:11] [main/DEBUG] [ne.ne.fm.lo.mo.ModFileParser/LOADING]: Considering mod file candidate /private/tmp/vestige-scroll-knowledge-build/moddev/artifacts/neoforge-21.1.72-minecraft.jar
[14:36:11] [main/DEBUG] [ne.ne.fm.lo.mo.ModFileInfo/LOADING]: Found valid mod file neoforge-21.1.72-minecraft.jar with {neoforge} mods - versions {21.1.72}
[14:36:11] [main/DEBUG] [ne.ne.fm.lo.mo.ModListHandler/CORE]: Found mod coordinates from lists: []
[14:36:11] [main/DEBUG] [ne.ne.fm.lo.mo.ModFileParser/LOADING]: Considering mod file candidate /private/tmp/vestige-scroll-knowledge-build/classes/java/main
[14:36:11] [main/DEBUG] [ne.ne.fm.lo.mo.ModFileInfo/LOADING]: Found valid mod file main with {vestige} mods - versions {0.1.0}
[14:36:11] [main/DEBUG] [ne.ne.fm.lo.mo.ModFileParser/LOADING]: Considering mod file candidate /Users/quzzar/Projects/kithkyn/build/libs/kithkyn-1.0.0.jar
[14:36:11] [main/DEBUG] [ne.ne.fm.lo.mo.ModFileInfo/LOADING]: Found valid mod file kithkyn-1.0.0.jar with {kithkyn} mods - versions {1.0.0}
[14:36:11] [main/DEBUG] [ne.ne.fm.lo.mo.ModFileParser/LOADING]: Considering mod file candidate /private/tmp/vestige-scroll-knowledge-build/moddev/artifacts/neoforge-21.1.72-minecraft.jar
[14:36:11] [main/DEBUG] [ne.ne.fm.lo.mo.ModFileInfo/LOADING]: Found valid mod file neoforge-21.1.72-minecraft.jar with {neoforge} mods - versions {21.1.72}
[14:36:11] [main/DEBUG] [ne.ne.fm.lo.mo.ModDiscoverer/]: Skipping /Users/quzzar/.gradle/caches/modules-2/files-2.1/net.neoforged.fancymodloader/earlydisplay/4.0.29/1edc5420c37dde59a5c8b12a842f3ea22cd6139e/earlydisplay-4.0.29.jar because it was already located earlier
[14:36:11] [main/DEBUG] [ne.ne.fm.lo.mo.ModDiscoverer/]: Skipping /Users/quzzar/.gradle/caches/modules-2/files-2.1/net.neoforged.fancymodloader/loader/4.0.29/d18deaf54bafe631f281d4adb5b905308e0a271e/loader-4.0.29.jar because it was already located earlier
[14:36:11] [main/DEBUG] [ne.ne.fm.lo.mo.ModDiscoverer/]: Skipping /Users/quzzar/.gradle/caches/modules-2/files-2.1/net.neoforged/coremods/7.0.3/9147e6f638b4272b3bd5fc8f92ad37802512c6c/coremods-7.0.3.jar because it was already located earlier
[14:36:11] [main/DEBUG] [ne.ne.fm.lo.mo.ModDiscoverer/]: Skipping /Users/quzzar/.gradle/caches/modules-2/files-2.1/cpw.mods/modlauncher/11.0.4/6619d4812a3c092310d521ebc4c9503727563df7/modlauncher-11.0.4.jar because it was already located earlier
[14:36:11] [main/DEBUG] [ne.ne.fm.lo.mo.ModDiscoverer/]: Skipping /Users/quzzar/.gradle/caches/modules-2/files-2.1/net.neoforged.accesstransformers/at-modlauncher/10.0.1/5aba50202aceead086bc09fbc2751c9f05cb4890/at-modlauncher-10.0.1.jar because it was already located earlier
[14:36:11] [main/DEBUG] [ne.ne.fm.lo.mo.ModDiscoverer/]: Skipping /Users/quzzar/.gradle/caches/modules-2/files-2.1/net.neoforged/accesstransformers/10.0.1/fd83b5725f76eae9115e9355fa1c456a6a441400/accesstransformers-10.0.1.jar because it was already located earlier
[14:36:11] [main/DEBUG] [ne.ne.fm.lo.mo.ModDiscoverer/]: Skipping /Users/quzzar/.gradle/caches/modules-2/files-2.1/org.openjdk.nashorn/nashorn-core/15.4/f67f5ffaa5f5130cf6fb9b133da00c7df3b532a5/nashorn-core-15.4.jar because it was already located earlier
[14:36:11] [main/DEBUG] [ne.ne.fm.lo.mo.ModDiscoverer/]: Skipping /Users/quzzar/.gradle/caches/modules-2/files-2.1/net.neoforged/mergetool/2.0.3/1275202cbbb248f49345cf6787ce299afd9a02fb/mergetool-2.0.3-api.jar because it was already located earlier
[14:36:11] [main/DEBUG] [ne.ne.fm.lo.mo.ModDiscoverer/]: Skipping /Users/quzzar/.gradle/caches/modules-2/files-2.1/net.neoforged/bus/8.0.2/163c9ef7c4bcca6d850c34e95261b606af91fe06/bus-8.0.2.jar because it was already located earlier
[14:36:11] [main/DEBUG] [ne.ne.fm.lo.mo.ModDiscoverer/]: Skipping /Users/quzzar/.gradle/caches/modules-2/files-2.1/com.electronwill.night-config/toml/3.8.0/861dbcf2757dd6701c98b3949198549ccb5f62ff/toml-3.8.0.jar because it was already located earlier
[14:36:11] [main/DEBUG] [ne.ne.fm.lo.mo.ModDiscoverer/]: Skipping /Users/quzzar/.gradle/caches/modules-2/files-2.1/com.electronwill.night-config/core/3.8.0/2498dd2b3120dd49e963e2feab8fa5d0c5f80e0a/core-3.8.0.jar because it was already located earlier
[14:36:11] [main/DEBUG] [ne.ne.fm.lo.mo.ModDiscoverer/]: Skipping /Users/quzzar/.gradle/caches/modules-2/files-2.1/net.neoforged/JarJarSelector/0.4.1/fb3cc7a58af22ad2880adb98af6d518128c47dae/JarJarSelector-0.4.1.jar because it was already located earlier
[14:36:11] [main/DEBUG] [ne.ne.fm.lo.mo.ModDiscoverer/]: Skipping /Users/quzzar/.gradle/caches/modules-2/files-2.1/net.neoforged/JarJarMetadata/0.4.1/f8da03683dc81694556dc3e177c5e3bb77ae6fcb/JarJarMetadata-0.4.1.jar because it was already located earlier
[14:36:11] [main/DEBUG] [ne.ne.fm.lo.mo.ModDiscoverer/]: Skipping /Users/quzzar/.gradle/caches/modules-2/files-2.1/org.apache.maven/maven-artifact/3.8.5/4433f50c07debefaed0553bd0068f4f48d449313/maven-artifact-3.8.5.jar because it was already located earlier
[14:36:11] [main/DEBUG] [ne.ne.fm.lo.mo.ModDiscoverer/]: Skipping /Users/quzzar/.gradle/caches/modules-2/files-2.1/net.jodah/typetools/0.6.3/a01aaa6ddaea9ec07ec4f209487b7a46a526283a/typetools-0.6.3.jar because it was already located earlier
[14:36:11] [main/DEBUG] [ne.ne.fm.lo.mo.ModDiscoverer/]: Skipping /Users/quzzar/.gradle/caches/modules-2/files-2.1/net.minecrell/terminalconsoleappender/1.3.0/b562e9bb61235c9520e26282cdee71f8f802d1fc/terminalconsoleappender-1.3.0.jar because it was already located earlier
[14:36:11] [main/DEBUG] [ne.ne.fm.lo.mo.ModDiscoverer/]: Skipping /Users/quzzar/.gradle/caches/modules-2/files-2.1/net.fabricmc/sponge-mixin/0.15.2+mixin.0.8.7/2af2f021d8e02a0220dc27a7a72b4666d66d44ca/sponge-mixin-0.15.2+mixin.0.8.7.jar because it was already located earlier
[14:36:11] [main/DEBUG] [ne.ne.fm.lo.mo.ModDiscoverer/]: Skipping /Users/quzzar/.gradle/caches/modules-2/files-2.1/org.apache.commons/commons-lang3/3.14.0/1ed471194b02f2c6cb734a0cd6f6f107c673afae/commons-lang3-3.14.0.jar because it was already located earlier
[14:36:11] [main/DEBUG] [ne.ne.fm.lo.mo.ModDiscoverer/]: Skipping /Users/quzzar/.gradle/caches/modules-2/files-2.1/com.mojang/logging/1.2.7/24cb95ffb0e3433fd6e844c04e68009e504ca1c0/logging-1.2.7.jar because it was already located earlier
[14:36:11] [main/DEBUG] [ne.ne.fm.lo.mo.ModDiscoverer/]: Skipping /Users/quzzar/.gradle/caches/modules-2/files-2.1/org.apache.logging.log4j/log4j-slf4j2-impl/2.22.1/d7e6693c2606cb7e7335047d7bb96dec52db5665/log4j-slf4j2-impl-2.22.1.jar because it was already located earlier
[14:36:11] [main/DEBUG] [ne.ne.fm.lo.mo.ModDiscoverer/]: Skipping /Users/quzzar/.gradle/caches/modules-2/files-2.1/org.apache.logging.log4j/log4j-core/2.22.1/7183a25510a02ad00cc6a95d3b3d2a7d3c5a8dc4/log4j-core-2.22.1.jar because it was already located earlier
[14:36:11] [main/DEBUG] [ne.ne.fm.lo.mo.ModDiscoverer/]: Skipping /Users/quzzar/.gradle/caches/modules-2/files-2.1/org.apache.logging.log4j/log4j-api/2.22.1/bea6fede6328fabafd7e68363161a7ea6605abd1/log4j-api-2.22.1.jar because it was already located earlier
[14:36:11] [main/DEBUG] [ne.ne.fm.lo.mo.ModDiscoverer/]: Skipping /Users/quzzar/.gradle/caches/modules-2/files-2.1/net.sf.jopt-simple/jopt-simple/5.0.4/4fdac2fbe92dfad86aa6e9301736f6b4342a3f5c/jopt-simple-5.0.4.jar because it was already located earlier
[14:36:11] [main/DEBUG] [ne.ne.fm.lo.mo.ModDiscoverer/]: Skipping /Users/quzzar/.gradle/caches/modules-2/files-2.1/commons-io/commons-io/2.15.1/f11560da189ab563a5c8e351941415430e9304ea/commons-io-2.15.1.jar because it was already located earlier
[14:36:11] [main/DEBUG] [ne.ne.fm.lo.mo.ModDiscoverer/]: Skipping /Users/quzzar/.gradle/caches/modules-2/files-2.1/com.google.guava/guava/32.1.2-jre/5e64ec7e056456bef3a4bc4c6fdaef71e8ab6318/guava-32.1.2-jre.jar because it was already located earlier
[14:36:11] [main/DEBUG] [ne.ne.fm.lo.mo.ModDiscoverer/]: Skipping /Users/quzzar/.gradle/caches/modules-2/files-2.1/com.google.code.gson/gson/2.10.1/b3add478d4382b78ea20b1671390a858002feb6c/gson-2.10.1.jar because it was already located earlier
[14:36:11] [main/DEBUG] [ne.ne.fm.lo.mo.ModDiscoverer/]: Skipping /Users/quzzar/.gradle/caches/modules-2/files-2.1/org.slf4j/slf4j-api/2.0.9/7cf2726fdcfbc8610f9a71fb3ed639871f315340/slf4j-api-2.0.9.jar because it was already located earlier
[14:36:11] [main/DEBUG] [ne.ne.fm.lo.mo.ModDiscoverer/]: Skipping /Users/quzzar/.gradle/caches/modules-2/files-2.1/org.antlr/antlr4-runtime/4.13.1/17125bae1d965624e265ef49552f6465a2bfa307/antlr4-runtime-4.13.1.jar because it was already located earlier
[14:36:11] [main/DEBUG] [ne.ne.fm.lo.mo.ModDiscoverer/]: Skipping /Users/quzzar/.gradle/caches/modules-2/files-2.1/net.minecraftforge/srgutils/0.4.15/ca408b131759478f164e010fae0d73997e125fb5/srgutils-0.4.15.jar because it was already located earlier
[14:36:11] [main/DEBUG] [ne.ne.fm.lo.mo.ModDiscoverer/]: Skipping /Users/quzzar/.gradle/caches/modules-2/files-2.1/org.codehaus.plexus/plexus-utils/3.3.0/cf43b5391de623b36fe066a21127baef82c64022/plexus-utils-3.3.0.jar because it was already located earlier
[14:36:11] [main/DEBUG] [ne.ne.fm.lo.mo.ModDiscoverer/]: Skipping /Users/quzzar/.gradle/caches/modules-2/files-2.1/org.jline/jline-reader/3.20.0/8f15415b022a25b473e8e16c28ae913186ffb9c4/jline-reader-3.20.0.jar because it was already located earlier
[14:36:11] [main/DEBUG] [ne.ne.fm.lo.mo.ModDiscoverer/]: Skipping /Users/quzzar/.gradle/caches/modules-2/files-2.1/com.machinezoo.noexception/noexception/1.7.1/b65330c98e38a1f915fa54a6e5eca496505e3f0a/noexception-1.7.1.jar because it was already located earlier
[14:36:11] [main/DEBUG] [ne.ne.fm.lo.mo.ModDiscoverer/]: Skipping /Users/quzzar/.gradle/caches/modules-2/files-2.1/com.github.oshi/oshi-core/6.4.10/b1d8ab82d11d92fd639b56d639f8f46f739dd5fa/oshi-core-6.4.10.jar because it was already located earlier
[14:36:11] [main/DEBUG] [ne.ne.fm.lo.mo.ModDiscoverer/]: Skipping /Users/quzzar/.gradle/caches/modules-2/files-2.1/com.google.guava/failureaccess/1.0.1/1dcf1de382a0bf95a3d8b0849546c88bac1292c9/failureaccess-1.0.1.jar because it was already located earlier
[14:36:11] [main/DEBUG] [ne.ne.fm.lo.mo.ModDiscoverer/]: Skipping /Users/quzzar/.gradle/caches/modules-2/files-2.1/com.mojang/authlib/6.0.54/de8bc95660e1b2fe8793fd427a7a10dcec5b3ea7/authlib-6.0.54.jar because it was already located earlier
[14:36:11] [main/DEBUG] [ne.ne.fm.lo.mo.ModDiscoverer/]: Skipping /Users/quzzar/.gradle/caches/modules-2/files-2.1/com.mojang/brigadier/1.3.10/d15b53a14cf20fdcaa98f731af5dda654452c010/brigadier-1.3.10.jar because it was already located earlier
[14:36:11] [main/DEBUG] [ne.ne.fm.lo.mo.ModDiscoverer/]: Skipping /Users/quzzar/.gradle/caches/modules-2/files-2.1/com.mojang/datafixerupper/8.0.16/67d4de6d7f95d89bcf5862995fb854ebaec02a34/datafixerupper-8.0.16.jar because it was already located earlier
[14:36:11] [main/DEBUG] [ne.ne.fm.lo.mo.ModDiscoverer/]: Skipping /Users/quzzar/.gradle/caches/modules-2/files-2.1/io.netty/netty-buffer/4.1.97.Final/f8f3d8644afa5e6e1a40a3a6aeb9d9aa970ecb4f/netty-buffer-4.1.97.Final.jar because it was already located earlier
[14:36:11] [main/DEBUG] [ne.ne.fm.lo.mo.ModDiscoverer/]: Skipping /Users/quzzar/.gradle/caches/modules-2/files-2.1/io.netty/netty-codec/4.1.97.Final/384ba4d75670befbedb45c4d3b497a93639c206d/netty-codec-4.1.97.Final.jar because it was already located earlier
[14:36:11] [main/DEBUG] [ne.ne.fm.lo.mo.ModDiscoverer/]: Skipping /Users/quzzar/.gradle/caches/modules-2/files-2.1/io.netty/netty-common/4.1.97.Final/7cceacaf11df8dc63f23d0fb58e9d4640fc88404/netty-common-4.1.97.Final.jar because it was already located earlier
[14:36:11] [main/DEBUG] [ne.ne.fm.lo.mo.ModDiscoverer/]: Skipping /Users/quzzar/.gradle/caches/modules-2/files-2.1/io.netty/netty-handler/4.1.97.Final/abb86c6906bf512bf2b797a41cd7d2e8d3cd7c36/netty-handler-4.1.97.Final.jar because it was already located earlier
[14:36:11] [main/DEBUG] [ne.ne.fm.lo.mo.ModDiscoverer/]: Skipping /Users/quzzar/.gradle/caches/modules-2/files-2.1/io.netty/netty-resolver/4.1.97.Final/cec8348108dc76c47cf87c669d514be52c922144/netty-resolver-4.1.97.Final.jar because it was already located earlier
[14:36:11] [main/DEBUG] [ne.ne.fm.lo.mo.ModDiscoverer/]: Skipping /Users/quzzar/.gradle/caches/modules-2/files-2.1/io.netty/netty-transport-classes-epoll/4.1.97.Final/795da37ded759e862457a82d9d92c4d39ce8ecee/netty-transport-classes-epoll-4.1.97.Final.jar because it was already located earlier
[14:36:11] [main/DEBUG] [ne.ne.fm.lo.mo.ModDiscoverer/]: Skipping /Users/quzzar/.gradle/caches/modules-2/files-2.1/io.netty/netty-transport-native-unix-common/4.1.97.Final/d469d84265ab70095b01b40886cabdd433b6e664/netty-transport-native-unix-common-4.1.97.Final.jar because it was already located earlier
[14:36:11] [main/DEBUG] [ne.ne.fm.lo.mo.ModDiscoverer/]: Skipping /Users/quzzar/.gradle/caches/modules-2/files-2.1/io.netty/netty-transport/4.1.97.Final/f37380d23c9bb079bc702910833b2fd532c9abd0/netty-transport-4.1.97.Final.jar because it was already located earlier
[14:36:11] [main/DEBUG] [ne.ne.fm.lo.mo.ModDiscoverer/]: Skipping /Users/quzzar/.gradle/caches/modules-2/files-2.1/it.unimi.dsi/fastutil/8.5.12/c24946d46824bd528054bface3231d2ecb7e95e8/fastutil-8.5.12.jar because it was already located earlier
[14:36:11] [main/DEBUG] [ne.ne.fm.lo.mo.ModDiscoverer/]: Skipping /Users/quzzar/.gradle/caches/modules-2/files-2.1/net.java.dev.jna/jna-platform/5.14.0/28934d48aed814f11e4c584da55c49fa7032b31b/jna-platform-5.14.0.jar because it was already located earlier
[14:36:11] [main/DEBUG] [ne.ne.fm.lo.mo.ModDiscoverer/]: Skipping /Users/quzzar/.gradle/caches/modules-2/files-2.1/net.java.dev.jna/jna/5.14.0/67bf3eaea4f0718cb376a181a629e5f88fa1c9dd/jna-5.14.0.jar because it was already located earlier
[14:36:11] [main/DEBUG] [ne.ne.fm.lo.mo.ModDiscoverer/]: Skipping /Users/quzzar/.gradle/caches/modules-2/files-2.1/org.joml/joml/1.10.5/22566d58af70ad3d72308bab63b8339906deb649/joml-1.10.5.jar because it was already located earlier
[14:36:11] [main/DEBUG] [ne.ne.fm.lo.mo.ModDiscoverer/]: Skipping /Users/quzzar/.gradle/caches/modules-2/files-2.1/org.lz4/lz4-java/1.8.0/4b986a99445e49ea5fbf5d149c4b63f6ed6c6780/lz4-java-1.8.0.jar because it was already located earlier
[14:36:11] [main/DEBUG] [ne.ne.fm.lo.mo.ModDiscoverer/]: Skipping /Users/quzzar/.gradle/caches/modules-2/files-2.1/org.jline/jline-terminal/3.20.0/d0ddcc708ddf527a3454c941b7b9225cc83a15ff/jline-terminal-3.20.0.jar because it was already located earlier
[14:36:11] [main/DEBUG] [ne.ne.fm.lo.mo.ModDiscoverer/]: Skipping /Users/quzzar/.gradle/caches/modules-2/files-2.1/com.google.guava/listenablefuture/9999.0-empty-to-avoid-conflict-with-guava/b421526c5f297295adef1c886e5246c39d4ac629/listenablefuture-9999.0-empty-to-avoid-conflict-with-guava.jar because it was already located earlier
[14:36:11] [main/DEBUG] [ne.ne.fm.lo.mo.ModDiscoverer/]: Skipping /Users/quzzar/.gradle/caches/modules-2/files-2.1/com.google.code.findbugs/jsr305/3.0.2/25ea2e8b0c338a877313bd4672d3fe056ea78f0d/jsr305-3.0.2.jar because it was already located earlier
[14:36:11] [main/DEBUG] [ne.ne.fm.lo.mo.ModDiscoverer/]: Skipping /Users/quzzar/.gradle/caches/modules-2/files-2.1/org.checkerframework/checker-qual/3.33.0/de2b60b62da487644fc11f734e73c8b0b431238f/checker-qual-3.33.0.jar because it was already located earlier
[14:36:11] [main/DEBUG] [ne.ne.fm.lo.mo.ModDiscoverer/]: Skipping /Users/quzzar/.gradle/caches/modules-2/files-2.1/com.google.errorprone/error_prone_annotations/2.18.0/89b684257096f548fa39a7df9fdaa409d4d4df91/error_prone_annotations-2.18.0.jar because it was already located earlier
[14:36:11] [main/DEBUG] [ne.ne.fm.lo.mo.ModDiscoverer/]: Skipping /Users/quzzar/.gradle/caches/modules-2/files-2.1/com.google.j2objc/j2objc-annotations/2.8/c85270e307e7b822f1086b93689124b89768e273/j2objc-annotations-2.8.jar because it was already located earlier
[14:36:11] [main/DEBUG] [ne.ne.fm.lo.UniqueModListBuilder/]: Found 2 mods for first modid neoforge, selecting most recent based on version data
[14:36:11] [main/DEBUG] [ne.ne.fm.lo.UniqueModListBuilder/]: Selected file neoforge-21.1.72-minecraft.jar for modid neoforge with version 21.1.72
[14:36:12] [main/INFO] [ne.ne.fm.lo.mo.lo.JarInJarDependencyLocator/]: Found 2 dependencies adding them to mods collection
[14:36:12] [main/INFO] [ne.ne.fm.lo.mo.ModDiscoverer/]: 
     Mod List:
		Name Version (Mod Id)

		Kithkyn 1.0.0 (kithkyn)
		Minecraft 1.21.1 (minecraft)
		NeoForge 21.1.72 (neoforge)
		Vestige 0.1.0 (vestige)
[14:36:12] [main/DEBUG] [ne.ne.fm.lo.mo.ModFileInfo/LOADING]: Found valid mod file neoforge-21.1.72-minecraft.jar with {minecraft} mods - versions {1.21.1}
[14:36:12] [main/DEBUG] [ne.ne.fm.lo.mo.ModFile/LOADING]: Loading mod file /private/tmp/vestige-scroll-knowledge-build/moddev/artifacts/neoforge-21.1.72-minecraft.jar with languages [LanguageSpec[languageName=minecraft, acceptedVersions=1]]
[14:36:12] [main/DEBUG] [ne.ne.fm.lo.mo.ModFileParser/LOADING]: Considering mod file candidate /private/tmp/vestige-scroll-knowledge-build/classes/java/main
[14:36:12] [main/DEBUG] [ne.ne.fm.lo.mo.ModFileInfo/LOADING]: Found valid mod file main with {vestige} mods - versions {0.1.0}
[14:36:12] [main/DEBUG] [ne.ne.fm.lo.mo.ModFile/LOADING]: Loading mod file /private/tmp/vestige-scroll-knowledge-build/classes/java/main with languages [LanguageSpec[languageName=javafml, acceptedVersions=[4,)]]
[14:36:12] [main/DEBUG] [ne.ne.fm.lo.mo.ModFileParser/LOADING]: Considering mod file candidate /Users/quzzar/Projects/kithkyn/build/libs/kithkyn-1.0.0.jar
[14:36:12] [main/DEBUG] [ne.ne.fm.lo.mo.ModFileInfo/LOADING]: Found valid mod file kithkyn-1.0.0.jar with {kithkyn} mods - versions {1.0.0}
[14:36:12] [main/DEBUG] [ne.ne.fm.lo.mo.ModFile/LOADING]: Loading mod file /Users/quzzar/Projects/kithkyn/build/libs/kithkyn-1.0.0.jar with languages [LanguageSpec[languageName=javafml, acceptedVersions=[4,)]]
[14:36:12] [main/DEBUG] [ne.ne.fm.lo.mo.ModFileParser/LOADING]: Considering mod file candidate /private/tmp/vestige-scroll-knowledge-build/moddev/artifacts/neoforge-21.1.72-minecraft.jar
[14:36:12] [main/DEBUG] [ne.ne.fm.lo.mo.ModFileInfo/LOADING]: Found valid mod file neoforge-21.1.72-minecraft.jar with {neoforge} mods - versions {21.1.72}
[14:36:12] [main/DEBUG] [ne.ne.fm.lo.mo.ModFile/LOADING]: Loading mod file /private/tmp/vestige-scroll-knowledge-build/moddev/artifacts/neoforge-21.1.72-minecraft.jar with languages [LanguageSpec[languageName=javafml, acceptedVersions=[3,]]]
[14:36:12] [main/DEBUG] [ne.ne.fm.lo.mo.ModFile/LOADING]: Found mixin config neoforge.mixins.json
[14:36:12] [main/DEBUG] [ne.ne.fm.lo.mo.ModFile/LOADING]: Loading mod file  with languages []
[14:36:12] [main/DEBUG] [cp.mo.mo.TransformationServiceDecorator/MODLAUNCHER]: End scan trigger - transformation service fml
[14:36:12] [main/DEBUG] [ne.ne.fm.ut.ServiceLoaderUtil/CORE]: Found 3 implementations of IModLanguageLoader:
[14:36:12] [main/DEBUG] [ne.ne.fm.ut.ServiceLoaderUtil/CORE]: 	net.neoforged.fml.javafmlmod.FMLJavaModLanguageProvider from loader-4.0.29.jar
[14:36:12] [main/DEBUG] [ne.ne.fm.ut.ServiceLoaderUtil/CORE]: 	net.neoforged.fml.lowcodemod.LowCodeModLanguageProvider from loader-4.0.29.jar
[14:36:12] [main/DEBUG] [ne.ne.fm.ut.ServiceLoaderUtil/CORE]: 	net.neoforged.fml.mclanguageprovider.MinecraftModLanguageProvider from loader-4.0.29.jar
[14:36:12] [main/DEBUG] [ne.ne.fm.lo.LanguageProviderLoader/CORE]: Found language provider javafml, version 4.0.29
[14:36:12] [main/DEBUG] [ne.ne.fm.lo.LanguageProviderLoader/CORE]: Found language provider lowcodefml, version 4.0.29
[14:36:12] [main/DEBUG] [ne.ne.fm.lo.LanguageProviderLoader/CORE]: Found language provider minecraft, version 4.0.29
[14:36:12] [main/DEBUG] [ne.ne.fm.lo.ModSorter/]: Configured system mods: [minecraft, neoforge]
[14:36:12] [main/DEBUG] [ne.ne.fm.lo.ModSorter/]: Found system mod: minecraft
[14:36:12] [main/DEBUG] [ne.ne.fm.lo.ModSorter/]: Found system mod: neoforge
[14:36:12] [main/DEBUG] [ne.ne.fm.lo.ModSorter/LOADING]: Found 5 mod requirements (4 mandatory, 1 optional)
[14:36:12] [main/DEBUG] [ne.ne.fm.lo.ModSorter/LOADING]: Found 0 mod requirements missing (0 mandatory, 0 optional)
[14:36:12] [main/DEBUG] [mixin/]: Adding mixin platform agents for container net.neoforged.fml.loading.mixin.FMLMixinContainerHandle@5c92166b
[14:36:12] [main/DEBUG] [mixin/]: Instancing new MixinPlatformAgentMinecraftForge for net.neoforged.fml.loading.mixin.FMLMixinContainerHandle@5c92166b
[14:36:12] [main/DEBUG] [mixin/]: MixinPlatformAgentMinecraftForge rejected container net.neoforged.fml.loading.mixin.FMLMixinContainerHandle@5c92166b
[14:36:12] [main/DEBUG] [mixin/]: Instancing new MixinPlatformAgentDefault for net.neoforged.fml.loading.mixin.FMLMixinContainerHandle@5c92166b
[14:36:12] [main/DEBUG] [mixin/]: MixinPlatformAgentDefault accepted container net.neoforged.fml.loading.mixin.FMLMixinContainerHandle@5c92166b
[14:36:12] [main/DEBUG] [mixin/]: Instancing new FMLMixinPlatformAgent for net.neoforged.fml.loading.mixin.FMLMixinContainerHandle@5c92166b
[14:36:12] [main/DEBUG] [mixin/]: FMLMixinPlatformAgent accepted container net.neoforged.fml.loading.mixin.FMLMixinContainerHandle@5c92166b
[14:36:12] [main/DEBUG] [cp.mo.mo.TransformationServicesHandler/MODLAUNCHER]: Transformation services loading transformers
[14:36:12] [main/DEBUG] [cp.mo.mo.TransformationServiceDecorator/MODLAUNCHER]: Initializing transformers for transformation service mixin
[14:36:12] [main/DEBUG] [cp.mo.mo.TransformationServiceDecorator/MODLAUNCHER]: Initialized transformers for transformation service mixin
[14:36:12] [main/DEBUG] [cp.mo.mo.TransformationServiceDecorator/MODLAUNCHER]: Initializing transformers for transformation service fml
[14:36:12] [main/DEBUG] [ne.ne.fm.lo.FMLServiceProvider/LOADING]: Loading coremod transformers
[14:36:12] [main/DEBUG] [ne.ne.fm.lo.FMLServiceProvider/CORE]: Not loading coremod script-engine since no mod requested it
[14:36:12] [main/DEBUG] [ne.ne.fm.ut.ServiceLoaderUtil/CORE]: Found 1 implementations of ICoreMod:
[14:36:12] [main/DEBUG] [ne.ne.fm.ut.ServiceLoaderUtil/CORE]: 	net.neoforged.neoforge.coremods.NeoForgeCoreMod from neoforge-21.1.72-minecraft.jar > neoforge-coremods-21.1.72.jar
[14:36:12] [main/DEBUG] [ne.ne.fm.lo.FMLServiceProvider/CORE]: Adding [Target[className=net.minecraft.world.level.biome.Biome, elementName=, elementDescriptor=, targetType=cpw.mods.modlauncher.api.TargetType@4b6690c0]] transformer from core-mod net.neoforged.neoforge.coremods.NeoForgeCoreMod@7bde1f3a in neoforge-21.1.72-minecraft.jar > neoforge-coremods-21.1.72.jar
[14:36:12] [main/DEBUG] [ne.ne.fm.lo.FMLServiceProvider/CORE]: Adding [Target[className=net.minecraft.world.level.levelgen.structure.Structure, elementName=, elementDescriptor=, targetType=cpw.mods.modlauncher.api.TargetType@4b6690c0]] transformer from core-mod net.neoforged.neoforge.coremods.NeoForgeCoreMod@7bde1f3a in neoforge-21.1.72-minecraft.jar > neoforge-coremods-21.1.72.jar
[14:36:12] [main/DEBUG] [ne.ne.fm.lo.FMLServiceProvider/CORE]: Adding [Target[className=net.minecraft.world.level.block.FlowerPotBlock, elementName=, elementDescriptor=, targetType=cpw.mods.modlauncher.api.TargetType@4b6690c0]] transformer from core-mod net.neoforged.neoforge.coremods.NeoForgeCoreMod@7bde1f3a in neoforge-21.1.72-minecraft.jar > neoforge-coremods-21.1.72.jar
[14:36:12] [main/DEBUG] [ne.ne.fm.lo.FMLServiceProvider/CORE]: Adding [Target[className=net/minecraft/world/level/levelgen/structure/structures/WoodlandMansionPieces$WoodlandMansionPiece, elementName=, elementDescriptor=, targetType=cpw.mods.modlauncher.api.TargetType@4b6690c0], Target[className=net/minecraft/world/entity/ai/village/VillageSiege, elementName=, elementDescriptor=, targetType=cpw.mods.modlauncher.api.TargetType@4b6690c0], Target[className=net/minecraft/world/level/levelgen/PhantomSpawner, elementName=, elementDescriptor=, targetType=cpw.mods.modlauncher.api.TargetType@4b6690c0], Target[className=net/minecraft/server/commands/SummonCommand, elementName=, elementDescriptor=, targetType=cpw.mods.modlauncher.api.TargetType@4b6690c0], Target[className=net/minecraft/world/entity/npc/CatSpawner, elementName=, elementDescriptor=, targetType=cpw.mods.modlauncher.api.TargetType@4b6690c0], Target[className=net/minecraft/world/entity/monster/ZombieVillager, elementName=, elementDescriptor=, targetType=cpw.mods.modlauncher.api.TargetType@4b6690c0], Target[className=net/minecraft/world/entity/raid/Raid, elementName=, elementDescriptor=, targetType=cpw.mods.modlauncher.api.TargetType@4b6690c0], Target[className=net/minecraft/world/level/NaturalSpawner, elementName=, elementDescriptor=, targetType=cpw.mods.modlauncher.api.TargetType@4b6690c0], Target[className=net/minecraft/world/entity/monster/Zombie, elementName=, elementDescriptor=, targetType=cpw.mods.modlauncher.api.TargetType@4b6690c0], Target[className=net/minecraft/world/entity/monster/Spider, elementName=, elementDescriptor=, targetType=cpw.mods.modlauncher.api.TargetType@4b6690c0], Target[className=net/minecraft/world/entity/monster/Evoker$EvokerSummonSpellGoal, elementName=, elementDescriptor=, targetType=cpw.mods.modlauncher.api.TargetType@4b6690c0], Target[className=net/minecraft/world/level/levelgen/structure/structures/OceanMonumentPieces$OceanMonumentPiece, elementName=, elementDescriptor=, targetType=cpw.mods.modlauncher.api.TargetType@4b6690c0], Target[className=net/minecraft/world/entity/animal/frog/Tadpole, elementName=, elementDescriptor=, targetType=cpw.mods.modlauncher.api.TargetType@4b6690c0], Target[className=net/minecraft/world/level/levelgen/structure/structures/SwampHutPiece, elementName=, elementDescriptor=, targetType=cpw.mods.modlauncher.api.TargetType@4b6690c0], Target[className=net/minecraft/world/entity/EntityType, elementName=, elementDescriptor=, targetType=cpw.mods.modlauncher.api.TargetType@4b6690c0], Target[className=net/minecraft/server/commands/RaidCommand, elementName=, elementDescriptor=, targetType=cpw.mods.modlauncher.api.TargetType@4b6690c0], Target[className=net/minecraft/world/entity/animal/horse/SkeletonTrapGoal, elementName=, elementDescriptor=, targetType=cpw.mods.modlauncher.api.TargetType@4b6690c0], Target[className=net/minecraft/world/entity/npc/Villager, elementName=, elementDescriptor=, targetType=cpw.mods.modlauncher.api.TargetType@4b6690c0], Target[className=net/minecraft/world/entity/monster/Strider, elementName=, elementDescriptor=, targetType=cpw.mods.modlauncher.api.TargetType@4b6690c0], Target[className=net/minecraft/world/level/levelgen/structure/templatesystem/StructureTemplate, elementName=, elementDescriptor=, targetType=cpw.mods.modlauncher.api.TargetType@4b6690c0], Target[className=net/minecraft/world/level/levelgen/PatrolSpawner, elementName=, elementDescriptor=, targetType=cpw.mods.modlauncher.api.TargetType@4b6690c0], Target[className=net/minecraft/world/level/levelgen/structure/structures/OceanRuinPieces$OceanRuinPiece, elementName=, elementDescriptor=, targetType=cpw.mods.modlauncher.api.TargetType@4b6690c0]] transformer from core-mod net.neoforged.neoforge.coremods.NeoForgeCoreMod@7bde1f3a in neoforge-21.1.72-minecraft.jar > neoforge-coremods-21.1.72.jar
[14:36:12] [main/DEBUG] [cp.mo.mo.TransformStore/MODLAUNCHER]: Adding transformer net.neoforged.neoforge.coremods.ReplaceFieldWithGetterAccess@7ca0863b to Target : cpw.mods.modlauncher.api.TargetType@4b6690c0 {Lnet/minecraft/world/level/biome/Biome;} {} {V}
[14:36:12] [main/DEBUG] [cp.mo.mo.TransformStore/MODLAUNCHER]: Adding transformer net.neoforged.neoforge.coremods.ReplaceFieldWithGetterAccess@4158debd to Target : cpw.mods.modlauncher.api.TargetType@4b6690c0 {Lnet/minecraft/world/level/levelgen/structure/Structure;} {} {V}
[14:36:12] [main/DEBUG] [cp.mo.mo.TransformStore/MODLAUNCHER]: Adding transformer net.neoforged.neoforge.coremods.ReplaceFieldWithGetterAccess@af78c87 to Target : cpw.mods.modlauncher.api.TargetType@4b6690c0 {Lnet/minecraft/world/level/block/FlowerPotBlock;} {} {V}
[14:36:12] [main/DEBUG] [cp.mo.mo.TransformStore/MODLAUNCHER]: Adding transformer net.neoforged.neoforge.coremods.MethodRedirector@773dab28 to Target : cpw.mods.modlauncher.api.TargetType@4b6690c0 {Lnet/minecraft/world/level/levelgen/structure/structures/WoodlandMansionPieces$WoodlandMansionPiece;} {} {V}
[14:36:12] [main/DEBUG] [cp.mo.mo.TransformStore/MODLAUNCHER]: Adding transformer net.neoforged.neoforge.coremods.MethodRedirector@773dab28 to Target : cpw.mods.modlauncher.api.TargetType@4b6690c0 {Lnet/minecraft/world/entity/ai/village/VillageSiege;} {} {V}
[14:36:12] [main/DEBUG] [cp.mo.mo.TransformStore/MODLAUNCHER]: Adding transformer net.neoforged.neoforge.coremods.MethodRedirector@773dab28 to Target : cpw.mods.modlauncher.api.TargetType@4b6690c0 {Lnet/minecraft/world/level/levelgen/PhantomSpawner;} {} {V}
[14:36:12] [main/DEBUG] [cp.mo.mo.TransformStore/MODLAUNCHER]: Adding transformer net.neoforged.neoforge.coremods.MethodRedirector@773dab28 to Target : cpw.mods.modlauncher.api.TargetType@4b6690c0 {Lnet/minecraft/server/commands/SummonCommand;} {} {V}
[14:36:12] [main/DEBUG] [cp.mo.mo.TransformStore/MODLAUNCHER]: Adding transformer net.neoforged.neoforge.coremods.MethodRedirector@773dab28 to Target : cpw.mods.modlauncher.api.TargetType@4b6690c0 {Lnet/minecraft/world/entity/npc/CatSpawner;} {} {V}
[14:36:12] [main/DEBUG] [cp.mo.mo.TransformStore/MODLAUNCHER]: Adding transformer net.neoforged.neoforge.coremods.MethodRedirector@773dab28 to Target : cpw.mods.modlauncher.api.TargetType@4b6690c0 {Lnet/minecraft/world/entity/monster/ZombieVillager;} {} {V}
[14:36:12] [main/DEBUG] [cp.mo.mo.TransformStore/MODLAUNCHER]: Adding transformer net.neoforged.neoforge.coremods.MethodRedirector@773dab28 to Target : cpw.mods.modlauncher.api.TargetType@4b6690c0 {Lnet/minecraft/world/entity/raid/Raid;} {} {V}
[14:36:12] [main/DEBUG] [cp.mo.mo.TransformStore/MODLAUNCHER]: Adding transformer net.neoforged.neoforge.coremods.MethodRedirector@773dab28 to Target : cpw.mods.modlauncher.api.TargetType@4b6690c0 {Lnet/minecraft/world/level/NaturalSpawner;} {} {V}
[14:36:12] [main/DEBUG] [cp.mo.mo.TransformStore/MODLAUNCHER]: Adding transformer net.neoforged.neoforge.coremods.MethodRedirector@773dab28 to Target : cpw.mods.modlauncher.api.TargetType@4b6690c0 {Lnet/minecraft/world/entity/monster/Zombie;} {} {V}
[14:36:12] [main/DEBUG] [cp.mo.mo.TransformStore/MODLAUNCHER]: Adding transformer net.neoforged.neoforge.coremods.MethodRedirector@773dab28 to Target : cpw.mods.modlauncher.api.TargetType@4b6690c0 {Lnet/minecraft/world/entity/monster/Spider;} {} {V}
[14:36:12] [main/DEBUG] [cp.mo.mo.TransformStore/MODLAUNCHER]: Adding transformer net.neoforged.neoforge.coremods.MethodRedirector@773dab28 to Target : cpw.mods.modlauncher.api.TargetType@4b6690c0 {Lnet/minecraft/world/entity/monster/Evoker$EvokerSummonSpellGoal;} {} {V}
[14:36:12] [main/DEBUG] [cp.mo.mo.TransformStore/MODLAUNCHER]: Adding transformer net.neoforged.neoforge.coremods.MethodRedirector@773dab28 to Target : cpw.mods.modlauncher.api.TargetType@4b6690c0 {Lnet/minecraft/world/level/levelgen/structure/structures/OceanMonumentPieces$OceanMonumentPiece;} {} {V}
[14:36:12] [main/DEBUG] [cp.mo.mo.TransformStore/MODLAUNCHER]: Adding transformer net.neoforged.neoforge.coremods.MethodRedirector@773dab28 to Target : cpw.mods.modlauncher.api.TargetType@4b6690c0 {Lnet/minecraft/world/entity/animal/frog/Tadpole;} {} {V}
[14:36:12] [main/DEBUG] [cp.mo.mo.TransformStore/MODLAUNCHER]: Adding transformer net.neoforged.neoforge.coremods.MethodRedirector@773dab28 to Target : cpw.mods.modlauncher.api.TargetType@4b6690c0 {Lnet/minecraft/world/level/levelgen/structure/structures/SwampHutPiece;} {} {V}
[14:36:12] [main/DEBUG] [cp.mo.mo.TransformStore/MODLAUNCHER]: Adding transformer net.neoforged.neoforge.coremods.MethodRedirector@773dab28 to Target : cpw.mods.modlauncher.api.TargetType@4b6690c0 {Lnet/minecraft/world/entity/EntityType;} {} {V}
[14:36:12] [main/DEBUG] [cp.mo.mo.TransformStore/MODLAUNCHER]: Adding transformer net.neoforged.neoforge.coremods.MethodRedirector@773dab28 to Target : cpw.mods.modlauncher.api.TargetType@4b6690c0 {Lnet/minecraft/server/commands/RaidCommand;} {} {V}
[14:36:12] [main/DEBUG] [cp.mo.mo.TransformStore/MODLAUNCHER]: Adding transformer net.neoforged.neoforge.coremods.MethodRedirector@773dab28 to Target : cpw.mods.modlauncher.api.TargetType@4b6690c0 {Lnet/minecraft/world/entity/animal/horse/SkeletonTrapGoal;} {} {V}
[14:36:12] [main/DEBUG] [cp.mo.mo.TransformStore/MODLAUNCHER]: Adding transformer net.neoforged.neoforge.coremods.MethodRedirector@773dab28 to Target : cpw.mods.modlauncher.api.TargetType@4b6690c0 {Lnet/minecraft/world/entity/npc/Villager;} {} {V}
[14:36:12] [main/DEBUG] [cp.mo.mo.TransformStore/MODLAUNCHER]: Adding transformer net.neoforged.neoforge.coremods.MethodRedirector@773dab28 to Target : cpw.mods.modlauncher.api.TargetType@4b6690c0 {Lnet/minecraft/world/entity/monster/Strider;} {} {V}
[14:36:12] [main/DEBUG] [cp.mo.mo.TransformStore/MODLAUNCHER]: Adding transformer net.neoforged.neoforge.coremods.MethodRedirector@773dab28 to Target : cpw.mods.modlauncher.api.TargetType@4b6690c0 {Lnet/minecraft/world/level/levelgen/structure/templatesystem/StructureTemplate;} {} {V}
[14:36:12] [main/DEBUG] [cp.mo.mo.TransformStore/MODLAUNCHER]: Adding transformer net.neoforged.neoforge.coremods.MethodRedirector@773dab28 to Target : cpw.mods.modlauncher.api.TargetType@4b6690c0 {Lnet/minecraft/world/level/levelgen/PatrolSpawner;} {} {V}
[14:36:12] [main/DEBUG] [cp.mo.mo.TransformStore/MODLAUNCHER]: Adding transformer net.neoforged.neoforge.coremods.MethodRedirector@773dab28 to Target : cpw.mods.modlauncher.api.TargetType@4b6690c0 {Lnet/minecraft/world/level/levelgen/structure/structures/OceanRuinPieces$OceanRuinPiece;} {} {V}
[14:36:12] [main/DEBUG] [cp.mo.mo.TransformationServiceDecorator/MODLAUNCHER]: Initialized transformers for transformation service fml
[14:36:13] [main/DEBUG] [mixin/]: Processing prepare() for PlatformAgent[MixinPlatformAgentDefault:ModLauncher Root Container(ModLauncher:4f56a0a2)]
[14:36:13] [main/DEBUG] [mixin/]: Processing prepare() for PlatformAgent[MixinPlatformAgentDefault:net.neoforged.fml.loading.mixin.FMLMixinContainerHandle@5c92166b]
[14:36:13] [main/DEBUG] [mixin/]: Processing prepare() for PlatformAgent[FMLMixinPlatformAgent:null]
[14:36:14] [main/DEBUG] [mixin/]: Processing launch tasks for PlatformAgent[MixinPlatformAgentDefault:ModLauncher Root Container(ModLauncher:4f56a0a2)]
[14:36:14] [main/DEBUG] [mixin/]: Adding mixin platform agents for container SecureJarResource(mixin_synthetic)
[14:36:14] [main/DEBUG] [mixin/]: Instancing new MixinPlatformAgentMinecraftForge for SecureJarResource(mixin_synthetic)
[14:36:14] [main/DEBUG] [mixin/]: MixinPlatformAgentMinecraftForge rejected container SecureJarResource(mixin_synthetic)
[14:36:14] [main/DEBUG] [mixin/]: Instancing new MixinPlatformAgentDefault for SecureJarResource(mixin_synthetic)
[14:36:14] [main/DEBUG] [mixin/]: MixinPlatformAgentDefault accepted container SecureJarResource(mixin_synthetic)
[14:36:14] [main/DEBUG] [mixin/]: Instancing new FMLMixinPlatformAgent for SecureJarResource(mixin_synthetic)
[14:36:14] [main/DEBUG] [mixin/]: FMLMixinPlatformAgent rejected container SecureJarResource(mixin_synthetic)
[14:36:14] [main/DEBUG] [mixin/]: Processing prepare() for PlatformAgent[MixinPlatformAgentDefault:SecureJarResource(mixin_synthetic)]
[14:36:14] [main/DEBUG] [mixin/]: Adding mixin platform agents for container SecureJarResource(minecraft)
[14:36:14] [main/DEBUG] [mixin/]: Instancing new MixinPlatformAgentMinecraftForge for SecureJarResource(minecraft)
[14:36:14] [main/DEBUG] [mixin/]: MixinPlatformAgentMinecraftForge rejected container SecureJarResource(minecraft)
[14:36:14] [main/DEBUG] [mixin/]: Instancing new MixinPlatformAgentDefault for SecureJarResource(minecraft)
[14:36:14] [main/DEBUG] [mixin/]: MixinPlatformAgentDefault accepted container SecureJarResource(minecraft)
[14:36:14] [main/DEBUG] [mixin/]: Instancing new FMLMixinPlatformAgent for SecureJarResource(minecraft)
[14:36:14] [main/DEBUG] [mixin/]: FMLMixinPlatformAgent rejected container SecureJarResource(minecraft)
[14:36:14] [main/DEBUG] [mixin/]: Processing prepare() for PlatformAgent[MixinPlatformAgentDefault:SecureJarResource(minecraft)]
[14:36:14] [main/DEBUG] [mixin/]: Adding mixin platform agents for container SecureJarResource(kithkyn)
[14:36:14] [main/DEBUG] [mixin/]: Instancing new MixinPlatformAgentMinecraftForge for SecureJarResource(kithkyn)
[14:36:14] [main/DEBUG] [mixin/]: MixinPlatformAgentMinecraftForge rejected container SecureJarResource(kithkyn)
[14:36:14] [main/DEBUG] [mixin/]: Instancing new MixinPlatformAgentDefault for SecureJarResource(kithkyn)
[14:36:14] [main/DEBUG] [mixin/]: MixinPlatformAgentDefault accepted container SecureJarResource(kithkyn)
[14:36:14] [main/DEBUG] [mixin/]: Instancing new FMLMixinPlatformAgent for SecureJarResource(kithkyn)
[14:36:14] [main/DEBUG] [mixin/]: FMLMixinPlatformAgent rejected container SecureJarResource(kithkyn)
[14:36:14] [main/DEBUG] [mixin/]: Processing prepare() for PlatformAgent[MixinPlatformAgentDefault:SecureJarResource(kithkyn)]
[14:36:14] [main/DEBUG] [mixin/]: Adding mixin platform agents for container SecureJarResource(vestige)
[14:36:14] [main/DEBUG] [mixin/]: Instancing new MixinPlatformAgentMinecraftForge for SecureJarResource(vestige)
[14:36:14] [main/DEBUG] [mixin/]: MixinPlatformAgentMinecraftForge rejected container SecureJarResource(vestige)
[14:36:14] [main/DEBUG] [mixin/]: Instancing new MixinPlatformAgentDefault for SecureJarResource(vestige)
[14:36:14] [main/DEBUG] [mixin/]: MixinPlatformAgentDefault accepted container SecureJarResource(vestige)
[14:36:14] [main/DEBUG] [mixin/]: Instancing new FMLMixinPlatformAgent for SecureJarResource(vestige)
[14:36:14] [main/DEBUG] [mixin/]: FMLMixinPlatformAgent rejected container SecureJarResource(vestige)
[14:36:14] [main/DEBUG] [mixin/]: Processing prepare() for PlatformAgent[MixinPlatformAgentDefault:SecureJarResource(vestige)]
[14:36:14] [main/DEBUG] [mixin/]: Adding mixin platform agents for container SecureJarResource(mixinextras.neoforge)
[14:36:14] [main/DEBUG] [mixin/]: Instancing new MixinPlatformAgentMinecraftForge for SecureJarResource(mixinextras.neoforge)
[14:36:14] [main/DEBUG] [mixin/]: MixinPlatformAgentMinecraftForge rejected container SecureJarResource(mixinextras.neoforge)
[14:36:14] [main/DEBUG] [mixin/]: Instancing new MixinPlatformAgentDefault for SecureJarResource(mixinextras.neoforge)
[14:36:14] [main/DEBUG] [mixin/]: MixinPlatformAgentDefault accepted container SecureJarResource(mixinextras.neoforge)
[14:36:14] [main/DEBUG] [mixin/]: Instancing new FMLMixinPlatformAgent for SecureJarResource(mixinextras.neoforge)
[14:36:14] [main/DEBUG] [mixin/]: FMLMixinPlatformAgent rejected container SecureJarResource(mixinextras.neoforge)
[14:36:14] [main/DEBUG] [mixin/]: Processing prepare() for PlatformAgent[MixinPlatformAgentDefault:SecureJarResource(mixinextras.neoforge)]
[14:36:14] [main/DEBUG] [mixin/]: Registering mixin config: mixinextras.init.mixins.json source=SecureJarResource(mixinextras.neoforge)
[14:36:14] [main/DEBUG] [mixin/]: inject() running with 7 agents
[14:36:14] [main/DEBUG] [mixin/]: Processing inject() for PlatformAgent[MixinPlatformAgentDefault:ModLauncher Root Container(ModLauncher:4f56a0a2)]
[14:36:14] [main/DEBUG] [mixin/]: Processing inject() for PlatformAgent[MixinPlatformAgentDefault:net.neoforged.fml.loading.mixin.FMLMixinContainerHandle@5c92166b]
[14:36:14] [main/DEBUG] [mixin/]: Processing inject() for PlatformAgent[FMLMixinPlatformAgent:null]
[14:36:14] [main/DEBUG] [mixin/]: Processing inject() for PlatformAgent[MixinPlatformAgentDefault:SecureJarResource(mixin_synthetic)]
[14:36:14] [main/DEBUG] [mixin/]: Processing inject() for PlatformAgent[MixinPlatformAgentDefault:SecureJarResource(minecraft)]
[14:36:14] [main/DEBUG] [mixin/]: Processing inject() for PlatformAgent[MixinPlatformAgentDefault:SecureJarResource(kithkyn)]
[14:36:14] [main/DEBUG] [mixin/]: Processing inject() for PlatformAgent[MixinPlatformAgentDefault:SecureJarResource(vestige)]
[14:36:14] [main/DEBUG] [mixin/]: Processing inject() for PlatformAgent[MixinPlatformAgentDefault:SecureJarResource(mixinextras.neoforge)]
[14:36:14] [main/INFO] [cp.mo.mo.LaunchServiceHandler/MODLAUNCHER]: Launching target 'forgeserveruserdev' with arguments [--gameDir, .]
[14:36:14] [main/DEBUG] [mixin/]: Preparing mixins for MixinEnvironment[DEFAULT]
[14:36:14] [main/DEBUG] [mixin/]: Selecting config neoforge.mixins.json
[14:36:14] [main/DEBUG] [mixin/]: Selecting config mixinextras.init.mixins.json
[14:36:14] [main/DEBUG] [MixinExtras|Service/]: com.llamalad7.mixinextras.service.MixinExtrasServiceImpl(version=0.4.1) is taking over from null
[14:36:14] [main/DEBUG] [mixin/]: Registering new injector for @Inject with org.spongepowered.asm.mixin.injection.struct.CallbackInjectionInfo
[14:36:14] [main/DEBUG] [mixin/]: Registering new injector for @ModifyArg with org.spongepowered.asm.mixin.injection.struct.ModifyArgInjectionInfo
[14:36:14] [main/DEBUG] [mixin/]: Registering new injector for @ModifyArgs with org.spongepowered.asm.mixin.injection.struct.ModifyArgsInjectionInfo
[14:36:14] [main/DEBUG] [mixin/]: Registering new injector for @Redirect with org.spongepowered.asm.mixin.injection.struct.RedirectInjectionInfo
[14:36:14] [main/DEBUG] [mixin/]: Registering new injector for @ModifyVariable with org.spongepowered.asm.mixin.injection.struct.ModifyVariableInjectionInfo
[14:36:14] [main/DEBUG] [mixin/]: Registering new injector for @ModifyConstant with org.spongepowered.asm.mixin.injection.struct.ModifyConstantInjectionInfo
[14:36:14] [main/DEBUG] [mixin/]: Preparing neoforge.mixins.json (2)
[14:36:14] [main/DEBUG] [mixin/]: Preparing mixinextras.init.mixins.json (0)
[14:36:14] [main/DEBUG] [mixin/]: Prepared 2 mixins in 0.364 sec (182.0ms avg) (0ms load, 0ms transform, 0ms plugin)
[14:36:14] [main/DEBUG] [io.ne.ut.in.lo.InternalLoggerFactory/]: Using SLF4J as the default logging framework
[14:36:14] [main/DEBUG] [io.ne.ut.ResourceLeakDetector/]: -Dio.netty.leakDetection.level: simple
[14:36:14] [main/DEBUG] [io.ne.ut.ResourceLeakDetector/]: -Dio.netty.leakDetection.targetRecords: 4
[14:36:15] [main/DEBUG] [os.ut.FileUtil/]: No oshi.properties file found from ClassLoader cpw.mods.modlauncher.TransformingClassLoader@476ec9d0
[14:36:16] [main/DEBUG] [os.ut.FileUtil/]: No oshi.architecture.properties file found from ClassLoader cpw.mods.modlauncher.TransformingClassLoader@476ec9d0
[14:36:18] [main/INFO] [MixinExtras|Service/]: Initializing MixinExtras via com.llamalad7.mixinextras.service.MixinExtrasServiceImpl(version=0.4.1).
[14:36:18] [main/DEBUG] [mixin/]: Registering new injector for @SugarWrapper with com.llamalad7.mixinextras.sugar.impl.SugarWrapperInjectionInfo
[14:36:18] [main/DEBUG] [mixin/]: Registering new injector for @FactoryRedirectWrapper with com.llamalad7.mixinextras.wrapper.factory.FactoryRedirectWrapperInjectionInfo
[14:36:18] [main/DEBUG] [mixin/]: Mixing MappedRegistryAccessor from neoforge.mixins.json into net.minecraft.core.MappedRegistry
[14:36:18] [main/DEBUG] [mixin/]: neoforge.mixins.json:MappedRegistryAccessor from mod neoforge: Class version 65 required is higher than the class version supported by the current version of Mixin (JAVA_16 supports class version 60)
[14:36:25] [main/DEBUG] [mixin/]: Mixing BlockEntityTypeAccessor from neoforge.mixins.json into net.minecraft.world.level.block.entity.BlockEntityType
[14:36:25] [main/DEBUG] [mixin/]: neoforge.mixins.json:BlockEntityTypeAccessor from mod neoforge: Class version 65 required is higher than the class version supported by the current version of Mixin (JAVA_16 supports class version 60)

> Task :test

> Task :runGameTestServer
[14:36:32] [main/DEBUG] [io.ne.ut.in.PlatformDependent0/]: -Dio.netty.noUnsafe: false
[14:36:32] [main/DEBUG] [io.ne.ut.in.PlatformDependent0/]: Java version: 21
[14:36:32] [main/DEBUG] [io.ne.ut.in.PlatformDependent0/]: sun.misc.Unsafe.theUnsafe: available
[14:36:32] [main/DEBUG] [io.ne.ut.in.PlatformDependent0/]: sun.misc.Unsafe.copyMemory: available
[14:36:32] [main/DEBUG] [io.ne.ut.in.PlatformDependent0/]: sun.misc.Unsafe.storeFence: available
[14:36:32] [main/DEBUG] [io.ne.ut.in.PlatformDependent0/]: java.nio.Buffer.address: available
[14:36:32] [main/DEBUG] [io.ne.ut.in.PlatformDependent0/]: direct buffer constructor: unavailable: Reflective setAccessible(true) disabled
[14:36:32] [main/DEBUG] [io.ne.ut.in.PlatformDependent0/]: java.nio.Bits.unaligned: available, true
[14:36:32] [main/DEBUG] [io.ne.ut.in.PlatformDependent0/]: jdk.internal.misc.Unsafe.allocateUninitializedArray(int): unavailable: class io.netty.util.internal.PlatformDependent0$7 (in module io.netty.common) cannot access class jdk.internal.misc.Unsafe (in module java.base) because module java.base does not export jdk.internal.misc to module io.netty.common
[14:36:32] [main/DEBUG] [io.ne.ut.in.PlatformDependent0/]: java.nio.DirectByteBuffer.<init>(long, {int,long}): unavailable
[14:36:32] [main/DEBUG] [io.ne.ut.in.PlatformDependent/]: sun.misc.Unsafe: available
[14:36:32] [main/DEBUG] [io.ne.ut.in.PlatformDependent/]: maxDirectMemory: 8589934592 bytes (maybe)
[14:36:32] [main/DEBUG] [io.ne.ut.in.PlatformDependent/]: -Dio.netty.tmpdir: /var/folders/x7/my3yq15j6c1gf4m_rm5k2b8c0000gn/T (java.io.tmpdir)
[14:36:32] [main/DEBUG] [io.ne.ut.in.PlatformDependent/]: -Dio.netty.bitMode: 64 (sun.arch.data.model)
[14:36:32] [main/DEBUG] [io.ne.ut.in.PlatformDependent/]: Platform: MacOS
[14:36:32] [main/DEBUG] [io.ne.ut.in.PlatformDependent/]: -Dio.netty.maxDirectMemory: -1 bytes
[14:36:32] [main/DEBUG] [io.ne.ut.in.PlatformDependent/]: -Dio.netty.uninitializedArrayAllocationThreshold: -1
[14:36:32] [main/DEBUG] [io.ne.ut.in.CleanerJava9/]: java.nio.ByteBuffer.cleaner(): available
[14:36:32] [main/DEBUG] [io.ne.ut.in.PlatformDependent/]: -Dio.netty.noPreferDirect: false
[14:36:44] [main/WARN] [minecraft/Commands]: Ambiguity between arguments [teleport, location] and [teleport, destination] with inputs: [0.1 -0.5 .9, 0 0 0]
[14:36:44] [main/WARN] [minecraft/Commands]: Ambiguity between arguments [teleport, location] and [teleport, targets] with inputs: [0.1 -0.5 .9, 0 0 0]
[14:36:44] [main/WARN] [minecraft/Commands]: Ambiguity between arguments [teleport, destination] and [teleport, targets] with inputs: [Player, 0123, @e, dd12be42-52a9-4a91-a8a1-11c01849e498]
[14:36:44] [main/WARN] [minecraft/Commands]: Ambiguity between arguments [teleport, targets] and [teleport, destination] with inputs: [Player, 0123, dd12be42-52a9-4a91-a8a1-11c01849e498]
[14:36:44] [main/WARN] [minecraft/Commands]: Ambiguity between arguments [teleport, targets, location] and [teleport, targets, destination] with inputs: [0.1 -0.5 .9, 0 0 0]
[14:36:44] [main/DEBUG] [ne.ne.fm.ModWorkManager/LOADING]: Using 10 threads for parallel mod-loading
[14:36:44] [main/DEBUG] [ne.ne.fm.ja.FMLModContainer/LOADING]: Creating FMLModContainer instance for [com.quzzar.kithkyn.Kithkyn]
[14:36:44] [main/DEBUG] [ne.ne.fm.ja.FMLModContainer/LOADING]: Creating FMLModContainer instance for [com.quzzar.vestige.VestigeMod]
[14:36:44] [main/DEBUG] [ne.ne.fm.ja.FMLModContainer/LOADING]: Creating FMLModContainer instance for [net.neoforged.neoforge.common.NeoForgeMod]
[14:36:44] [modloading-worker-0/DEBUG] [ne.ne.ne.in.ve.ne.NeoForgeVersion/CORE]: Found NeoForge version 21.1.72
[14:36:44] [modloading-worker-0/DEBUG] [ne.ne.ne.in.ve.ne.NeoForgeVersion/CORE]: Found FML version 4.0.29
[14:36:44] [modloading-worker-0/INFO] [ne.ne.ne.co.NeoForgeMod/NEOFORGE-MOD]: NeoForge mod loading, version 21.1.72, for MC 1.21.1
[14:36:44] [modloading-worker-0/DEBUG] [ne.ne.fm.co.ConfigTracker/CONFIG]: Config file neoforge-client.toml for neoforge tracking
[14:36:44] [modloading-worker-0/DEBUG] [ne.ne.fm.co.ConfigTracker/CONFIG]: Config file neoforge-server.toml for neoforge tracking
[14:36:44] [modloading-worker-0/DEBUG] [ne.ne.fm.co.ConfigTracker/CONFIG]: Config file neoforge-common.toml for neoforge tracking
[14:36:44] [modloading-worker-0/DEBUG] [ne.ne.fm.co.ConfigTracker/CONFIG]: Config file kithkyn-common.toml for kithkyn tracking
[14:36:44] [modloading-worker-0/DEBUG] [ne.ne.fm.co.ConfigTracker/CONFIG]: Config file kithkyn-advanced.toml for kithkyn tracking
[14:36:44] [modloading-worker-0/DEBUG] [ne.ne.fm.ja.AutomaticEventSubscriber/LOADING]: Attempting to inject @EventBusSubscriber classes into the eventbus for kithkyn
[14:36:44] [modloading-worker-0/DEBUG] [ne.ne.fm.ja.AutomaticEventSubscriber/LOADING]: Auto-subscribing com.quzzar.kithkyn.entities.ai.goals.work.ContainerVisit to GAME
[14:36:44] [modloading-worker-0/DEBUG] [ne.ne.fm.ja.AutomaticEventSubscriber/LOADING]: Auto-subscribing com.quzzar.kithkyn.events.CoreEvents to GAME
[14:36:44] [modloading-worker-0/DEBUG] [ne.ne.fm.ja.AutomaticEventSubscriber/LOADING]: Auto-subscribing com.quzzar.kithkyn.events.GolemEvents to GAME
[14:36:44] [modloading-worker-0/DEBUG] [ne.ne.fm.ja.AutomaticEventSubscriber/LOADING]: Auto-subscribing com.quzzar.kithkyn.events.AllayEvents to GAME
[14:36:44] [modloading-worker-0/DEBUG] [ne.ne.fm.ja.AutomaticEventSubscriber/LOADING]: Auto-subscribing com.quzzar.kithkyn.events.RepairEvents to GAME
[14:36:44] [modloading-worker-0/DEBUG] [ne.ne.fm.ja.AutomaticEventSubscriber/LOADING]: Auto-subscribing com.quzzar.kithkyn.events.BlockPlacementEvents to GAME
[14:36:44] [modloading-worker-0/DEBUG] [ne.ne.fm.ja.AutomaticEventSubscriber/LOADING]: Auto-subscribing com.quzzar.kithkyn.events.VillageEntryTitle to GAME
[14:36:44] [modloading-worker-0/DEBUG] [ne.ne.fm.ja.AutomaticEventSubscriber/LOADING]: Auto-subscribing com.quzzar.kithkyn.events.CustodyEvents to GAME
[14:36:44] [modloading-worker-0/DEBUG] [ne.ne.fm.ja.AutomaticEventSubscriber/LOADING]: Auto-subscribing com.quzzar.kithkyn.events.KithkynCommands to GAME
[14:36:45] [modloading-worker-0/DEBUG] [ne.ne.fm.ja.AutomaticEventSubscriber/LOADING]: Auto-subscribing com.quzzar.kithkyn.dev.BirchVillageVerification to GAME
[14:36:45] [modloading-worker-0/DEBUG] [ne.ne.fm.ja.AutomaticEventSubscriber/LOADING]: Attempting to inject @EventBusSubscriber classes into the eventbus for neoforge
[14:36:45] [modloading-worker-0/DEBUG] [ne.ne.fm.ja.AutomaticEventSubscriber/LOADING]: Auto-subscribing net.neoforged.neoforge.network.filters.GenericPacketSplitter to MOD
[14:36:45] [modloading-worker-0/DEBUG] [ne.ne.fm.ja.AutomaticEventSubscriber/LOADING]: Auto-subscribing com.quzzar.kithkyn.dev.CastleRolesVerification to GAME
[14:36:45] [modloading-worker-0/DEBUG] [ne.ne.fm.ja.AutomaticEventSubscriber/LOADING]: Auto-subscribing com.quzzar.kithkyn.dev.BuildingPlacementVerification to GAME
[14:36:45] [modloading-worker-0/DEBUG] [io.ne.bu.AbstractByteBuf/]: -Dio.netty.buffer.checkAccessible: true
[14:36:45] [modloading-worker-0/DEBUG] [io.ne.bu.AbstractByteBuf/]: -Dio.netty.buffer.checkBounds: true
[14:36:45] [modloading-worker-0/DEBUG] [io.ne.ut.ResourceLeakDetectorFactory/]: Loaded default ResourceLeakDetector: io.netty.util.ResourceLeakDetector@6b60e2e1
[14:36:45] [modloading-worker-0/DEBUG] [ne.ne.fm.ja.AutomaticEventSubscriber/LOADING]: Auto-subscribing com.quzzar.kithkyn.dev.AccessoryEvidenceVerification to GAME
[14:36:45] [modloading-worker-0/DEBUG] [ne.ne.fm.ja.AutomaticEventSubscriber/LOADING]: Auto-subscribing com.quzzar.kithkyn.dev.ChestTakeOutVerification to GAME
[14:36:45] [modloading-worker-0/DEBUG] [io.ne.ut.in.InternalThreadLocalMap/]: -Dio.netty.threadLocalMap.stringBuilder.initialSize: 1024
[14:36:45] [modloading-worker-0/DEBUG] [io.ne.ut.in.InternalThreadLocalMap/]: -Dio.netty.threadLocalMap.stringBuilder.maxSize: 4096
[14:36:45] [modloading-worker-0/DEBUG] [ne.ne.fm.ja.AutomaticEventSubscriber/LOADING]: Auto-subscribing com.quzzar.kithkyn.dev.CastleConstructionVerification to GAME
[14:36:45] [modloading-worker-0/DEBUG] [ne.ne.fm.ja.AutomaticEventSubscriber/LOADING]: Auto-subscribing com.quzzar.kithkyn.dev.WallFoundationVerification to GAME
[14:36:45] [modloading-worker-0/DEBUG] [io.ne.bu.PooledByteBufAllocator/]: -Dio.netty.allocator.numHeapArenas: 20
[14:36:45] [modloading-worker-0/DEBUG] [io.ne.bu.PooledByteBufAllocator/]: -Dio.netty.allocator.numDirectArenas: 20
[14:36:45] [modloading-worker-0/DEBUG] [io.ne.bu.PooledByteBufAllocator/]: -Dio.netty.allocator.pageSize: 8192
[14:36:45] [modloading-worker-0/DEBUG] [io.ne.bu.PooledByteBufAllocator/]: -Dio.netty.allocator.maxOrder: 9
[14:36:45] [modloading-worker-0/DEBUG] [io.ne.bu.PooledByteBufAllocator/]: -Dio.netty.allocator.chunkSize: 4194304
[14:36:45] [modloading-worker-0/DEBUG] [io.ne.bu.PooledByteBufAllocator/]: -Dio.netty.allocator.smallCacheSize: 256
[14:36:45] [modloading-worker-0/DEBUG] [io.ne.bu.PooledByteBufAllocator/]: -Dio.netty.allocator.normalCacheSize: 64
[14:36:45] [modloading-worker-0/DEBUG] [io.ne.bu.PooledByteBufAllocator/]: -Dio.netty.allocator.maxCachedBufferCapacity: 32768
[14:36:45] [modloading-worker-0/DEBUG] [io.ne.bu.PooledByteBufAllocator/]: -Dio.netty.allocator.cacheTrimInterval: 8192
[14:36:45] [modloading-worker-0/DEBUG] [io.ne.bu.PooledByteBufAllocator/]: -Dio.netty.allocator.cacheTrimIntervalMillis: 0
[14:36:45] [modloading-worker-0/DEBUG] [io.ne.bu.PooledByteBufAllocator/]: -Dio.netty.allocator.useCacheForAllThreads: false
[14:36:45] [modloading-worker-0/DEBUG] [io.ne.bu.PooledByteBufAllocator/]: -Dio.netty.allocator.maxCachedByteBuffersPerChunk: 1023
[14:36:45] [modloading-worker-0/DEBUG] [ne.ne.fm.ja.AutomaticEventSubscriber/LOADING]: Auto-subscribing com.quzzar.kithkyn.dev.WorkerRecoveryVerification to GAME
[14:36:45] [modloading-worker-0/DEBUG] [ne.ne.fm.ja.AutomaticEventSubscriber/LOADING]: Auto-subscribing com.quzzar.kithkyn.dev.VillageCleanup to GAME
[14:36:45] [modloading-worker-0/DEBUG] [ne.ne.fm.ja.AutomaticEventSubscriber/LOADING]: Auto-subscribing com.quzzar.kithkyn.dev.LowPassageVerification to GAME
[14:36:46] [modloading-worker-0/DEBUG] [ne.ne.fm.ja.AutomaticEventSubscriber/LOADING]: Auto-subscribing com.quzzar.kithkyn.dev.RedevelopmentBenchmark to GAME
[14:36:46] [modloading-worker-0/DEBUG] [io.ne.bu.ByteBufUtil/]: -Dio.netty.allocator.type: pooled
[14:36:46] [modloading-worker-0/DEBUG] [io.ne.bu.ByteBufUtil/]: -Dio.netty.threadLocalDirectBufferSize: 0
[14:36:46] [modloading-worker-0/DEBUG] [io.ne.bu.ByteBufUtil/]: -Dio.netty.maxThreadLocalCharBufferSize: 16384
[14:36:46] [modloading-worker-0/DEBUG] [ne.ne.fm.ja.AutomaticEventSubscriber/LOADING]: Auto-subscribing net.neoforged.neoforge.network.NetworkInitialization to MOD
[14:36:46] [modloading-worker-0/DEBUG] [ne.ne.fm.ja.AutomaticEventSubscriber/LOADING]: Auto-subscribing net.neoforged.neoforge.network.ConfigurationInitialization to MOD
[14:36:46] [modloading-worker-0/DEBUG] [ne.ne.fm.ja.AutomaticEventSubscriber/LOADING]: Auto-subscribing com.quzzar.kithkyn.dev.BadlandsVillageVerification to GAME
[14:36:46] [modloading-worker-0/DEBUG] [ne.ne.fm.ja.AutomaticEventSubscriber/LOADING]: Auto-subscribing com.quzzar.kithkyn.dev.VinePassageVerification to GAME
[14:36:46] [modloading-worker-0/DEBUG] [ne.ne.fm.ja.AutomaticEventSubscriber/LOADING]: Auto-subscribing com.quzzar.kithkyn.dev.AllayVerification to GAME
[14:36:46] [modloading-worker-0/DEBUG] [ne.ne.fm.ja.AutomaticEventSubscriber/LOADING]: Auto-subscribing com.quzzar.kithkyn.dev.RedevelopmentVerification to GAME
[14:36:46] [modloading-worker-0/DEBUG] [ne.ne.fm.ja.AutomaticEventSubscriber/LOADING]: Auto-subscribing net.neoforged.neoforge.common.MonsterRoomHooks to GAME
[14:36:46] [modloading-worker-0/DEBUG] [ne.ne.fm.ja.AutomaticEventSubscriber/LOADING]: Auto-subscribing com.quzzar.kithkyn.dev.BellRecallVerification to GAME
[14:36:46] [modloading-worker-0/DEBUG] [ne.ne.fm.ja.AutomaticEventSubscriber/LOADING]: Auto-subscribing net.neoforged.neoforge.common.DeferredSpawnEggItem$CommonHandler to MOD
[14:36:46] [modloading-worker-0/DEBUG] [ne.ne.fm.ja.AutomaticEventSubscriber/LOADING]: Auto-subscribing net.neoforged.neoforge.attachment.AttachmentInternals to GAME
[14:36:46] [modloading-worker-0/DEBUG] [ne.ne.fm.ja.AutomaticEventSubscriber/LOADING]: Auto-subscribing com.quzzar.kithkyn.dev.RepairVerification to GAME
[14:36:46] [modloading-worker-0/DEBUG] [ne.ne.fm.ja.AutomaticEventSubscriber/LOADING]: Auto-subscribing com.quzzar.kithkyn.dev.VillageAudit to GAME
[14:36:46] [modloading-worker-0/DEBUG] [ne.ne.fm.ja.AutomaticEventSubscriber/LOADING]: Auto-subscribing com.quzzar.kithkyn.dev.GateBannerVerification to GAME
[14:36:46] [modloading-worker-0/DEBUG] [ne.ne.fm.ja.AutomaticEventSubscriber/LOADING]: Auto-subscribing com.quzzar.kithkyn.dev.CompanionPetVerification to GAME
[14:36:46] [modloading-worker-0/DEBUG] [ne.ne.fm.ja.AutomaticEventSubscriber/LOADING]: Auto-subscribing com.quzzar.kithkyn.dev.ApprovedHouseVerification to GAME
[14:36:46] [modloading-worker-0/DEBUG] [ne.ne.fm.ja.AutomaticEventSubscriber/LOADING]: Auto-subscribing com.quzzar.kithkyn.dev.GateAccessVerification to GAME
[14:36:46] [modloading-worker-0/DEBUG] [ne.ne.fm.ja.AutomaticEventSubscriber/LOADING]: Auto-subscribing com.quzzar.kithkyn.dev.FoundingGrowthVerification to GAME
[14:36:46] [modloading-worker-0/DEBUG] [ne.ne.fm.ja.AutomaticEventSubscriber/LOADING]: Auto-subscribing com.quzzar.kithkyn.dev.QuartermasterVisitVerification to GAME
[14:36:46] [modloading-worker-0/DEBUG] [ne.ne.fm.ja.AutomaticEventSubscriber/LOADING]: Auto-subscribing com.quzzar.kithkyn.dev.CastleMerchantVerification to GAME
[14:36:46] [modloading-worker-0/DEBUG] [ne.ne.fm.ja.AutomaticEventSubscriber/LOADING]: Auto-subscribing com.quzzar.kithkyn.dev.GuardCombatVerification to GAME
[14:36:46] [modloading-worker-0/DEBUG] [ne.ne.fm.ja.AutomaticEventSubscriber/LOADING]: Auto-subscribing com.quzzar.kithkyn.dev.LongRetryVerification to GAME
[14:36:46] [modloading-worker-0/DEBUG] [ne.ne.fm.ja.AutomaticEventSubscriber/LOADING]: Auto-subscribing com.quzzar.kithkyn.dev.CustodyVerification to GAME
[14:36:46] [modloading-worker-0/DEBUG] [ne.ne.fm.ja.AutomaticEventSubscriber/LOADING]: Auto-subscribing com.quzzar.kithkyn.dev.VillageTimelapse to GAME
[14:36:46] [modloading-worker-0/DEBUG] [ne.ne.fm.ja.AutomaticEventSubscriber/LOADING]: Auto-subscribing com.quzzar.kithkyn.dev.CampfireAccessVerification to GAME
[14:36:46] [modloading-worker-0/DEBUG] [ne.ne.fm.ja.AutomaticEventSubscriber/LOADING]: Auto-subscribing com.quzzar.kithkyn.dev.ConstructionClearanceVerification to GAME
[14:36:46] [modloading-worker-0/DEBUG] [ne.ne.fm.ja.AutomaticEventSubscriber/LOADING]: Auto-subscribing com.quzzar.kithkyn.dev.FoundingProbe to GAME
[14:36:47] [modloading-worker-0/DEBUG] [ne.ne.fm.ja.AutomaticEventSubscriber/LOADING]: Auto-subscribing com.quzzar.kithkyn.dev.OccupationWorkVerification to GAME
[14:36:47] [modloading-worker-0/DEBUG] [ne.ne.fm.ja.AutomaticEventSubscriber/LOADING]: Auto-subscribing com.quzzar.kithkyn.dev.GuardNightVerification to GAME
[14:36:47] [modloading-worker-0/DEBUG] [ne.ne.fm.ja.AutomaticEventSubscriber/LOADING]: Auto-subscribing com.quzzar.kithkyn.dev.CastleOperationsVerification to GAME
[14:36:47] [modloading-worker-0/DEBUG] [ne.ne.fm.ja.AutomaticEventSubscriber/LOADING]: Auto-subscribing com.quzzar.kithkyn.dev.ApprovedCenterVerification to GAME
[14:36:47] [modloading-worker-0/DEBUG] [ne.ne.fm.ja.AutomaticEventSubscriber/LOADING]: Auto-subscribing com.quzzar.kithkyn.dev.DevCommands to GAME
[14:36:47] [modloading-worker-0/DEBUG] [ne.ne.fm.ja.AutomaticEventSubscriber/LOADING]: Auto-subscribing com.quzzar.kithkyn.dev.UnhousedBedtimeVerification to GAME
[14:36:47] [modloading-worker-0/DEBUG] [ne.ne.fm.ja.AutomaticEventSubscriber/LOADING]: Auto-subscribing com.quzzar.kithkyn.dev.TreeFellingVerification to GAME
[14:36:47] [modloading-worker-0/DEBUG] [ne.ne.fm.ja.AutomaticEventSubscriber/LOADING]: Auto-subscribing com.quzzar.kithkyn.dev.GuardEquipmentVerification to GAME
[14:36:47] [modloading-worker-0/DEBUG] [ne.ne.fm.ja.AutomaticEventSubscriber/LOADING]: Auto-subscribing com.quzzar.kithkyn.dev.GolemVerification to GAME
[14:36:47] [modloading-worker-0/DEBUG] [ne.ne.fm.ja.AutomaticEventSubscriber/LOADING]: Auto-subscribing com.quzzar.kithkyn.other.KithkynItems to MOD
[14:36:47] [modloading-worker-0/DEBUG] [ne.ne.fm.ja.AutomaticEventSubscriber/LOADING]: Auto-subscribing com.quzzar.kithkyn.wrongdoing.TheftEvents to GAME
[14:36:47] [modloading-worker-0/DEBUG] [ne.ne.fm.ja.AutomaticEventSubscriber/LOADING]: Auto-subscribing com.quzzar.kithkyn.village.VillageChunkLoader to GAME
[14:36:47] [modloading-worker-0/DEBUG] [ne.ne.fm.ja.AutomaticEventSubscriber/LOADING]: Auto-subscribing com.quzzar.kithkyn.village.JobAptitudeLoader to GAME
[14:36:47] [modloading-worker-0/DEBUG] [ne.ne.fm.ja.AutomaticEventSubscriber/LOADING]: Auto-subscribing com.quzzar.kithkyn.village.tiers.VillageTierLoader to GAME
[14:36:47] [modloading-worker-0/DEBUG] [ne.ne.fm.ja.AutomaticEventSubscriber/LOADING]: Auto-subscribing com.quzzar.kithkyn.village.buildings.BuildingDefinitionLoader to GAME
[14:36:47] [modloading-worker-0/DEBUG] [ne.ne.fm.ja.AutomaticEventSubscriber/LOADING]: Auto-subscribing com.quzzar.kithkyn.llm.LlmEvents to GAME
[14:36:47] [modloading-worker-0/DEBUG] [ne.ne.fm.ja.AutomaticEventSubscriber/LOADING]: Auto-subscribing com.quzzar.kithkyn.economy.ItemValueLoader to GAME
[14:36:47] [modloading-worker-0/DEBUG] [ne.ne.fm.ja.AutomaticEventSubscriber/LOADING]: Auto-subscribing com.quzzar.kithkyn.configuration.KithkynConfig to MOD
[14:36:47] [modloading-worker-0/DEBUG] [ne.ne.fm.ja.AutomaticEventSubscriber/LOADING]: Attempting to inject @EventBusSubscriber classes into the eventbus for vestige
[14:36:47] [modloading-worker-0/DEBUG] [ne.ne.fm.ja.AutomaticEventSubscriber/LOADING]: Auto-subscribing com.quzzar.vestige.magic.world.ManaPayload to MOD
[14:36:47] [modloading-worker-0/DEBUG] [ne.ne.fm.ja.AutomaticEventSubscriber/LOADING]: Auto-subscribing com.quzzar.vestige.magic.world.NativeMana to GAME
[14:36:47] [modloading-worker-0/DEBUG] [ne.ne.fm.ja.AutomaticEventSubscriber/LOADING]: Auto-subscribing com.quzzar.vestige.magic.world.NativeMagic to GAME
[14:36:47] [modloading-worker-0/DEBUG] [ne.ne.fm.ja.AutomaticEventSubscriber/LOADING]: Auto-subscribing com.quzzar.vestige.magic.world.SpellEntities to MOD
[14:36:47] [modloading-worker-0/DEBUG] [ne.ne.fm.ja.AutomaticEventSubscriber/LOADING]: Auto-subscribing com.quzzar.vestige.magic.presentation.SpellVisualNetwork to MOD
[14:36:47] [modloading-worker-0/DEBUG] [ne.ne.fm.ja.AutomaticEventSubscriber/LOADING]: Auto-subscribing com.quzzar.vestige.gametest.FocusedGameTests to MOD
[14:36:47] [modloading-worker-0/DEBUG] [ne.ne.fm.ja.AutomaticEventSubscriber/LOADING]: Auto-subscribing com.quzzar.vestige.apparatus.ScrollCasting to GAME
[14:36:47] [modloading-worker-0/DEBUG] [ne.ne.fm.ja.AutomaticEventSubscriber/LOADING]: Auto-subscribing com.quzzar.vestige.apparatus.SpellKnowledge to GAME
[14:36:47] [modloading-worker-0/DEBUG] [ne.ne.fm.ja.AutomaticEventSubscriber/LOADING]: Auto-subscribing com.quzzar.vestige.apparatus.RitualCrafting to GAME
[14:36:47] [modloading-worker-0/DEBUG] [ne.ne.fm.ja.AutomaticEventSubscriber/LOADING]: Auto-subscribing com.quzzar.vestige.apparatus.ApparatusBlocks to MOD
[14:36:47] [modloading-worker-0/DEBUG] [ne.ne.fm.ja.AutomaticEventSubscriber/LOADING]: Auto-subscribing com.quzzar.vestige.apparatus.ScrollItems to MOD
[14:36:47] [modloading-worker-0/DEBUG] [ne.ne.fm.ja.AutomaticEventSubscriber/LOADING]: Auto-subscribing com.quzzar.vestige.apparatus.ScrollRecastPayload to MOD
[14:36:47] [modloading-worker-0/DEBUG] [ne.ne.fm.ja.AutomaticEventSubscriber/LOADING]: Auto-subscribing com.quzzar.vestige.apparatus.recipeviewer.RitualDisplayPayload$Sync to GAME
[14:36:47] [modloading-worker-0/DEBUG] [ne.ne.fm.ja.AutomaticEventSubscriber/LOADING]: Auto-subscribing com.quzzar.vestige.apparatus.recipeviewer.RitualDisplayPayload$Registration to MOD
[14:36:47] [modloading-worker-0/DEBUG] [ne.ne.fm.ja.AutomaticEventSubscriber/LOADING]: Auto-subscribing com.quzzar.vestige.travel.StoneTravelPayloads to MOD
[14:36:47] [modloading-worker-0/DEBUG] [ne.ne.fm.ja.AutomaticEventSubscriber/LOADING]: Auto-subscribing com.quzzar.vestige.travel.StoneTravel to GAME
[14:36:47] [modloading-worker-0/DEBUG] [ne.ne.fm.ja.AutomaticEventSubscriber/LOADING]: Auto-subscribing com.quzzar.vestige.travel.StandingStones to MOD

> Task :check
> Task :build

> Task :runGameTestServer
[14:37:25] [modloading-sync-worker/DEBUG] [ne.ne.fm.co.ConfigTracker/CONFIG]: Loading configs type COMMON
[14:37:25] [modloading-sync-worker/DEBUG] [ne.ne.ne.co.NeoForgeConfig/FORGEMOD]: Loaded NeoForge config file neoforge-common.toml
[14:37:25] [modloading-sync-worker/DEBUG] [ne.ne.fm.co.ConfigTracker/CONFIG]: Loaded TOML config file /private/tmp/vestige-scroll-knowledge-world-complete/config/neoforge-common.toml
[14:37:25] [modloading-sync-worker/DEBUG] [ne.ne.fm.co.ConfigTracker/CONFIG]: Watching TOML config file /private/tmp/vestige-scroll-knowledge-world-complete/config/neoforge-common.toml for changes
[14:37:25] [modloading-sync-worker/DEBUG] [ne.ne.fm.co.ConfigTracker/CONFIG]: Loaded TOML config file /private/tmp/vestige-scroll-knowledge-world-complete/config/kithkyn-common.toml
[14:37:25] [modloading-sync-worker/DEBUG] [ne.ne.fm.co.ConfigTracker/CONFIG]: Watching TOML config file /private/tmp/vestige-scroll-knowledge-world-complete/config/kithkyn-common.toml for changes
[14:37:25] [modloading-sync-worker/DEBUG] [ne.ne.fm.co.ConfigTracker/CONFIG]: Loaded TOML config file /private/tmp/vestige-scroll-knowledge-world-complete/config/kithkyn-advanced.toml
[14:37:25] [modloading-sync-worker/DEBUG] [ne.ne.fm.co.ConfigTracker/CONFIG]: Watching TOML config file /private/tmp/vestige-scroll-knowledge-world-complete/config/kithkyn-advanced.toml for changes
[14:37:25] [modloading-worker-0/INFO] [co.qu.ki.Kithkyn/]: Kithkyn setup!
[14:37:25] [modloading-sync-worker/DEBUG] [ne.ne.fm.DeferredWorkQueue/LOADING]: Dispatching synchronous work for work queue Common setup: 1 jobs
[14:37:25] [modloading-sync-worker/DEBUG] [ne.ne.fm.DeferredWorkQueue/LOADING]: Synchronous work queue completed in 2.175 ms
[14:37:25] [main/ERROR] [minecraft/Settings]: Failed to load properties from file: server.properties
java.nio.file.NoSuchFileException: server.properties
	at java.base/sun.nio.fs.UnixException.translateToIOException(UnixException.java:92) ~[?:?] {}
	at java.base/sun.nio.fs.UnixException.rethrowAsIOException(UnixException.java:106) ~[?:?] {}
	at java.base/sun.nio.fs.UnixException.rethrowAsIOException(UnixException.java:111) ~[?:?] {}
	at java.base/sun.nio.fs.UnixFileSystemProvider.newByteChannel(UnixFileSystemProvider.java:261) ~[?:?] {}
	at java.base/java.nio.file.Files.newByteChannel(Files.java:380) ~[?:?] {}
	at java.base/java.nio.file.Files.newByteChannel(Files.java:432) ~[?:?] {}
	at java.base/java.nio.file.spi.FileSystemProvider.newInputStream(FileSystemProvider.java:420) ~[?:?] {}
	at java.base/java.nio.file.Files.newInputStream(Files.java:160) ~[?:?] {}
	at TRANSFORMER/minecraft@1.21.1/net.minecraft.server.dedicated.Settings.loadFromFile(Settings.java:38) ~[neoforge-21.1.72-minecraft.jar%23119!/:?] {re:classloading}
	at TRANSFORMER/minecraft@1.21.1/net.minecraft.server.dedicated.DedicatedServerProperties.fromFile(DedicatedServerProperties.java:132) ~[neoforge-21.1.72-minecraft.jar%23119!/:?] {re:classloading}
	at TRANSFORMER/minecraft@1.21.1/net.minecraft.server.dedicated.DedicatedServerSettings.<init>(DedicatedServerSettings.java:12) ~[neoforge-21.1.72-minecraft.jar%23119!/:?] {re:classloading}
	at TRANSFORMER/minecraft@1.21.1/net.minecraft.server.Main.main(Main.java:125) ~[neoforge-21.1.72-minecraft.jar%23119!/:?] {re:classloading}
	at java.base/jdk.internal.reflect.DirectMethodHandleAccessor.invoke(DirectMethodHandleAccessor.java:103) ~[?:?] {}
	at java.base/java.lang.reflect.Method.invoke(Method.java:580) ~[?:?] {}
	at MC-BOOTSTRAP/fml_loader@4.0.29/net.neoforged.fml.loading.targets.CommonLaunchHandler.runTarget(CommonLaunchHandler.java:136) ~[loader-4.0.29.jar%2395!/:4.0] {}
	at MC-BOOTSTRAP/fml_loader@4.0.29/net.neoforged.fml.loading.targets.CommonLaunchHandler.serverService(CommonLaunchHandler.java:128) ~[loader-4.0.29.jar%2395!/:4.0] {}
	at MC-BOOTSTRAP/fml_loader@4.0.29/net.neoforged.fml.loading.targets.NeoForgeServerUserdevLaunchHandler.runService(NeoForgeServerUserdevLaunchHandler.java:23) ~[loader-4.0.29.jar%2395!/:4.0] {}
	at MC-BOOTSTRAP/fml_loader@4.0.29/net.neoforged.fml.loading.targets.CommonLaunchHandler.lambda$launchService$4(CommonLaunchHandler.java:118) ~[loader-4.0.29.jar%2395!/:4.0] {}
	at MC-BOOTSTRAP/cpw.mods.modlauncher@11.0.4/cpw.mods.modlauncher.LaunchServiceHandlerDecorator.launch(LaunchServiceHandlerDecorator.java:30) [modlauncher-11.0.4.jar%2375!/:?] {}
	at MC-BOOTSTRAP/cpw.mods.modlauncher@11.0.4/cpw.mods.modlauncher.LaunchServiceHandler.launch(LaunchServiceHandler.java:53) [modlauncher-11.0.4.jar%2375!/:?] {}
	at MC-BOOTSTRAP/cpw.mods.modlauncher@11.0.4/cpw.mods.modlauncher.LaunchServiceHandler.launch(LaunchServiceHandler.java:71) [modlauncher-11.0.4.jar%2375!/:?] {}
	at MC-BOOTSTRAP/cpw.mods.modlauncher@11.0.4/cpw.mods.modlauncher.Launcher.run(Launcher.java:103) [modlauncher-11.0.4.jar%2375!/:?] {}
	at MC-BOOTSTRAP/cpw.mods.modlauncher@11.0.4/cpw.mods.modlauncher.Launcher.main(Launcher.java:74) [modlauncher-11.0.4.jar%2375!/:?] {}
	at MC-BOOTSTRAP/cpw.mods.modlauncher@11.0.4/cpw.mods.modlauncher.BootstrapLaunchConsumer.accept(BootstrapLaunchConsumer.java:26) [modlauncher-11.0.4.jar%2375!/:?] {}
	at MC-BOOTSTRAP/cpw.mods.modlauncher@11.0.4/cpw.mods.modlauncher.BootstrapLaunchConsumer.accept(BootstrapLaunchConsumer.java:23) [modlauncher-11.0.4.jar%2375!/:?] {}
	at cpw.mods.bootstraplauncher@2.0.2/cpw.mods.bootstraplauncher.BootstrapLauncher.run(BootstrapLauncher.java:210) [bootstraplauncher-2.0.2.jar:?] {}
	at cpw.mods.bootstraplauncher@2.0.2/cpw.mods.bootstraplauncher.BootstrapLauncher.main(BootstrapLauncher.java:69) [bootstraplauncher-2.0.2.jar:?] {}
	at java.base/jdk.internal.reflect.DirectMethodHandleAccessor.invoke(DirectMethodHandleAccessor.java:103) ~[?:?] {}
	at java.base/java.lang.reflect.Method.invoke(Method.java:580) ~[?:?] {}
	at DevLaunch@1.0.1/net.neoforged.devlaunch.Main.main(Main.java:55) [DevLaunch-1.0.1.jar:?] {}
[14:37:25] [main/INFO] [mojang/YggdrasilAuthenticationService]: Environment: Environment[sessionHost=https://sessionserver.mojang.com, servicesHost=https://api.minecraftservices.com, name=PROD]
[14:37:25] [main/WARN] [minecraft/VanillaPackResourcesBuilder]: Assets URL 'union:/private/tmp/vestige-scroll-knowledge-build/moddev/artifacts/neoforge-21.1.72-minecraft.jar%23119!/assets/.mcassetsroot' uses unexpected schema
[14:37:25] [main/WARN] [minecraft/VanillaPackResourcesBuilder]: Assets URL 'union:/private/tmp/vestige-scroll-knowledge-build/moddev/artifacts/neoforge-21.1.72-minecraft.jar%23119!/data/.mcassetsroot' uses unexpected schema
[14:37:26] [main/INFO] [minecraft/MinecraftServer]: Found new data pack mod/kithkyn:packs/replace_villages, loading it automatically
[14:37:26] [main/INFO] [minecraft/MinecraftServer]: Found new data pack mod/kithkyn:packs/replace_pillagers, loading it automatically
[14:37:27] [main/INFO] [minecraft/Main]: No existing world data, creating new world
[14:37:28] [main/INFO] [minecraft/RecipeManager]: Loaded 1363 recipes
[14:37:29] [main/INFO] [minecraft/AdvancementTree]: Loaded 1473 advancements
[14:37:29] [main/INFO] [co.qu.ki.Kithkyn/]: Loaded 12 job aptitude profiles
[14:37:29] [main/INFO] [co.qu.ki.Kithkyn/]: Loaded 6 village tiers
[14:37:29] [main/INFO] [co.qu.ki.Kithkyn/]: Loaded 23 village building definitions
[14:37:29] [main/INFO] [co.qu.ki.Kithkyn/]: Loaded 76 item values and 7 tag fallbacks
[14:37:34] [main/DEBUG] [ne.ne.ne.co.CommonHooks/WP]: Gathered mod list to write to world save world
[14:37:34] [main/INFO] [ne.ne.ne.ga.GameTestHooks/]: Enabled Gametest Namespaces: [vestige]
[14:37:36] [main/INFO] [minecraft/RecipeManager]: Loaded 1364 recipes
[14:37:36] [main/INFO] [minecraft/AdvancementTree]: Loaded 1474 advancements
[14:37:36] [main/INFO] [co.qu.ki.Kithkyn/]: Loaded 12 job aptitude profiles
[14:37:36] [main/INFO] [co.qu.ki.Kithkyn/]: Loaded 6 village tiers
[14:37:36] [main/INFO] [co.qu.ki.Kithkyn/]: Loaded 23 village building definitions
[14:37:36] [main/INFO] [co.qu.ki.Kithkyn/]: Loaded 76 item values and 7 tag fallbacks
[14:37:37] [Server thread/DEBUG] [ne.ne.fm.co.ConfigTracker/CONFIG]: Loading configs type SERVER
[14:37:37] [Server thread/DEBUG] [ne.ne.ne.co.NeoForgeConfig/FORGEMOD]: Loaded NeoForge config file neoforge-server.toml
[14:37:37] [Server thread/DEBUG] [ne.ne.fm.co.ConfigTracker/CONFIG]: Loaded TOML config file /private/tmp/vestige-scroll-knowledge-world-complete/config/neoforge-server.toml
[14:37:37] [Server thread/DEBUG] [ne.ne.fm.co.ConfigTracker/CONFIG]: Watching TOML config file /private/tmp/vestige-scroll-knowledge-world-complete/config/neoforge-server.toml for changes
[14:37:38] [Server thread/INFO] [co.qu.ki.Kithkyn/]: LLM calls are recorded in full in logs/llm.log
[14:37:38] [Server thread/INFO] [co.qu.ki.Kithkyn/]: LLM provider: local
[14:37:38] [kithkyn-llama-launcher/INFO] [co.qu.ki.Kithkyn/]: Fetching llama.cpp b10653 for the local runtime (llama-b10653-bin-macos-arm64.tar.gz)
[14:37:39] [pool-6-thread-1/DEBUG] [ne.ne.fm.co.ConfigWatcher/CONFIG]: Config file neoforge-server.toml changed, re-loading
[14:37:39] [pool-6-thread-1/DEBUG] [ne.ne.ne.co.NeoForgeConfig/FORGEMOD]: NeoForge config just got changed on the file system!
[14:37:40] [kithkyn-llama-launcher/INFO] [co.qu.ki.Kithkyn/]: Local runtime ready at /private/tmp/vestige-scroll-knowledge-world-complete/kithkyn/runtime/b10653/llama-b10653/llama-server
[14:37:40] [kithkyn-llama-launcher/INFO] [co.qu.ki.Kithkyn/]: Downloading Llama-3.2-3B-Instruct — this happens once and is a large file
[14:37:42] [Server thread/INFO] [minecraft/MinecraftServer]: Preparing start region for dimension minecraft:overworld
[14:37:43] [worldgen/INFO] [minecraft/LoggerChunkProgressListener]: Preparing spawn area: 2%
[14:37:43] [worldgen/INFO] [minecraft/LoggerChunkProgressListener]: Preparing spawn area: 2%
[14:37:43] [worldgen/INFO] [minecraft/LoggerChunkProgressListener]: Preparing spawn area: 2%
[14:37:44] [worldgen/INFO] [minecraft/LoggerChunkProgressListener]: Preparing spawn area: 8%
[14:37:44] [worldgen/INFO] [minecraft/LoggerChunkProgressListener]: Preparing spawn area: 18%
[14:37:46] [worldgen/INFO] [minecraft/LoggerChunkProgressListener]: Preparing spawn area: 55%
[14:37:46] [worldgen/INFO] [minecraft/LoggerChunkProgressListener]: Preparing spawn area: 57%
[14:37:46] [Server thread/INFO] [minecraft/LoggerChunkProgressListener]: Time elapsed: 3729 ms
[14:37:46] [Server thread/INFO] [minecraft/GameTestServer]: Started game test server
[14:37:47] [Server thread/DEBUG] [ne.ne.ne.se.LanguageHook/]: Loaded 5 language files for en_us
[14:37:47] [Server thread/INFO] [ne.ne.ne.se.pe.PermissionAPI/]: Successfully initialized permission handler neoforge:default_handler
[14:37:47] [Server thread/INFO] [minecraft/GameTestServer]: 187 tests are now running at position 4456307, -59, 7253562!
[14:37:50] [Server thread/INFO] [minecraft/GameTestRunner]: Running test batch 'ice_dispose:0' (1 tests)...
[14:37:50] [Server thread/WARN] [minecraft/MinecraftServer]: Can't keep up! Is the server overloaded? Running 3838ms or 76 ticks behind
[14:37:52] [Server thread/INFO] [minecraft/GameTestServer]: [                                                                                                                                                                                           ]
[14:37:53] [Server thread/INFO] [minecraft/GameTestServer]: [                                                                                                                                                                                           ]
[14:37:54] [Server thread/INFO] [minecraft/GameTestServer]: [_                                                                                                                                                                                          ]
[14:37:54] [Server thread/INFO] [minecraft/GameTestServer]: [_                                                                                                                                                                                          ]
[14:37:54] [Server thread/INFO] [minecraft/GameTestRunner]: Running test batch 'shaping_decode:0' (1 tests)...
[14:37:54] [Server thread/INFO] [minecraft/GameTestServer]: [+                                                                                                                                                                                          ]
[14:37:54] [Server thread/INFO] [minecraft/GameTestServer]: [+                                                                                                                                                                                          ]
[14:37:54] [Server thread/INFO] [minecraft/GameTestServer]: [+                                                                                                                                                                                          ]
[14:37:54] [Server thread/INFO] [minecraft/GameTestServer]: [+                                                                                                                                                                                          ]
[14:37:55] [Server thread/INFO] [minecraft/GameTestRunner]: Running test batch 'spellshaping_craft:0' (1 tests)...
[14:37:55] [Server thread/INFO] [minecraft/GameTestServer]: [++                                                                                                                                                                                         ]
[14:37:56] [Server thread/INFO] [minecraft/GameTestServer]: [++_                                                                                                                                                                                        ]
[14:37:56] [Server thread/INFO] [minecraft/GameTestServer]: [++_                                                                                                                                                                                        ]
[14:37:56] [Server thread/INFO] [minecraft/GameTestServer]: [++_                                                                                                                                                                                        ]
[14:37:56] [Server thread/INFO] [minecraft/GameTestServer]: [++_                                                                                                                                                                                        ]
[14:37:56] [Server thread/INFO] [minecraft/GameTestRunner]: Running test batch 'expansion_figment:0' (1 tests)...
[14:37:56] [Server thread/INFO] [minecraft/GameTestServer]: [+++                                                                                                                                                                                        ]
[14:37:58] [Server thread/INFO] [minecraft/GameTestRunner]: Running test batch 'leyline_cosmetic_recipe:0' (1 tests)...
[14:37:58] [Server thread/INFO] [minecraft/GameTestServer]: [++++                                                                                                                                                                                       ]
[14:37:58] [Server thread/INFO] [minecraft/GameTestServer]: [++++                                                                                                                                                                                       ]
[14:37:58] [Server thread/INFO] [minecraft/GameTestServer]: [++++                                                                                                                                                                                       ]
[14:37:59] [Server thread/INFO] [minecraft/GameTestServer]: [++++                                                                                                                                                                                       ]
[14:37:59] [Server thread/INFO] [minecraft/GameTestServer]: [++++                                                                                                                                                                                       ]
[14:37:59] [Server thread/INFO] [minecraft/GameTestServer]: [++++                                                                                                                                                                                       ]
[14:37:59] [Server thread/INFO] [minecraft/GameTestServer]: [++++_                                                                                                                                                                                      ]
[14:37:59] [Server thread/INFO] [minecraft/GameTestServer]: [++++_                                                                                                                                                                                      ]
[14:37:59] [Server thread/INFO] [minecraft/GameTestServer]: [++++_                                                                                                                                                                                      ]
[14:37:59] [Server thread/INFO] [minecraft/GameTestRunner]: Running test batch 'plinth_column_placement:0' (1 tests)...
[14:37:59] [Server thread/INFO] [minecraft/GameTestServer]: [+++++                                                                                                                                                                                      ]
[14:38:00] [Server thread/INFO] [minecraft/GameTestServer]: [+++++                                                                                                                                                                                      ]
[14:38:01] [Server thread/INFO] [minecraft/GameTestRunner]: Running test batch 'attunement_imbuement_colors:0' (1 tests)...
[14:38:01] [Server thread/INFO] [minecraft/GameTestServer]: [++++++                                                                                                                                                                                     ]
[14:38:01] [Server thread/INFO] [minecraft/GameTestServer]: [++++++                                                                                                                                                                                     ]
[14:38:01] [Server thread/INFO] [minecraft/GameTestServer]: [++++++                                                                                                                                                                                     ]
[14:38:01] [Server thread/INFO] [minecraft/GameTestServer]: [++++++_                                                                                                                                                                                    ]
[14:38:01] [Server thread/INFO] [minecraft/GameTestServer]: [++++++_                                                                                                                                                                                    ]
[14:38:01] [Server thread/INFO] [minecraft/GameTestServer]: [++++++_                                                                                                                                                                                    ]
[14:38:01] [Server thread/INFO] [minecraft/GameTestRunner]: Running test batch 'homebound_denial:0' (1 tests)...
[14:38:02] [Server thread/INFO] [minecraft/GameTestServer]: [+++++++                                                                                                                                                                                    ]
[14:38:02] [Server thread/INFO] [minecraft/GameTestServer]: [+++++++                                                                                                                                                                                    ]
[14:38:02] [Server thread/INFO] [minecraft/GameTestServer]: [+++++++                                                                                                                                                                                    ]
[14:38:02] [Server thread/INFO] [minecraft/GameTestServer]: [+++++++                                                                                                                                                                                    ]
[14:38:02] [Server thread/INFO] [minecraft/GameTestServer]: [+++++++                                                                                                                                                                                    ]
[14:38:03] [Server thread/INFO] [minecraft/PlayerList]: survival-test-player[embedded] logged in with entity id 35 at (6.5, -60.0, -3.5)
[14:38:05] [Server thread/DEBUG] [io.ne.ut.Recycler/]: -Dio.netty.recycler.maxCapacityPerThread: 4096
[14:38:05] [Server thread/DEBUG] [io.ne.ut.Recycler/]: -Dio.netty.recycler.ratio: 8
[14:38:05] [Server thread/DEBUG] [io.ne.ut.Recycler/]: -Dio.netty.recycler.chunkSize: 32
[14:38:05] [Server thread/DEBUG] [io.ne.ut.Recycler/]: -Dio.netty.recycler.blocking: false
[14:38:05] [Server thread/DEBUG] [io.ne.ut.Recycler/]: -Dio.netty.recycler.batchFastThreadLocalOnly: true
[14:38:05] [Server thread/DEBUG] [io.ne.ut.in.PlatformDependent/]: org.jctools-core.MpscChunkedArrayQueue: available
[14:38:06] [Server thread/INFO] [minecraft/MinecraftServer]: survival-test-player joined the game
[14:38:06] [Server thread/INFO] [minecraft/GameTestRunner]: Running test batch 'shaping_contacts:0' (1 tests)...
[14:38:09] [Server thread/INFO] [minecraft/GameTestServer]: [++++++++                                                                                                                                                                                   ]
[14:38:09] [Server thread/INFO] [minecraft/GameTestServer]: [++++++++                                                                                                                                                                                   ]
[14:38:09] [Server thread/INFO] [minecraft/GameTestServer]: [++++++++                                                                                                                                                                                   ]
[14:38:09] [Server thread/INFO] [minecraft/GameTestServer]: [++++++++_                                                                                                                                                                                  ]
[14:38:09] [Server thread/INFO] [minecraft/GameTestServer]: [++++++++_                                                                                                                                                                                  ]
[14:38:09] [Server thread/INFO] [minecraft/GameTestServer]: [++++++++_                                                                                                                                                                                  ]
[14:38:10] [Server thread/INFO] [minecraft/GameTestServer]: [++++++++_                                                                                                                                                                                  ]
[14:38:10] [Server thread/INFO] [minecraft/GameTestRunner]: Running test batch 'balance:0' (5 tests)...
[14:38:10] [Server thread/INFO] [minecraft/GameTestServer]: [+++++++++                                                                                                                                                                                  ]
[14:38:10] [Server thread/INFO] [minecraft/GameTestServer]: [+++++++++                                                                                                                                                                                  ]
[14:38:11] [Server thread/INFO] [minecraft/GameTestServer]: [+++++++++____+                                                                                                                                                                             ]
[14:38:11] [Server thread/INFO] [minecraft/GameTestServer]: [++++++++++___+                                                                                                                                                                             ]
[14:38:11] [Server thread/INFO] [minecraft/GameTestServer]: [++++++++++++_+                                                                                                                                                                             ]
[14:38:11] [Server thread/INFO] [minecraft/GameTestServer]: [++++++++++++_+                                                                                                                                                                             ]
[14:38:12] [Server thread/INFO] [minecraft/GameTestServer]: [++++++++++++_+                                                                                                                                                                             ]
[14:38:12] [Server thread/INFO] [minecraft/GameTestServer]: [++++++++++++_+                                                                                                                                                                             ]
[14:38:12] [Server thread/INFO] [minecraft/GameTestServer]: [++++++++++++_+                                                                                                                                                                             ]
[14:38:12] [Server thread/INFO] [minecraft/GameTestRunner]: Running test batch 'leyline_outer:0' (1 tests)...
[14:38:13] [Server thread/INFO] [minecraft/GameTestServer]: [++++++++++++++                                                                                                                                                                             ]
[14:38:13] [Server thread/INFO] [minecraft/GameTestServer]: [++++++++++++++                                                                                                                                                                             ]
[14:38:14] [Server thread/INFO] [minecraft/GameTestServer]: [++++++++++++++_                                                                                                                                                                            ]
[14:38:14] [Server thread/INFO] [minecraft/GameTestServer]: [++++++++++++++_                                                                                                                                                                            ]
[14:38:14] [Server thread/INFO] [minecraft/GameTestServer]: [++++++++++++++_                                                                                                                                                                            ]
[14:38:14] [Server thread/INFO] [minecraft/GameTestRunner]: Running test batch 'utility_support:0' (1 tests)...
[14:38:14] [Server thread/INFO] [minecraft/GameTestServer]: [+++++++++++++++                                                                                                                                                                            ]
[14:38:14] [Server thread/INFO] [minecraft/GameTestServer]: [+++++++++++++++                                                                                                                                                                            ]
[14:38:15] [Server thread/INFO] [minecraft/GameTestServer]: [+++++++++++++++_                                                                                                                                                                           ]
[14:38:15] [Server thread/INFO] [minecraft/GameTestServer]: [+++++++++++++++_                                                                                                                                                                           ]
[14:38:15] [Server thread/INFO] [minecraft/GameTestServer]: [+++++++++++++++_                                                                                                                                                                           ]
[14:38:15] [Server thread/INFO] [minecraft/GameTestServer]: [+++++++++++++++_                                                                                                                                                                           ]
[14:38:16] [Server thread/INFO] [minecraft/GameTestRunner]: Running test batch 'ritual_catalog:0' (1 tests)...
[14:38:17] [Server thread/INFO] [minecraft/GameTestServer]: [++++++++++++++++                                                                                                                                                                           ]
[14:38:17] [Server thread/INFO] [minecraft/GameTestServer]: [++++++++++++++++                                                                                                                                                                           ]
[14:38:22] [Server thread/INFO] [minecraft/GameTestRunner]: Running test batch 'spatial:0' (1 tests)...
[14:38:23] [Server thread/INFO] [minecraft/GameTestServer]: [+++++++++++++++++                                                                                                                                                                          ]
[14:38:23] [Server thread/INFO] [minecraft/GameTestRunner]: Running test batch 'apparatus_waterlogging:0' (1 tests)...
[14:38:23] [Server thread/INFO] [minecraft/GameTestServer]: [++++++++++++++++++                                                                                                                                                                         ]
[14:38:23] [Server thread/INFO] [minecraft/GameTestRunner]: Running test batch 'ice_shutdown:0' (1 tests)...
[14:38:24] [Server thread/INFO] [minecraft/GameTestServer]: [+++++++++++++++++++                                                                                                                                                                        ]
[14:38:24] [Server thread/INFO] [minecraft/GameTestServer]: [+++++++++++++++++++_                                                                                                                                                                       ]
[14:38:24] [Server thread/INFO] [minecraft/GameTestServer]: [+++++++++++++++++++_                                                                                                                                                                       ]
[14:38:24] [Server thread/INFO] [minecraft/GameTestServer]: [+++++++++++++++++++_                                                                                                                                                                       ]
[14:38:24] [Server thread/INFO] [minecraft/GameTestServer]: [+++++++++++++++++++_                                                                                                                                                                       ]
[14:38:24] [Server thread/INFO] [minecraft/GameTestServer]: [+++++++++++++++++++_                                                                                                                                                                       ]
[14:38:25] [Server thread/INFO] [minecraft/GameTestServer]: [+++++++++++++++++++_                                                                                                                                                                       ]
[14:38:25] [Server thread/INFO] [minecraft/GameTestServer]: [+++++++++++++++++++_                                                                                                                                                                       ]
[14:38:25] [Server thread/INFO] [minecraft/GameTestServer]: [+++++++++++++++++++_                                                                                                                                                                       ]
[14:38:25] [Server thread/INFO] [minecraft/GameTestServer]: [+++++++++++++++++++_                                                                                                                                                                       ]
[14:38:25] [Server thread/INFO] [minecraft/GameTestServer]: [+++++++++++++++++++_                                                                                                                                                                       ]
[14:38:25] [Server thread/INFO] [minecraft/GameTestServer]: [+++++++++++++++++++_                                                                                                                                                                       ]
[14:38:25] [Server thread/INFO] [minecraft/GameTestRunner]: Running test batch 'pathfinder_regeneration:0' (1 tests)...
[14:38:26] [Server thread/INFO] [minecraft/GameTestServer]: [++++++++++++++++++++                                                                                                                                                                       ]
[14:38:26] [Server thread/INFO] [minecraft/GameTestServer]: [++++++++++++++++++++_                                                                                                                                                                      ]
[14:38:26] [Server thread/INFO] [minecraft/GameTestServer]: [++++++++++++++++++++_                                                                                                                                                                      ]
[14:38:26] [Server thread/INFO] [minecraft/GameTestServer]: [++++++++++++++++++++_                                                                                                                                                                      ]
[14:38:26] [Server thread/INFO] [minecraft/GameTestServer]: [++++++++++++++++++++_                                                                                                                                                                      ]
[14:38:26] [Server thread/INFO] [minecraft/GameTestServer]: [++++++++++++++++++++_                                                                                                                                                                      ]
[14:38:26] [Server thread/INFO] [minecraft/GameTestServer]: [++++++++++++++++++++_                                                                                                                                                                      ]
[14:38:26] [Server thread/INFO] [minecraft/GameTestServer]: [++++++++++++++++++++_                                                                                                                                                                      ]
[14:38:26] [Server thread/INFO] [minecraft/GameTestServer]: [++++++++++++++++++++_                                                                                                                                                                      ]
[14:38:26] [Server thread/INFO] [minecraft/GameTestServer]: [++++++++++++++++++++_                                                                                                                                                                      ]
[14:38:26] [Server thread/INFO] [minecraft/GameTestRunner]: Running test batch 'pathfinder_control_overlap:0' (1 tests)...
[14:38:27] [Server thread/INFO] [minecraft/GameTestServer]: [+++++++++++++++++++++                                                                                                                                                                      ]
[14:38:27] [Server thread/INFO] [minecraft/GameTestServer]: [+++++++++++++++++++++_                                                                                                                                                                     ]
[14:38:27] [Server thread/INFO] [minecraft/GameTestServer]: [+++++++++++++++++++++_                                                                                                                                                                     ]
[14:38:27] [Server thread/INFO] [minecraft/GameTestServer]: [+++++++++++++++++++++_                                                                                                                                                                     ]
[14:38:27] [Server thread/INFO] [minecraft/GameTestServer]: [+++++++++++++++++++++_                                                                                                                                                                     ]
[14:38:27] [Server thread/INFO] [minecraft/GameTestServer]: [+++++++++++++++++++++_                                                                                                                                                                     ]
[14:38:27] [Server thread/INFO] [minecraft/GameTestServer]: [+++++++++++++++++++++_                                                                                                                                                                     ]
[14:38:28] [Server thread/INFO] [minecraft/GameTestServer]: [+++++++++++++++++++++_                                                                                                                                                                     ]
[14:38:28] [Server thread/INFO] [minecraft/GameTestServer]: [+++++++++++++++++++++_                                                                                                                                                                     ]
[14:38:28] [Server thread/INFO] [minecraft/GameTestServer]: [+++++++++++++++++++++_                                                                                                                                                                     ]
[14:38:28] [Server thread/INFO] [minecraft/GameTestServer]: [+++++++++++++++++++++_                                                                                                                                                                     ]
[14:38:28] [Server thread/INFO] [minecraft/GameTestRunner]: Running test batch 'leyline_blast_eight:0' (1 tests)...
[14:38:28] [Server thread/INFO] [minecraft/GameTestServer]: [++++++++++++++++++++++                                                                                                                                                                     ]
[14:38:29] [Server thread/INFO] [minecraft/GameTestServer]: [++++++++++++++++++++++                                                                                                                                                                     ]
[14:38:29] [Server thread/INFO] [minecraft/GameTestServer]: [++++++++++++++++++++++                                                                                                                                                                     ]
[14:38:29] [Server thread/INFO] [minecraft/GameTestServer]: [++++++++++++++++++++++_                                                                                                                                                                    ]
[14:38:29] [Server thread/INFO] [minecraft/Villager]: Villager Villager['Villager'/324, l='ServerLevel[Test Level]', x=4456379.25, y=-46.10, z=7253661.50] died, message: 'Villager was blown up by test-mock-player'
[14:38:29] [Server thread/INFO] [minecraft/GameTestRunner]: Running test batch 'ritual_cancel:0' (1 tests)...
[14:38:30] [Server thread/INFO] [minecraft/GameTestServer]: [+++++++++++++++++++++++                                                                                                                                                                    ]
[14:38:30] [Server thread/INFO] [minecraft/GameTestServer]: [+++++++++++++++++++++++                                                                                                                                                                    ]
[14:38:30] [Server thread/INFO] [minecraft/GameTestServer]: [+++++++++++++++++++++++_                                                                                                                                                                   ]
[14:38:30] [Server thread/INFO] [minecraft/GameTestServer]: [+++++++++++++++++++++++_                                                                                                                                                                   ]
[14:38:30] [Server thread/INFO] [minecraft/GameTestServer]: [+++++++++++++++++++++++_                                                                                                                                                                   ]
[14:38:30] [Server thread/INFO] [minecraft/GameTestRunner]: Running test batch 'ice_ceiling:0' (1 tests)...
[14:38:30] [Server thread/INFO] [minecraft/GameTestServer]: [++++++++++++++++++++++++                                                                                                                                                                   ]
[14:38:30] [Server thread/INFO] [minecraft/GameTestServer]: [++++++++++++++++++++++++                                                                                                                                                                   ]
[14:38:30] [Server thread/INFO] [minecraft/GameTestServer]: [++++++++++++++++++++++++                                                                                                                                                                   ]
[14:38:30] [Server thread/INFO] [minecraft/GameTestServer]: [++++++++++++++++++++++++                                                                                                                                                                   ]
[14:38:31] [Server thread/INFO] [minecraft/GameTestServer]: [++++++++++++++++++++++++                                                                                                                                                                   ]
[14:38:31] [Server thread/INFO] [minecraft/GameTestServer]: [++++++++++++++++++++++++                                                                                                                                                                   ]
[14:38:31] [Server thread/INFO] [minecraft/GameTestServer]: [++++++++++++++++++++++++                                                                                                                                                                   ]
[14:38:31] [Server thread/INFO] [minecraft/GameTestRunner]: Running test batch 'utility_ice:0' (1 tests)...
[14:38:31] [Server thread/INFO] [minecraft/GameTestServer]: [+++++++++++++++++++++++++                                                                                                                                                                  ]
[14:38:31] [Server thread/INFO] [minecraft/GameTestRunner]: Running test batch 'expansion_external_invisibility:0' (1 tests)...
[14:38:31] [Server thread/INFO] [minecraft/GameTestServer]: [++++++++++++++++++++++++++                                                                                                                                                                 ]
[14:38:31] [Server thread/INFO] [minecraft/GameTestServer]: [++++++++++++++++++++++++++                                                                                                                                                                 ]
[14:38:31] [Server thread/INFO] [minecraft/GameTestRunner]: Running test batch 'apparatus_offering:0' (1 tests)...
[14:38:31] [Server thread/INFO] [minecraft/GameTestServer]: [+++++++++++++++++++++++++++                                                                                                                                                                ]
[14:38:31] [Server thread/INFO] [minecraft/GameTestRunner]: Running test batch 'leyline_spatial:0' (1 tests)...
[14:38:31] [Server thread/INFO] [minecraft/GameTestServer]: [++++++++++++++++++++++++++++                                                                                                                                                               ]
[14:38:31] [Server thread/INFO] [minecraft/GameTestRunner]: Running test batch 'homebound_dimension:0' (1 tests)...
[14:38:31] [Server thread/INFO] [minecraft/GameTestServer]: [+++++++++++++++++++++++++++++                                                                                                                                                              ]
[14:38:31] [Server thread/INFO] [minecraft/GameTestServer]: [+++++++++++++++++++++++++++++                                                                                                                                                              ]
[14:38:31] [Server thread/INFO] [minecraft/PlayerList]: survival-test-player[embedded] logged in with entity id 341 at (7.5, -60.0, 4.5)
[14:38:31] [Server thread/INFO] [minecraft/MinecraftServer]: survival-test-player joined the game
[14:38:31] [Server thread/INFO] [minecraft/MinecraftServer]: survival-test-player has made the advancement [The End?]
[14:38:31] [Server thread/INFO] [minecraft/GameTestRunner]: Running test batch 'spellshaping_colored_wool:0' (1 tests)...
[14:38:31] [Server thread/INFO] [minecraft/GameTestServer]: [++++++++++++++++++++++++++++++                                                                                                                                                             ]
[14:38:31] [Server thread/INFO] [minecraft/GameTestServer]: [++++++++++++++++++++++++++++++                                                                                                                                                             ]
[14:38:31] [Server thread/INFO] [minecraft/GameTestServer]: [++++++++++++++++++++++++++++++                                                                                                                                                             ]
[14:38:32] [Server thread/INFO] [minecraft/GameTestServer]: [++++++++++++++++++++++++++++++_                                                                                                                                                            ]
[14:38:32] [Server thread/INFO] [minecraft/GameTestServer]: [++++++++++++++++++++++++++++++_                                                                                                                                                            ]
[14:38:32] [Server thread/INFO] [minecraft/GameTestServer]: [++++++++++++++++++++++++++++++_                                                                                                                                                            ]
[14:38:32] [Server thread/INFO] [minecraft/GameTestRunner]: Running test batch 'homebound_payments:0' (1 tests)...
[14:38:32] [Server thread/INFO] [minecraft/GameTestServer]: [+++++++++++++++++++++++++++++++                                                                                                                                                            ]
[14:38:32] [Server thread/INFO] [minecraft/GameTestServer]: [+++++++++++++++++++++++++++++++                                                                                                                                                            ]
[14:38:32] [Server thread/INFO] [minecraft/PlayerList]: survival-test-player[embedded] logged in with entity id 344 at (1.5, -60.0, 1.5)
[14:38:32] [Server thread/INFO] [minecraft/MinecraftServer]: survival-test-player joined the game
[14:38:32] [Server thread/INFO] [minecraft/GameTestRunner]: Running test batch 'visual_ward:0' (1 tests)...
[14:38:33] [Server thread/INFO] [minecraft/GameTestServer]: [++++++++++++++++++++++++++++++++                                                                                                                                                           ]
[14:38:33] [Server thread/INFO] [minecraft/GameTestServer]: [++++++++++++++++++++++++++++++++                                                                                                                                                           ]
[14:38:33] [Server thread/INFO] [minecraft/GameTestRunner]: Running test batch 'homebound_cancel:0' (1 tests)...
[14:38:33] [Server thread/INFO] [minecraft/GameTestServer]: [+++++++++++++++++++++++++++++++++                                                                                                                                                          ]
[14:38:33] [Server thread/INFO] [minecraft/GameTestServer]: [+++++++++++++++++++++++++++++++++                                                                                                                                                          ]
[14:38:33] [Server thread/INFO] [minecraft/GameTestServer]: [+++++++++++++++++++++++++++++++++_                                                                                                                                                         ]
[14:38:33] [Server thread/INFO] [minecraft/GameTestServer]: [+++++++++++++++++++++++++++++++++_                                                                                                                                                         ]
[14:38:33] [Server thread/INFO] [minecraft/GameTestRunner]: Running test batch 'utility_food:0' (1 tests)...
[14:38:33] [Server thread/INFO] [minecraft/GameTestServer]: [++++++++++++++++++++++++++++++++++                                                                                                                                                         ]
[14:38:33] [Server thread/INFO] [minecraft/GameTestServer]: [++++++++++++++++++++++++++++++++++_                                                                                                                                                        ]
[14:38:33] [Server thread/INFO] [minecraft/GameTestServer]: [++++++++++++++++++++++++++++++++++_                                                                                                                                                        ]
[14:38:33] [Server thread/INFO] [minecraft/GameTestServer]: [++++++++++++++++++++++++++++++++++_                                                                                                                                                        ]
[14:38:33] [Server thread/INFO] [minecraft/GameTestServer]: [++++++++++++++++++++++++++++++++++_                                                                                                                                                        ]
[14:38:33] [Server thread/INFO] [minecraft/GameTestServer]: [++++++++++++++++++++++++++++++++++_                                                                                                                                                        ]
[14:38:33] [Server thread/INFO] [minecraft/GameTestServer]: [++++++++++++++++++++++++++++++++++_                                                                                                                                                        ]
[14:38:33] [Server thread/INFO] [minecraft/GameTestServer]: [++++++++++++++++++++++++++++++++++_                                                                                                                                                        ]
[14:38:33] [Server thread/INFO] [minecraft/GameTestServer]: [++++++++++++++++++++++++++++++++++_                                                                                                                                                        ]
[14:38:33] [Server thread/INFO] [minecraft/GameTestRunner]: Running test batch 'private_spaces:0' (1 tests)...
[14:38:33] [Server thread/INFO] [minecraft/GameTestServer]: [+++++++++++++++++++++++++++++++++++                                                                                                                                                        ]
[14:38:33] [Server thread/INFO] [minecraft/GameTestServer]: [+++++++++++++++++++++++++++++++++++                                                                                                                                                        ]
[14:38:33] [Server thread/INFO] [minecraft/PlayerList]: test-mock-player[embedded] logged in with entity id 349 at (2.5, -60.0, -5.5)
[14:38:33] [Server thread/INFO] [minecraft/MinecraftServer]: test-mock-player joined the game
[14:38:33] [Server thread/INFO] [minecraft/PlayerList]: test-mock-player[embedded] logged in with entity id 350 at (10.5, -60.0, -9.5)
[14:38:33] [Server thread/INFO] [minecraft/MinecraftServer]: test-mock-player joined the game
[14:38:34] [Server thread/INFO] [minecraft/MinecraftServer]: test-mock-player has made the advancement [The End?]
[14:38:35] [Server thread/INFO] [minecraft/MinecraftServer]: test-mock-player has made the advancement [The End?]
[14:38:35] [Server thread/INFO] [minecraft/GameTestRunner]: Running test batch 'plinth_column_state:0' (1 tests)...
[14:38:36] [Server thread/INFO] [minecraft/GameTestServer]: [++++++++++++++++++++++++++++++++++++                                                                                                                                                       ]
[14:38:36] [Server thread/INFO] [minecraft/GameTestRunner]: Running test batch 'ritual_known:0' (1 tests)...
[14:38:36] [Server thread/INFO] [minecraft/GameTestServer]: [+++++++++++++++++++++++++++++++++++++                                                                                                                                                      ]
[14:38:36] [Server thread/INFO] [minecraft/GameTestRunner]: Running test batch 'shaping_healing:0' (1 tests)...
[14:38:36] [Server thread/INFO] [minecraft/GameTestServer]: [++++++++++++++++++++++++++++++++++++++                                                                                                                                                     ]
[14:38:36] [Server thread/INFO] [minecraft/GameTestServer]: [++++++++++++++++++++++++++++++++++++++_                                                                                                                                                    ]
[14:38:36] [Server thread/INFO] [minecraft/GameTestServer]: [++++++++++++++++++++++++++++++++++++++_                                                                                                                                                    ]
[14:38:36] [Server thread/INFO] [minecraft/GameTestServer]: [++++++++++++++++++++++++++++++++++++++_                                                                                                                                                    ]
[14:38:36] [Server thread/INFO] [minecraft/GameTestServer]: [++++++++++++++++++++++++++++++++++++++_                                                                                                                                                    ]
[14:38:36] [Server thread/INFO] [minecraft/GameTestServer]: [++++++++++++++++++++++++++++++++++++++_                                                                                                                                                    ]
[14:38:36] [Server thread/INFO] [minecraft/GameTestServer]: [++++++++++++++++++++++++++++++++++++++_                                                                                                                                                    ]
[14:38:36] [Server thread/INFO] [minecraft/GameTestRunner]: Running test batch 'ritual_blast:0' (2 tests)...
[14:38:36] [Server thread/INFO] [minecraft/GameTestServer]: [+++++++++++++++++++++++++++++++++++++++                                                                                                                                                    ]
[14:38:36] [Server thread/INFO] [minecraft/GameTestServer]: [+++++++++++++++++++++++++++++++++++++++                                                                                                                                                    ]
[14:38:36] [Server thread/INFO] [minecraft/GameTestServer]: [+++++++++++++++++++++++++++++++++++++++_                                                                                                                                                   ]
[14:38:36] [Server thread/INFO] [minecraft/GameTestServer]: [+++++++++++++++++++++++++++++++++++++++__                                                                                                                                                  ]
[14:38:36] [Server thread/INFO] [minecraft/GameTestServer]: [++++++++++++++++++++++++++++++++++++++++_                                                                                                                                                  ]
[14:38:36] [Server thread/INFO] [minecraft/GameTestRunner]: Running test batch 'ritual_foundations:0' (1 tests)...
[14:38:36] [Server thread/INFO] [minecraft/GameTestServer]: [+++++++++++++++++++++++++++++++++++++++++                                                                                                                                                  ]
[14:38:36] [Server thread/INFO] [minecraft/GameTestServer]: [+++++++++++++++++++++++++++++++++++++++++_                                                                                                                                                 ]
[14:38:36] [Server thread/INFO] [minecraft/GameTestServer]: [+++++++++++++++++++++++++++++++++++++++++_                                                                                                                                                 ]
[14:38:36] [Server thread/INFO] [minecraft/GameTestServer]: [+++++++++++++++++++++++++++++++++++++++++_                                                                                                                                                 ]
[14:38:36] [Server thread/INFO] [minecraft/GameTestRunner]: Running test batch 'pathfinder_control:0' (1 tests)...
[14:38:36] [Server thread/INFO] [minecraft/GameTestServer]: [++++++++++++++++++++++++++++++++++++++++++                                                                                                                                                 ]
[14:38:36] [Server thread/INFO] [minecraft/GameTestServer]: [++++++++++++++++++++++++++++++++++++++++++                                                                                                                                                 ]
[14:38:36] [Server thread/INFO] [minecraft/GameTestServer]: [++++++++++++++++++++++++++++++++++++++++++                                                                                                                                                 ]
[14:38:36] [Server thread/INFO] [minecraft/GameTestServer]: [++++++++++++++++++++++++++++++++++++++++++_                                                                                                                                                ]
[14:38:36] [Server thread/INFO] [minecraft/GameTestServer]: [++++++++++++++++++++++++++++++++++++++++++_                                                                                                                                                ]
[14:38:36] [Server thread/INFO] [minecraft/GameTestServer]: [++++++++++++++++++++++++++++++++++++++++++_                                                                                                                                                ]
[14:38:36] [Server thread/INFO] [minecraft/GameTestServer]: [++++++++++++++++++++++++++++++++++++++++++_                                                                                                                                                ]
[14:38:36] [Server thread/INFO] [minecraft/GameTestServer]: [++++++++++++++++++++++++++++++++++++++++++_                                                                                                                                                ]
[14:38:36] [Server thread/INFO] [minecraft/GameTestServer]: [++++++++++++++++++++++++++++++++++++++++++_                                                                                                                                                ]
[14:38:36] [Server thread/INFO] [minecraft/GameTestServer]: [++++++++++++++++++++++++++++++++++++++++++_                                                                                                                                                ]
[14:38:36] [Server thread/INFO] [minecraft/GameTestServer]: [++++++++++++++++++++++++++++++++++++++++++_                                                                                                                                                ]
[14:38:36] [Server thread/INFO] [minecraft/GameTestServer]: [++++++++++++++++++++++++++++++++++++++++++_                                                                                                                                                ]
[14:38:36] [Server thread/INFO] [minecraft/GameTestRunner]: Running test batch 'standing_stone_ritual:0' (1 tests)...
[14:38:36] [Server thread/INFO] [minecraft/GameTestServer]: [+++++++++++++++++++++++++++++++++++++++++++                                                                                                                                                ]
[14:38:36] [Server thread/INFO] [minecraft/GameTestServer]: [+++++++++++++++++++++++++++++++++++++++++++_                                                                                                                                               ]
[14:38:36] [Server thread/INFO] [minecraft/GameTestServer]: [+++++++++++++++++++++++++++++++++++++++++++_                                                                                                                                               ]
[14:38:36] [Server thread/INFO] [minecraft/GameTestServer]: [+++++++++++++++++++++++++++++++++++++++++++_                                                                                                                                               ]
[14:38:36] [Server thread/INFO] [minecraft/GameTestRunner]: Running test batch 'utility_passage:0' (1 tests)...
[14:38:36] [Server thread/INFO] [minecraft/GameTestServer]: [++++++++++++++++++++++++++++++++++++++++++++                                                                                                                                               ]
[14:38:36] [Server thread/INFO] [minecraft/GameTestServer]: [++++++++++++++++++++++++++++++++++++++++++++                                                                                                                                               ]
[14:38:36] [Server thread/INFO] [minecraft/GameTestRunner]: Running test batch 'expansion_sensing:0' (1 tests)...
[14:38:36] [Server thread/INFO] [minecraft/GameTestServer]: [+++++++++++++++++++++++++++++++++++++++++++++                                                                                                                                              ]
[14:38:36] [Server thread/INFO] [minecraft/GameTestRunner]: Running test batch 'leyline_cast:0' (1 tests)...
[14:38:36] [Server thread/INFO] [minecraft/GameTestServer]: [++++++++++++++++++++++++++++++++++++++++++++++                                                                                                                                             ]
[14:38:36] [Server thread/INFO] [minecraft/GameTestServer]: [++++++++++++++++++++++++++++++++++++++++++++++_                                                                                                                                            ]
[14:38:36] [Server thread/INFO] [minecraft/GameTestServer]: [++++++++++++++++++++++++++++++++++++++++++++++_                                                                                                                                            ]
[14:38:36] [Server thread/INFO] [minecraft/GameTestServer]: [++++++++++++++++++++++++++++++++++++++++++++++_                                                                                                                                            ]
[14:38:36] [Server thread/INFO] [minecraft/GameTestRunner]: Running test batch 'ritual_output:0' (1 tests)...
[14:38:36] [Server thread/INFO] [minecraft/GameTestServer]: [+++++++++++++++++++++++++++++++++++++++++++++++                                                                                                                                            ]
[14:38:36] [Server thread/INFO] [minecraft/GameTestServer]: [+++++++++++++++++++++++++++++++++++++++++++++++_                                                                                                                                           ]
[14:38:36] [Server thread/INFO] [minecraft/GameTestServer]: [+++++++++++++++++++++++++++++++++++++++++++++++_                                                                                                                                           ]
[14:38:37] [Server thread/INFO] [minecraft/GameTestServer]: [+++++++++++++++++++++++++++++++++++++++++++++++_                                                                                                                                           ]
[14:38:37] [Server thread/INFO] [minecraft/GameTestRunner]: Running test batch 'expansion_breeze:0' (1 tests)...
[14:38:37] [Server thread/INFO] [minecraft/GameTestServer]: [++++++++++++++++++++++++++++++++++++++++++++++++                                                                                                                                           ]
[14:38:37] [Server thread/INFO] [minecraft/GameTestServer]: [++++++++++++++++++++++++++++++++++++++++++++++++                                                                                                                                           ]
[14:38:37] [Server thread/INFO] [minecraft/GameTestServer]: [++++++++++++++++++++++++++++++++++++++++++++++++_                                                                                                                                          ]
[14:38:37] [Server thread/INFO] [minecraft/GameTestServer]: [++++++++++++++++++++++++++++++++++++++++++++++++_                                                                                                                                          ]
[14:38:37] [Server thread/INFO] [minecraft/GameTestServer]: [++++++++++++++++++++++++++++++++++++++++++++++++_                                                                                                                                          ]
[14:38:37] [Server thread/INFO] [minecraft/GameTestServer]: [++++++++++++++++++++++++++++++++++++++++++++++++_                                                                                                                                          ]
[14:38:37] [Server thread/INFO] [minecraft/GameTestServer]: [++++++++++++++++++++++++++++++++++++++++++++++++_                                                                                                                                          ]
[14:38:37] [Server thread/INFO] [minecraft/GameTestServer]: [++++++++++++++++++++++++++++++++++++++++++++++++_                                                                                                                                          ]
[14:38:37] [Server thread/INFO] [minecraft/GameTestServer]: [++++++++++++++++++++++++++++++++++++++++++++++++_                                                                                                                                          ]
[14:38:37] [Server thread/INFO] [minecraft/GameTestRunner]: Running test batch 'apparatus_cover_cancellation:0' (1 tests)...
[14:38:37] [Server thread/INFO] [minecraft/GameTestServer]: [+++++++++++++++++++++++++++++++++++++++++++++++++                                                                                                                                          ]
[14:38:37] [Server thread/INFO] [minecraft/GameTestServer]: [+++++++++++++++++++++++++++++++++++++++++++++++++                                                                                                                                          ]
[14:38:37] [Server thread/INFO] [minecraft/GameTestServer]: [+++++++++++++++++++++++++++++++++++++++++++++++++_                                                                                                                                         ]
[14:38:37] [Server thread/INFO] [minecraft/GameTestServer]: [+++++++++++++++++++++++++++++++++++++++++++++++++_                                                                                                                                         ]
[14:38:37] [Server thread/INFO] [minecraft/GameTestServer]: [+++++++++++++++++++++++++++++++++++++++++++++++++_                                                                                                                                         ]
[14:38:37] [Server thread/INFO] [minecraft/GameTestRunner]: Running test batch 'expansion_swarm:0' (1 tests)...
[14:38:37] [Server thread/INFO] [minecraft/GameTestServer]: [++++++++++++++++++++++++++++++++++++++++++++++++++                                                                                                                                         ]
[14:38:37] [Server thread/INFO] [minecraft/GameTestServer]: [++++++++++++++++++++++++++++++++++++++++++++++++++_                                                                                                                                        ]
[14:38:37] [Server thread/INFO] [minecraft/GameTestServer]: [++++++++++++++++++++++++++++++++++++++++++++++++++_                                                                                                                                        ]
[14:38:37] [Server thread/INFO] [minecraft/GameTestServer]: [++++++++++++++++++++++++++++++++++++++++++++++++++_                                                                                                                                        ]
[14:38:37] [Server thread/INFO] [minecraft/GameTestServer]: [++++++++++++++++++++++++++++++++++++++++++++++++++_                                                                                                                                        ]
[14:38:37] [Server thread/INFO] [minecraft/GameTestServer]: [++++++++++++++++++++++++++++++++++++++++++++++++++_                                                                                                                                        ]
[14:38:37] [Server thread/INFO] [minecraft/GameTestRunner]: Running test batch 'pathfinder_armament:0' (1 tests)...
[14:38:37] [Server thread/INFO] [minecraft/GameTestServer]: [+++++++++++++++++++++++++++++++++++++++++++++++++++                                                                                                                                        ]
[14:38:37] [Server thread/INFO] [minecraft/GameTestServer]: [+++++++++++++++++++++++++++++++++++++++++++++++++++                                                                                                                                        ]
[14:38:37] [Server thread/INFO] [minecraft/GameTestServer]: [+++++++++++++++++++++++++++++++++++++++++++++++++++_                                                                                                                                       ]
[14:38:37] [Server thread/INFO] [minecraft/GameTestServer]: [+++++++++++++++++++++++++++++++++++++++++++++++++++_                                                                                                                                       ]
[14:38:37] [Server thread/INFO] [minecraft/GameTestServer]: [+++++++++++++++++++++++++++++++++++++++++++++++++++_                                                                                                                                       ]
[14:38:37] [Server thread/INFO] [minecraft/GameTestServer]: [+++++++++++++++++++++++++++++++++++++++++++++++++++_                                                                                                                                       ]
[14:38:37] [Server thread/INFO] [minecraft/GameTestServer]: [+++++++++++++++++++++++++++++++++++++++++++++++++++_                                                                                                                                       ]
[14:38:37] [Server thread/INFO] [minecraft/GameTestServer]: [+++++++++++++++++++++++++++++++++++++++++++++++++++_                                                                                                                                       ]
[14:38:37] [Server thread/INFO] [minecraft/GameTestRunner]: Running test batch 'visual_projectile:0' (1 tests)...
[14:38:37] [Server thread/INFO] [minecraft/GameTestServer]: [++++++++++++++++++++++++++++++++++++++++++++++++++++                                                                                                                                       ]
[14:38:37] [Server thread/INFO] [minecraft/GameTestRunner]: Running test batch 'apparatus_variant_storage:0' (1 tests)...
[14:38:37] [Server thread/INFO] [minecraft/GameTestServer]: [+++++++++++++++++++++++++++++++++++++++++++++++++++++                                                                                                                                      ]
[14:38:37] [Server thread/INFO] [minecraft/GameTestServer]: [+++++++++++++++++++++++++++++++++++++++++++++++++++++                                                                                                                                      ]
[14:38:37] [Server thread/INFO] [minecraft/GameTestRunner]: Running test batch 'attunement_craft:0' (1 tests)...
[14:38:37] [Server thread/INFO] [minecraft/GameTestServer]: [++++++++++++++++++++++++++++++++++++++++++++++++++++++                                                                                                                                     ]
[14:38:37] [Server thread/INFO] [minecraft/GameTestServer]: [++++++++++++++++++++++++++++++++++++++++++++++++++++++                                                                                                                                     ]
[14:38:37] [Server thread/INFO] [minecraft/GameTestServer]: [++++++++++++++++++++++++++++++++++++++++++++++++++++++_                                                                                                                                    ]
[14:38:37] [Server thread/INFO] [minecraft/GameTestServer]: [++++++++++++++++++++++++++++++++++++++++++++++++++++++_                                                                                                                                    ]
[14:38:37] [Server thread/INFO] [minecraft/GameTestServer]: [++++++++++++++++++++++++++++++++++++++++++++++++++++++_                                                                                                                                    ]
[14:38:37] [Server thread/INFO] [minecraft/GameTestServer]: [++++++++++++++++++++++++++++++++++++++++++++++++++++++_                                                                                                                                    ]
[14:38:37] [Server thread/INFO] [minecraft/GameTestServer]: [++++++++++++++++++++++++++++++++++++++++++++++++++++++_                                                                                                                                    ]
[14:38:37] [Server thread/INFO] [minecraft/GameTestServer]: [++++++++++++++++++++++++++++++++++++++++++++++++++++++_                                                                                                                                    ]
[14:38:37] [Server thread/INFO] [minecraft/GameTestRunner]: Running test batch 'expansion_vitality:0' (1 tests)...
[14:38:37] [Server thread/INFO] [minecraft/GameTestServer]: [+++++++++++++++++++++++++++++++++++++++++++++++++++++++                                                                                                                                    ]
[14:38:37] [Server thread/INFO] [minecraft/GameTestRunner]: Running test batch 'expansion_flicker:0' (1 tests)...
[14:38:37] [Server thread/INFO] [minecraft/GameTestServer]: [++++++++++++++++++++++++++++++++++++++++++++++++++++++++                                                                                                                                   ]
[14:38:38] [Server thread/INFO] [minecraft/GameTestServer]: [++++++++++++++++++++++++++++++++++++++++++++++++++++++++                                                                                                                                   ]
[14:38:38] [Server thread/INFO] [minecraft/GameTestServer]: [++++++++++++++++++++++++++++++++++++++++++++++++++++++++                                                                                                                                   ]
[14:38:38] [Server thread/INFO] [minecraft/GameTestServer]: [++++++++++++++++++++++++++++++++++++++++++++++++++++++++                                                                                                                                   ]
[14:38:38] [Server thread/INFO] [minecraft/GameTestServer]: [++++++++++++++++++++++++++++++++++++++++++++++++++++++++                                                                                                                                   ]
[14:38:38] [Server thread/INFO] [minecraft/GameTestServer]: [++++++++++++++++++++++++++++++++++++++++++++++++++++++++                                                                                                                                   ]
[14:38:38] [Server thread/INFO] [minecraft/GameTestServer]: [++++++++++++++++++++++++++++++++++++++++++++++++++++++++                                                                                                                                   ]
[14:38:38] [Server thread/INFO] [minecraft/GameTestServer]: [++++++++++++++++++++++++++++++++++++++++++++++++++++++++                                                                                                                                   ]
[14:38:38] [Server thread/INFO] [minecraft/GameTestServer]: [++++++++++++++++++++++++++++++++++++++++++++++++++++++++                                                                                                                                   ]
[14:38:38] [Server thread/INFO] [minecraft/GameTestServer]: [++++++++++++++++++++++++++++++++++++++++++++++++++++++++                                                                                                                                   ]
[14:38:38] [Server thread/INFO] [minecraft/GameTestServer]: [++++++++++++++++++++++++++++++++++++++++++++++++++++++++                                                                                                                                   ]
[14:38:38] [Server thread/INFO] [minecraft/GameTestServer]: [++++++++++++++++++++++++++++++++++++++++++++++++++++++++                                                                                                                                   ]
[14:38:38] [Server thread/INFO] [minecraft/GameTestServer]: [++++++++++++++++++++++++++++++++++++++++++++++++++++++++                                                                                                                                   ]
[14:38:38] [Server thread/INFO] [minecraft/GameTestServer]: [++++++++++++++++++++++++++++++++++++++++++++++++++++++++                                                                                                                                   ]
[14:38:38] [Server thread/INFO] [minecraft/GameTestServer]: [++++++++++++++++++++++++++++++++++++++++++++++++++++++++                                                                                                                                   ]
[14:38:38] [Server thread/INFO] [minecraft/GameTestServer]: [++++++++++++++++++++++++++++++++++++++++++++++++++++++++_                                                                                                                                  ]
[14:38:38] [Server thread/INFO] [minecraft/GameTestServer]: [++++++++++++++++++++++++++++++++++++++++++++++++++++++++_                                                                                                                                  ]
[14:38:38] [Server thread/INFO] [minecraft/GameTestRunner]: Running test batch 'ice_expiry:0' (1 tests)...
[14:38:38] [Server thread/INFO] [minecraft/GameTestServer]: [+++++++++++++++++++++++++++++++++++++++++++++++++++++++++                                                                                                                                  ]
[14:38:38] [Server thread/INFO] [minecraft/GameTestServer]: [+++++++++++++++++++++++++++++++++++++++++++++++++++++++++_                                                                                                                                 ]
[14:38:38] [Server thread/INFO] [minecraft/GameTestServer]: [+++++++++++++++++++++++++++++++++++++++++++++++++++++++++_                                                                                                                                 ]
[14:38:38] [Server thread/INFO] [minecraft/GameTestServer]: [+++++++++++++++++++++++++++++++++++++++++++++++++++++++++_                                                                                                                                 ]
[14:38:38] [Server thread/INFO] [minecraft/GameTestServer]: [+++++++++++++++++++++++++++++++++++++++++++++++++++++++++_                                                                                                                                 ]
[14:38:38] [Server thread/INFO] [minecraft/GameTestServer]: [+++++++++++++++++++++++++++++++++++++++++++++++++++++++++_                                                                                                                                 ]
[14:38:38] [Server thread/INFO] [minecraft/GameTestServer]: [+++++++++++++++++++++++++++++++++++++++++++++++++++++++++_                                                                                                                                 ]
[14:38:38] [Server thread/INFO] [minecraft/GameTestServer]: [+++++++++++++++++++++++++++++++++++++++++++++++++++++++++_                                                                                                                                 ]
[14:38:38] [Server thread/INFO] [minecraft/GameTestServer]: [+++++++++++++++++++++++++++++++++++++++++++++++++++++++++_                                                                                                                                 ]
[14:38:38] [Server thread/INFO] [minecraft/GameTestServer]: [+++++++++++++++++++++++++++++++++++++++++++++++++++++++++_                                                                                                                                 ]
[14:38:38] [Server thread/INFO] [minecraft/GameTestServer]: [+++++++++++++++++++++++++++++++++++++++++++++++++++++++++_                                                                                                                                 ]
[14:38:38] [Server thread/INFO] [minecraft/GameTestServer]: [+++++++++++++++++++++++++++++++++++++++++++++++++++++++++_                                                                                                                                 ]
[14:38:38] [Server thread/INFO] [minecraft/GameTestRunner]: Running test batch 'leyline_materials:0' (1 tests)...
[14:38:38] [Server thread/INFO] [minecraft/GameTestServer]: [++++++++++++++++++++++++++++++++++++++++++++++++++++++++++                                                                                                                                 ]
[14:38:38] [Server thread/INFO] [minecraft/GameTestServer]: [++++++++++++++++++++++++++++++++++++++++++++++++++++++++++                                                                                                                                 ]
[14:38:38] [Server thread/INFO] [minecraft/GameTestServer]: [++++++++++++++++++++++++++++++++++++++++++++++++++++++++++                                                                                                                                 ]
[14:38:38] [Server thread/INFO] [minecraft/GameTestRunner]: Running test batch 'utility_waterwall:0' (1 tests)...
[14:38:38] [Server thread/INFO] [minecraft/GameTestServer]: [+++++++++++++++++++++++++++++++++++++++++++++++++++++++++++                                                                                                                                ]
[14:38:38] [Server thread/INFO] [minecraft/GameTestServer]: [+++++++++++++++++++++++++++++++++++++++++++++++++++++++++++_                                                                                                                               ]
[14:38:38] [Server thread/INFO] [minecraft/GameTestServer]: [+++++++++++++++++++++++++++++++++++++++++++++++++++++++++++_                                                                                                                               ]
[14:38:38] [Server thread/INFO] [minecraft/GameTestRunner]: Running test batch 'formation_companion:0' (1 tests)...
[14:38:38] [Server thread/INFO] [minecraft/GameTestServer]: [++++++++++++++++++++++++++++++++++++++++++++++++++++++++++++                                                                                                                               ]
[14:38:39] [Server thread/INFO] [minecraft/GameTestServer]: [++++++++++++++++++++++++++++++++++++++++++++++++++++++++++++_                                                                                                                              ]
[14:38:39] [Server thread/INFO] [minecraft/GameTestServer]: [++++++++++++++++++++++++++++++++++++++++++++++++++++++++++++_                                                                                                                              ]
[14:38:39] [Server thread/INFO] [minecraft/GameTestServer]: [++++++++++++++++++++++++++++++++++++++++++++++++++++++++++++_                                                                                                                              ]
[14:38:39] [Server thread/INFO] [minecraft/GameTestServer]: [++++++++++++++++++++++++++++++++++++++++++++++++++++++++++++_                                                                                                                              ]
[14:38:39] [Server thread/INFO] [minecraft/GameTestServer]: [++++++++++++++++++++++++++++++++++++++++++++++++++++++++++++_                                                                                                                              ]
[14:38:39] [Server thread/INFO] [minecraft/GameTestServer]: [++++++++++++++++++++++++++++++++++++++++++++++++++++++++++++_                                                                                                                              ]
[14:38:39] [Server thread/INFO] [minecraft/GameTestServer]: [++++++++++++++++++++++++++++++++++++++++++++++++++++++++++++_                                                                                                                              ]
[14:38:39] [Server thread/INFO] [minecraft/GameTestServer]: [++++++++++++++++++++++++++++++++++++++++++++++++++++++++++++_                                                                                                                              ]
[14:38:39] [Server thread/INFO] [minecraft/GameTestRunner]: Running test batch 'utility_sensing:0' (1 tests)...
[14:38:39] [Server thread/INFO] [minecraft/GameTestServer]: [+++++++++++++++++++++++++++++++++++++++++++++++++++++++++++++                                                                                                                              ]
[14:38:39] [Server thread/INFO] [minecraft/GameTestRunner]: Running test batch 'scroll_cast:0' (1 tests)...
[14:38:39] [Server thread/INFO] [minecraft/GameTestServer]: [++++++++++++++++++++++++++++++++++++++++++++++++++++++++++++++                                                                                                                             ]
[14:38:39] [Server thread/INFO] [minecraft/GameTestServer]: [++++++++++++++++++++++++++++++++++++++++++++++++++++++++++++++                                                                                                                             ]
[14:38:39] [Server thread/INFO] [minecraft/GameTestServer]: [++++++++++++++++++++++++++++++++++++++++++++++++++++++++++++++                                                                                                                             ]
[14:38:39] [Server thread/INFO] [minecraft/GameTestServer]: [++++++++++++++++++++++++++++++++++++++++++++++++++++++++++++++_                                                                                                                            ]
[14:38:39] [Server thread/INFO] [minecraft/GameTestServer]: [++++++++++++++++++++++++++++++++++++++++++++++++++++++++++++++_                                                                                                                            ]
[14:38:39] [Server thread/INFO] [minecraft/GameTestServer]: [++++++++++++++++++++++++++++++++++++++++++++++++++++++++++++++_                                                                                                                            ]
[14:38:39] [Server thread/INFO] [minecraft/GameTestServer]: [++++++++++++++++++++++++++++++++++++++++++++++++++++++++++++++_                                                                                                                            ]
[14:38:39] [Server thread/INFO] [minecraft/GameTestRunner]: Running test batch 'plinth_column_ritual:0' (1 tests)...
[14:38:39] [Server thread/INFO] [minecraft/GameTestServer]: [+++++++++++++++++++++++++++++++++++++++++++++++++++++++++++++++                                                                                                                            ]
[14:38:39] [Server thread/INFO] [minecraft/GameTestServer]: [+++++++++++++++++++++++++++++++++++++++++++++++++++++++++++++++_                                                                                                                           ]
[14:38:39] [Server thread/INFO] [minecraft/GameTestServer]: [+++++++++++++++++++++++++++++++++++++++++++++++++++++++++++++++_                                                                                                                           ]
[14:38:39] [Server thread/INFO] [minecraft/GameTestServer]: [+++++++++++++++++++++++++++++++++++++++++++++++++++++++++++++++_                                                                                                                           ]
[14:38:39] [Server thread/INFO] [minecraft/GameTestRunner]: Running test batch 'expansion_ground:0' (1 tests)...
[14:38:39] [Server thread/INFO] [minecraft/GameTestServer]: [++++++++++++++++++++++++++++++++++++++++++++++++++++++++++++++++                                                                                                                           ]
[14:38:39] [Server thread/INFO] [minecraft/GameTestServer]: [++++++++++++++++++++++++++++++++++++++++++++++++++++++++++++++++                                                                                                                           ]
[14:38:39] [Server thread/INFO] [minecraft/GameTestServer]: [++++++++++++++++++++++++++++++++++++++++++++++++++++++++++++++++_                                                                                                                          ]
[14:38:39] [Server thread/INFO] [minecraft/GameTestServer]: [++++++++++++++++++++++++++++++++++++++++++++++++++++++++++++++++_                                                                                                                          ]
[14:38:39] [Server thread/INFO] [minecraft/GameTestServer]: [++++++++++++++++++++++++++++++++++++++++++++++++++++++++++++++++_                                                                                                                          ]
[14:38:39] [Server thread/INFO] [minecraft/GameTestServer]: [++++++++++++++++++++++++++++++++++++++++++++++++++++++++++++++++_                                                                                                                          ]
[14:38:39] [Server thread/INFO] [minecraft/GameTestServer]: [++++++++++++++++++++++++++++++++++++++++++++++++++++++++++++++++_                                                                                                                          ]
[14:38:39] [Server thread/INFO] [minecraft/GameTestServer]: [++++++++++++++++++++++++++++++++++++++++++++++++++++++++++++++++_                                                                                                                          ]
[14:38:39] [Server thread/INFO] [minecraft/GameTestServer]: [++++++++++++++++++++++++++++++++++++++++++++++++++++++++++++++++_                                                                                                                          ]
[14:38:39] [Server thread/INFO] [minecraft/GameTestServer]: [++++++++++++++++++++++++++++++++++++++++++++++++++++++++++++++++_                                                                                                                          ]
[14:38:39] [Server thread/INFO] [minecraft/GameTestRunner]: Running test batch 'shaping_protection:0' (1 tests)...
[14:38:39] [Server thread/DEBUG] [ne.ne.ne.co.CommonHooks/WP]: Gathered mod list to write to world save Test Level
[14:38:39] [Server thread/INFO] [minecraft/GameTestServer]: [+++++++++++++++++++++++++++++++++++++++++++++++++++++++++++++++++                                                                                                                          ]
[14:38:39] [Server thread/INFO] [minecraft/GameTestServer]: [+++++++++++++++++++++++++++++++++++++++++++++++++++++++++++++++++                                                                                                                          ]
[14:38:39] [Server thread/INFO] [minecraft/GameTestServer]: [+++++++++++++++++++++++++++++++++++++++++++++++++++++++++++++++++_                                                                                                                         ]
[14:38:39] [Server thread/INFO] [minecraft/GameTestServer]: [+++++++++++++++++++++++++++++++++++++++++++++++++++++++++++++++++_                                                                                                                         ]
[14:38:39] [Server thread/INFO] [minecraft/GameTestServer]: [+++++++++++++++++++++++++++++++++++++++++++++++++++++++++++++++++_                                                                                                                         ]
[14:38:40] [Server thread/INFO] [minecraft/GameTestServer]: [+++++++++++++++++++++++++++++++++++++++++++++++++++++++++++++++++_                                                                                                                         ]
[14:38:40] [Server thread/INFO] [minecraft/GameTestServer]: [+++++++++++++++++++++++++++++++++++++++++++++++++++++++++++++++++_                                                                                                                         ]
[14:38:40] [Server thread/INFO] [minecraft/GameTestRunner]: Running test batch 'utility_water:0' (1 tests)...
[14:38:40] [Server thread/INFO] [minecraft/GameTestServer]: [++++++++++++++++++++++++++++++++++++++++++++++++++++++++++++++++++                                                                                                                         ]
[14:38:40] [Server thread/INFO] [minecraft/GameTestRunner]: Running test batch 'apparatus_recipes:0' (2 tests)...
[14:38:40] [Server thread/INFO] [minecraft/GameTestServer]: [+++++++++++++++++++++++++++++++++++++++++++++++++++++++++++++++++++                                                                                                                        ]
[14:38:40] [Server thread/INFO] [minecraft/GameTestServer]: [+++++++++++++++++++++++++++++++++++++++++++++++++++++++++++++++++++                                                                                                                        ]
[14:38:40] [Server thread/INFO] [minecraft/GameTestRunner]: Running test batch 'shaping_reflect_lineage:0' (1 tests)...
[14:38:40] [Server thread/INFO] [minecraft/GameTestServer]: [+++++++++++++++++++++++++++++++++++++++++++++++++++++++++++++++++++++                                                                                                                      ]
[14:38:40] [Server thread/INFO] [minecraft/GameTestServer]: [+++++++++++++++++++++++++++++++++++++++++++++++++++++++++++++++++++++_                                                                                                                     ]
[14:38:40] [Server thread/INFO] [minecraft/GameTestRunner]: Running test batch 'leyline_cosmetic_attunement:0' (1 tests)...
[14:38:40] [Server thread/INFO] [minecraft/GameTestServer]: [++++++++++++++++++++++++++++++++++++++++++++++++++++++++++++++++++++++                                                                                                                     ]
[14:38:40] [Server thread/INFO] [minecraft/GameTestServer]: [++++++++++++++++++++++++++++++++++++++++++++++++++++++++++++++++++++++                                                                                                                     ]
[14:38:40] [Server thread/INFO] [minecraft/GameTestServer]: [++++++++++++++++++++++++++++++++++++++++++++++++++++++++++++++++++++++                                                                                                                     ]
[14:38:40] [Server thread/INFO] [minecraft/GameTestServer]: [++++++++++++++++++++++++++++++++++++++++++++++++++++++++++++++++++++++_                                                                                                                    ]
[14:38:40] [Server thread/INFO] [minecraft/GameTestServer]: [++++++++++++++++++++++++++++++++++++++++++++++++++++++++++++++++++++++_                                                                                                                    ]
[14:38:40] [Server thread/INFO] [minecraft/GameTestServer]: [++++++++++++++++++++++++++++++++++++++++++++++++++++++++++++++++++++++_                                                                                                                    ]
[14:38:40] [Server thread/INFO] [minecraft/GameTestRunner]: Running test batch 'utility_stone:0' (1 tests)...
[14:38:40] [Server thread/INFO] [minecraft/GameTestServer]: [+++++++++++++++++++++++++++++++++++++++++++++++++++++++++++++++++++++++                                                                                                                    ]
[14:38:40] [Server thread/INFO] [minecraft/GameTestRunner]: Running test batch 'leyline_scroll_data:0' (1 tests)...
[14:38:41] [Server thread/INFO] [minecraft/GameTestServer]: [++++++++++++++++++++++++++++++++++++++++++++++++++++++++++++++++++++++++                                                                                                                   ]
[14:38:41] [Server thread/INFO] [minecraft/GameTestServer]: [++++++++++++++++++++++++++++++++++++++++++++++++++++++++++++++++++++++++                                                                                                                   ]
[14:38:41] [Server thread/INFO] [minecraft/GameTestServer]: [++++++++++++++++++++++++++++++++++++++++++++++++++++++++++++++++++++++++                                                                                                                   ]
[14:38:41] [Server thread/INFO] [minecraft/GameTestRunner]: Running test batch 'shaping_revealing:0' (1 tests)...
[14:38:41] [Server thread/INFO] [minecraft/GameTestServer]: [+++++++++++++++++++++++++++++++++++++++++++++++++++++++++++++++++++++++++                                                                                                                  ]
[14:38:41] [Server thread/INFO] [minecraft/GameTestServer]: [+++++++++++++++++++++++++++++++++++++++++++++++++++++++++++++++++++++++++                                                                                                                  ]
[14:38:41] [Server thread/INFO] [minecraft/GameTestServer]: [+++++++++++++++++++++++++++++++++++++++++++++++++++++++++++++++++++++++++_                                                                                                                 ]
[14:38:41] [Server thread/INFO] [minecraft/GameTestServer]: [+++++++++++++++++++++++++++++++++++++++++++++++++++++++++++++++++++++++++_                                                                                                                 ]
[14:38:41] [Server thread/INFO] [minecraft/GameTestServer]: [+++++++++++++++++++++++++++++++++++++++++++++++++++++++++++++++++++++++++_                                                                                                                 ]
[14:38:41] [Server thread/INFO] [minecraft/GameTestServer]: [+++++++++++++++++++++++++++++++++++++++++++++++++++++++++++++++++++++++++_                                                                                                                 ]
[14:38:41] [Server thread/INFO] [minecraft/GameTestServer]: [+++++++++++++++++++++++++++++++++++++++++++++++++++++++++++++++++++++++++_                                                                                                                 ]
[14:38:41] [Server thread/INFO] [minecraft/GameTestServer]: [+++++++++++++++++++++++++++++++++++++++++++++++++++++++++++++++++++++++++_                                                                                                                 ]
[14:38:41] [Server thread/INFO] [minecraft/GameTestRunner]: Running test batch 'apparatus_persistence:0' (1 tests)...
[14:38:41] [Server thread/INFO] [minecraft/GameTestServer]: [++++++++++++++++++++++++++++++++++++++++++++++++++++++++++++++++++++++++++                                                                                                                 ]
[14:38:41] [Server thread/INFO] [minecraft/GameTestRunner]: Running test batch 'scroll_recast:0' (1 tests)...
[14:38:41] [Server thread/INFO] [minecraft/GameTestServer]: [+++++++++++++++++++++++++++++++++++++++++++++++++++++++++++++++++++++++++++                                                                                                                ]
[14:38:41] [Server thread/INFO] [minecraft/GameTestServer]: [+++++++++++++++++++++++++++++++++++++++++++++++++++++++++++++++++++++++++++_                                                                                                               ]
[14:38:41] [Server thread/INFO] [minecraft/GameTestServer]: [+++++++++++++++++++++++++++++++++++++++++++++++++++++++++++++++++++++++++++_                                                                                                               ]
[14:38:41] [Server thread/INFO] [minecraft/GameTestServer]: [+++++++++++++++++++++++++++++++++++++++++++++++++++++++++++++++++++++++++++_                                                                                                               ]
[14:38:41] [Server thread/INFO] [minecraft/GameTestRunner]: Running test batch 'ritual_output_edit:0' (1 tests)...
[14:38:41] [Server thread/INFO] [minecraft/GameTestServer]: [++++++++++++++++++++++++++++++++++++++++++++++++++++++++++++++++++++++++++++                                                                                                               ]
[14:38:41] [Server thread/INFO] [minecraft/GameTestServer]: [++++++++++++++++++++++++++++++++++++++++++++++++++++++++++++++++++++++++++++                                                                                                               ]
[14:38:41] [Server thread/INFO] [minecraft/GameTestServer]: [++++++++++++++++++++++++++++++++++++++++++++++++++++++++++++++++++++++++++++_                                                                                                              ]
[14:38:41] [Server thread/INFO] [minecraft/GameTestServer]: [++++++++++++++++++++++++++++++++++++++++++++++++++++++++++++++++++++++++++++_                                                                                                              ]
[14:38:41] [Server thread/INFO] [minecraft/GameTestServer]: [++++++++++++++++++++++++++++++++++++++++++++++++++++++++++++++++++++++++++++_                                                                                                              ]
[14:38:41] [Server thread/INFO] [minecraft/GameTestServer]: [++++++++++++++++++++++++++++++++++++++++++++++++++++++++++++++++++++++++++++_                                                                                                              ]
[14:38:41] [Server thread/INFO] [minecraft/GameTestRunner]: Running test batch 'pathfinder_arc:0' (1 tests)...
[14:38:41] [Server thread/INFO] [minecraft/GameTestServer]: [+++++++++++++++++++++++++++++++++++++++++++++++++++++++++++++++++++++++++++++                                                                                                              ]
[14:38:41] [Server thread/INFO] [minecraft/GameTestRunner]: Running test batch 'shaping_anchor:0' (1 tests)...
[14:38:41] [Server thread/INFO] [minecraft/GameTestServer]: [++++++++++++++++++++++++++++++++++++++++++++++++++++++++++++++++++++++++++++++                                                                                                             ]
[14:38:41] [Server thread/INFO] [minecraft/GameTestServer]: [++++++++++++++++++++++++++++++++++++++++++++++++++++++++++++++++++++++++++++++                                                                                                             ]
[14:38:41] [Server thread/INFO] [minecraft/GameTestServer]: [++++++++++++++++++++++++++++++++++++++++++++++++++++++++++++++++++++++++++++++_                                                                                                            ]
[14:38:41] [Server thread/INFO] [minecraft/GameTestServer]: [++++++++++++++++++++++++++++++++++++++++++++++++++++++++++++++++++++++++++++++_                                                                                                            ]
[14:38:41] [Server thread/INFO] [minecraft/GameTestServer]: [++++++++++++++++++++++++++++++++++++++++++++++++++++++++++++++++++++++++++++++_                                                                                                            ]
[14:38:41] [Server thread/INFO] [minecraft/GameTestServer]: [++++++++++++++++++++++++++++++++++++++++++++++++++++++++++++++++++++++++++++++_                                                                                                            ]
[14:38:41] [Server thread/INFO] [minecraft/GameTestServer]: [++++++++++++++++++++++++++++++++++++++++++++++++++++++++++++++++++++++++++++++_                                                                                                            ]
[14:38:41] [Server thread/INFO] [minecraft/GameTestServer]: [++++++++++++++++++++++++++++++++++++++++++++++++++++++++++++++++++++++++++++++_                                                                                                            ]
[14:38:41] [Server thread/INFO] [minecraft/GameTestRunner]: Running test batch 'apparatus_tent_collision:0' (2 tests)...
[14:38:41] [Server thread/INFO] [minecraft/GameTestServer]: [+++++++++++++++++++++++++++++++++++++++++++++++++++++++++++++++++++++++++++++++                                                                                                            ]
[14:38:41] [Server thread/INFO] [minecraft/GameTestServer]: [+++++++++++++++++++++++++++++++++++++++++++++++++++++++++++++++++++++++++++++++ +                                                                                                          ]
[14:38:41] [Server thread/INFO] [minecraft/GameTestServer]: [+++++++++++++++++++++++++++++++++++++++++++++++++++++++++++++++++++++++++++++++ +                                                                                                          ]
[14:38:41] [Server thread/INFO] [minecraft/GameTestServer]: [+++++++++++++++++++++++++++++++++++++++++++++++++++++++++++++++++++++++++++++++ +                                                                                                          ]
[14:38:41] [Server thread/INFO] [minecraft/GameTestServer]: [+++++++++++++++++++++++++++++++++++++++++++++++++++++++++++++++++++++++++++++++ +                                                                                                          ]
[14:38:41] [Server thread/INFO] [minecraft/GameTestServer]: [+++++++++++++++++++++++++++++++++++++++++++++++++++++++++++++++++++++++++++++++ +                                                                                                          ]
[14:38:41] [Server thread/INFO] [minecraft/GameTestRunner]: Running test batch 'balance_caps:0' (2 tests)...
[14:38:42] [Server thread/INFO] [minecraft/GameTestServer]: [+++++++++++++++++++++++++++++++++++++++++++++++++++++++++++++++++++++++++++++++++                                                                                                          ]
[14:38:42] [Server thread/INFO] [minecraft/GameTestServer]: [+++++++++++++++++++++++++++++++++++++++++++++++++++++++++++++++++++++++++++++++++_                                                                                                         ]
[14:38:42] [Server thread/INFO] [minecraft/GameTestServer]: [+++++++++++++++++++++++++++++++++++++++++++++++++++++++++++++++++++++++++++++++++_                                                                                                         ]
[14:38:42] [Server thread/INFO] [minecraft/GameTestServer]: [++++++++++++++++++++++++++++++++++++++++++++++++++++++++++++++++++++++++++++++++++                                                                                                         ]
[14:38:42] [Server thread/INFO] [minecraft/GameTestServer]: [++++++++++++++++++++++++++++++++++++++++++++++++++++++++++++++++++++++++++++++++++                                                                                                         ]
[14:38:42] [Server thread/INFO] [minecraft/GameTestServer]: [++++++++++++++++++++++++++++++++++++++++++++++++++++++++++++++++++++++++++++++++++                                                                                                         ]
[14:38:42] [Server thread/INFO] [minecraft/GameTestServer]: [++++++++++++++++++++++++++++++++++++++++++++++++++++++++++++++++++++++++++++++++++                                                                                                         ]
[14:38:42] [Server thread/INFO] [minecraft/GameTestServer]: [++++++++++++++++++++++++++++++++++++++++++++++++++++++++++++++++++++++++++++++++++                                                                                                         ]
[14:38:42] [Server thread/INFO] [minecraft/GameTestServer]: [++++++++++++++++++++++++++++++++++++++++++++++++++++++++++++++++++++++++++++++++++                                                                                                         ]
[14:38:42] [Server thread/INFO] [minecraft/GameTestServer]: [++++++++++++++++++++++++++++++++++++++++++++++++++++++++++++++++++++++++++++++++++                                                                                                         ]
[14:38:42] [Server thread/INFO] [minecraft/GameTestServer]: [++++++++++++++++++++++++++++++++++++++++++++++++++++++++++++++++++++++++++++++++++_                                                                                                        ]
[14:38:42] [Server thread/INFO] [minecraft/GameTestServer]: [++++++++++++++++++++++++++++++++++++++++++++++++++++++++++++++++++++++++++++++++++_                                                                                                        ]
[14:38:42] [Server thread/INFO] [minecraft/GameTestServer]: [++++++++++++++++++++++++++++++++++++++++++++++++++++++++++++++++++++++++++++++++++_                                                                                                        ]
[14:38:42] [Server thread/INFO] [minecraft/GameTestServer]: [++++++++++++++++++++++++++++++++++++++++++++++++++++++++++++++++++++++++++++++++++_                                                                                                        ]
[14:38:42] [Server thread/INFO] [minecraft/GameTestServer]: [++++++++++++++++++++++++++++++++++++++++++++++++++++++++++++++++++++++++++++++++++_                                                                                                        ]
[14:38:42] [Server thread/INFO] [minecraft/GameTestRunner]: Running test batch 'leyline_blast_four:0' (1 tests)...
[14:38:42] [Server thread/INFO] [minecraft/GameTestServer]: [+++++++++++++++++++++++++++++++++++++++++++++++++++++++++++++++++++++++++++++++++++                                                                                                        ]
[14:38:42] [Server thread/INFO] [minecraft/GameTestServer]: [+++++++++++++++++++++++++++++++++++++++++++++++++++++++++++++++++++++++++++++++++++                                                                                                        ]
[14:38:42] [Server thread/INFO] [minecraft/GameTestServer]: [+++++++++++++++++++++++++++++++++++++++++++++++++++++++++++++++++++++++++++++++++++                                                                                                        ]
[14:38:42] [Server thread/INFO] [minecraft/GameTestServer]: [+++++++++++++++++++++++++++++++++++++++++++++++++++++++++++++++++++++++++++++++++++_                                                                                                       ]
[14:38:42] [Server thread/INFO] [minecraft/GameTestServer]: [+++++++++++++++++++++++++++++++++++++++++++++++++++++++++++++++++++++++++++++++++++_                                                                                                       ]
[14:38:42] [Server thread/INFO] [minecraft/GameTestRunner]: Running test batch 'pathfinder_vitality:0' (1 tests)...
[14:38:42] [Server thread/INFO] [minecraft/GameTestServer]: [++++++++++++++++++++++++++++++++++++++++++++++++++++++++++++++++++++++++++++++++++++                                                                                                       ]
[14:38:42] [Server thread/INFO] [minecraft/GameTestRunner]: Running test batch 'shaping_payment:0' (1 tests)...
[14:38:42] [Server thread/INFO] [minecraft/GameTestServer]: [+++++++++++++++++++++++++++++++++++++++++++++++++++++++++++++++++++++++++++++++++++++                                                                                                      ]
[14:38:42] [Server thread/INFO] [minecraft/GameTestServer]: [+++++++++++++++++++++++++++++++++++++++++++++++++++++++++++++++++++++++++++++++++++++                                                                                                      ]
[14:38:42] [Server thread/INFO] [minecraft/GameTestServer]: [+++++++++++++++++++++++++++++++++++++++++++++++++++++++++++++++++++++++++++++++++++++                                                                                                      ]
[14:38:42] [Server thread/INFO] [minecraft/GameTestRunner]: Running test batch 'ice_orphan:0' (1 tests)...
[14:38:42] [Server thread/INFO] [minecraft/GameTestServer]: [++++++++++++++++++++++++++++++++++++++++++++++++++++++++++++++++++++++++++++++++++++++                                                                                                     ]
[14:38:43] [Server thread/INFO] [minecraft/GameTestServer]: [++++++++++++++++++++++++++++++++++++++++++++++++++++++++++++++++++++++++++++++++++++++_                                                                                                    ]
[14:38:43] [Server thread/INFO] [minecraft/GameTestRunner]: Running test batch 'utility_transpose:0' (1 tests)...
[14:38:43] [Server thread/INFO] [minecraft/GameTestServer]: [+++++++++++++++++++++++++++++++++++++++++++++++++++++++++++++++++++++++++++++++++++++++                                                                                                    ]
[14:38:43] [Server thread/INFO] [minecraft/GameTestRunner]: Running test batch 'spellshaping_reject:0' (1 tests)...
[14:38:43] [Server thread/INFO] [minecraft/GameTestServer]: [++++++++++++++++++++++++++++++++++++++++++++++++++++++++++++++++++++++++++++++++++++++++                                                                                                   ]
[14:38:43] [Server thread/INFO] [minecraft/GameTestServer]: [++++++++++++++++++++++++++++++++++++++++++++++++++++++++++++++++++++++++++++++++++++++++                                                                                                   ]
[14:38:43] [Server thread/INFO] [minecraft/GameTestServer]: [++++++++++++++++++++++++++++++++++++++++++++++++++++++++++++++++++++++++++++++++++++++++                                                                                                   ]
[14:38:43] [Server thread/INFO] [minecraft/GameTestServer]: [++++++++++++++++++++++++++++++++++++++++++++++++++++++++++++++++++++++++++++++++++++++++_                                                                                                  ]
[14:38:43] [Server thread/INFO] [minecraft/GameTestServer]: [++++++++++++++++++++++++++++++++++++++++++++++++++++++++++++++++++++++++++++++++++++++++_                                                                                                  ]
[14:38:43] [Server thread/INFO] [minecraft/GameTestServer]: [++++++++++++++++++++++++++++++++++++++++++++++++++++++++++++++++++++++++++++++++++++++++_                                                                                                  ]
[14:38:43] [Server thread/INFO] [minecraft/GameTestRunner]: Running test batch 'pathfinder_dispel:0' (1 tests)...
[14:38:43] [Server thread/INFO] [minecraft/GameTestServer]: [+++++++++++++++++++++++++++++++++++++++++++++++++++++++++++++++++++++++++++++++++++++++++                                                                                                  ]
[14:38:43] [Server thread/INFO] [minecraft/GameTestServer]: [+++++++++++++++++++++++++++++++++++++++++++++++++++++++++++++++++++++++++++++++++++++++++                                                                                                  ]
[14:38:43] [Server thread/INFO] [minecraft/GameTestServer]: [+++++++++++++++++++++++++++++++++++++++++++++++++++++++++++++++++++++++++++++++++++++++++_                                                                                                 ]
[14:38:43] [Server thread/INFO] [minecraft/GameTestRunner]: Running test batch 'expansion_rust:0' (1 tests)...
[14:38:43] [Server thread/INFO] [minecraft/GameTestServer]: [++++++++++++++++++++++++++++++++++++++++++++++++++++++++++++++++++++++++++++++++++++++++++                                                                                                 ]
[14:38:43] [Server thread/INFO] [minecraft/GameTestServer]: [++++++++++++++++++++++++++++++++++++++++++++++++++++++++++++++++++++++++++++++++++++++++++_                                                                                                ]
[14:38:43] [Server thread/INFO] [minecraft/GameTestServer]: [++++++++++++++++++++++++++++++++++++++++++++++++++++++++++++++++++++++++++++++++++++++++++_                                                                                                ]
[14:38:43] [Server thread/INFO] [minecraft/GameTestServer]: [++++++++++++++++++++++++++++++++++++++++++++++++++++++++++++++++++++++++++++++++++++++++++_                                                                                                ]
[14:38:43] [Server thread/INFO] [minecraft/GameTestServer]: [++++++++++++++++++++++++++++++++++++++++++++++++++++++++++++++++++++++++++++++++++++++++++_                                                                                                ]
[14:38:43] [Server thread/INFO] [minecraft/GameTestServer]: [++++++++++++++++++++++++++++++++++++++++++++++++++++++++++++++++++++++++++++++++++++++++++_                                                                                                ]
[14:38:43] [Server thread/INFO] [minecraft/GameTestServer]: [++++++++++++++++++++++++++++++++++++++++++++++++++++++++++++++++++++++++++++++++++++++++++_                                                                                                ]
[14:38:43] [Server thread/INFO] [minecraft/GameTestRunner]: Running test batch 'pathfinder_resistance:0' (1 tests)...
[14:38:43] [Server thread/INFO] [minecraft/GameTestServer]: [+++++++++++++++++++++++++++++++++++++++++++++++++++++++++++++++++++++++++++++++++++++++++++                                                                                                ]
[14:38:43] [Server thread/INFO] [minecraft/GameTestServer]: [+++++++++++++++++++++++++++++++++++++++++++++++++++++++++++++++++++++++++++++++++++++++++++                                                                                                ]
[14:38:43] [Server thread/INFO] [minecraft/GameTestRunner]: Running test batch 'apparatus_clearance:0' (1 tests)...
[14:38:43] [Server thread/INFO] [minecraft/GameTestServer]: [++++++++++++++++++++++++++++++++++++++++++++++++++++++++++++++++++++++++++++++++++++++++++++                                                                                               ]
[14:38:43] [Server thread/INFO] [minecraft/GameTestRunner]: Running test batch 'apparatus_sounds:0' (1 tests)...
[14:38:43] [Server thread/INFO] [minecraft/GameTestServer]: [+++++++++++++++++++++++++++++++++++++++++++++++++++++++++++++++++++++++++++++++++++++++++++++                                                                                              ]
[14:38:43] [Server thread/INFO] [minecraft/GameTestServer]: [+++++++++++++++++++++++++++++++++++++++++++++++++++++++++++++++++++++++++++++++++++++++++++++                                                                                              ]
[14:38:43] [Server thread/INFO] [minecraft/GameTestRunner]: Running test batch 'ritual_basic:0' (1 tests)...
[14:38:43] [Server thread/INFO] [minecraft/GameTestServer]: [++++++++++++++++++++++++++++++++++++++++++++++++++++++++++++++++++++++++++++++++++++++++++++++                                                                                             ]
[14:38:43] [Server thread/INFO] [minecraft/GameTestServer]: [++++++++++++++++++++++++++++++++++++++++++++++++++++++++++++++++++++++++++++++++++++++++++++++                                                                                             ]
[14:38:43] [Server thread/INFO] [minecraft/GameTestServer]: [++++++++++++++++++++++++++++++++++++++++++++++++++++++++++++++++++++++++++++++++++++++++++++++                                                                                             ]
[14:38:43] [Server thread/INFO] [minecraft/GameTestServer]: [++++++++++++++++++++++++++++++++++++++++++++++++++++++++++++++++++++++++++++++++++++++++++++++_                                                                                            ]
[14:38:43] [Server thread/INFO] [minecraft/GameTestServer]: [++++++++++++++++++++++++++++++++++++++++++++++++++++++++++++++++++++++++++++++++++++++++++++++_                                                                                            ]
[14:38:43] [Server thread/INFO] [minecraft/GameTestServer]: [++++++++++++++++++++++++++++++++++++++++++++++++++++++++++++++++++++++++++++++++++++++++++++++_                                                                                            ]
[14:38:43] [Server thread/INFO] [minecraft/GameTestRunner]: Running test batch 'ritual_output_cancel:0' (1 tests)...
[14:38:43] [Server thread/INFO] [minecraft/GameTestServer]: [+++++++++++++++++++++++++++++++++++++++++++++++++++++++++++++++++++++++++++++++++++++++++++++++                                                                                            ]
[14:38:43] [Server thread/INFO] [minecraft/GameTestServer]: [+++++++++++++++++++++++++++++++++++++++++++++++++++++++++++++++++++++++++++++++++++++++++++++++_                                                                                           ]
[14:38:43] [Server thread/INFO] [minecraft/GameTestServer]: [+++++++++++++++++++++++++++++++++++++++++++++++++++++++++++++++++++++++++++++++++++++++++++++++_                                                                                           ]
[14:38:43] [Server thread/INFO] [minecraft/GameTestServer]: [+++++++++++++++++++++++++++++++++++++++++++++++++++++++++++++++++++++++++++++++++++++++++++++++_                                                                                           ]
[14:38:43] [Server thread/INFO] [minecraft/GameTestServer]: [+++++++++++++++++++++++++++++++++++++++++++++++++++++++++++++++++++++++++++++++++++++++++++++++_                                                                                           ]
[14:38:43] [Server thread/INFO] [minecraft/GameTestRunner]: Running test batch 'expansion_translocate:0' (1 tests)...
[14:38:43] [Server thread/INFO] [minecraft/GameTestServer]: [++++++++++++++++++++++++++++++++++++++++++++++++++++++++++++++++++++++++++++++++++++++++++++++++                                                                                           ]
[14:38:43] [Server thread/INFO] [minecraft/GameTestServer]: [++++++++++++++++++++++++++++++++++++++++++++++++++++++++++++++++++++++++++++++++++++++++++++++++                                                                                           ]
[14:38:43] [Server thread/INFO] [minecraft/GameTestServer]: [++++++++++++++++++++++++++++++++++++++++++++++++++++++++++++++++++++++++++++++++++++++++++++++++                                                                                           ]
[14:38:43] [Server thread/INFO] [minecraft/GameTestRunner]: Running test batch 'scroll_knowledge:0' (1 tests)...
[14:38:43] [Server thread/INFO] [minecraft/GameTestServer]: [+++++++++++++++++++++++++++++++++++++++++++++++++++++++++++++++++++++++++++++++++++++++++++++++++                                                                                          ]
[14:38:43] [Server thread/INFO] [minecraft/GameTestServer]: [+++++++++++++++++++++++++++++++++++++++++++++++++++++++++++++++++++++++++++++++++++++++++++++++++                                                                                          ]
[14:38:43] [Server thread/INFO] [minecraft/GameTestRunner]: Running test batch 'ritual_blast_cancel:0' (1 tests)...
[14:38:43] [Server thread/INFO] [minecraft/GameTestServer]: [++++++++++++++++++++++++++++++++++++++++++++++++++++++++++++++++++++++++++++++++++++++++++++++++++                                                                                         ]
[14:38:43] [Server thread/INFO] [minecraft/GameTestServer]: [++++++++++++++++++++++++++++++++++++++++++++++++++++++++++++++++++++++++++++++++++++++++++++++++++                                                                                         ]
[14:38:43] [Server thread/INFO] [minecraft/GameTestServer]: [++++++++++++++++++++++++++++++++++++++++++++++++++++++++++++++++++++++++++++++++++++++++++++++++++_                                                                                        ]
[14:38:43] [Server thread/INFO] [minecraft/GameTestServer]: [++++++++++++++++++++++++++++++++++++++++++++++++++++++++++++++++++++++++++++++++++++++++++++++++++_                                                                                        ]
[14:38:43] [Server thread/INFO] [minecraft/GameTestRunner]: Running test batch 'expansion_illusion:0' (1 tests)...
[14:38:43] [Server thread/INFO] [minecraft/GameTestServer]: [+++++++++++++++++++++++++++++++++++++++++++++++++++++++++++++++++++++++++++++++++++++++++++++++++++                                                                                        ]
[14:38:43] [Server thread/INFO] [minecraft/GameTestRunner]: Running test batch 'scroll_forfeit:0' (1 tests)...
[14:38:43] [Server thread/INFO] [minecraft/GameTestServer]: [++++++++++++++++++++++++++++++++++++++++++++++++++++++++++++++++++++++++++++++++++++++++++++++++++++                                                                                       ]
[14:38:43] [Server thread/INFO] [minecraft/GameTestRunner]: Running test batch 'expansion_animal:0' (1 tests)...
[14:38:43] [Server thread/INFO] [minecraft/GameTestServer]: [+++++++++++++++++++++++++++++++++++++++++++++++++++++++++++++++++++++++++++++++++++++++++++++++++++++                                                                                      ]
[14:38:43] [Server thread/INFO] [minecraft/GameTestRunner]: Running test batch 'pathfinder_shield:0' (1 tests)...
[14:38:43] [Server thread/INFO] [minecraft/GameTestServer]: [++++++++++++++++++++++++++++++++++++++++++++++++++++++++++++++++++++++++++++++++++++++++++++++++++++++                                                                                     ]
[14:38:44] [Server thread/INFO] [minecraft/GameTestServer]: [++++++++++++++++++++++++++++++++++++++++++++++++++++++++++++++++++++++++++++++++++++++++++++++++++++++                                                                                     ]
[14:38:44] [Server thread/INFO] [minecraft/GameTestRunner]: Running test batch 'utility_size:0' (1 tests)...
[14:38:44] [Server thread/INFO] [minecraft/GameTestServer]: [+++++++++++++++++++++++++++++++++++++++++++++++++++++++++++++++++++++++++++++++++++++++++++++++++++++++                                                                                    ]
[14:38:44] [Server thread/INFO] [minecraft/GameTestRunner]: Running test batch 'leyline_pyramid:0' (1 tests)...
[14:38:44] [Server thread/INFO] [minecraft/GameTestServer]: [++++++++++++++++++++++++++++++++++++++++++++++++++++++++++++++++++++++++++++++++++++++++++++++++++++++++                                                                                   ]
[14:38:44] [Server thread/INFO] [minecraft/GameTestServer]: [++++++++++++++++++++++++++++++++++++++++++++++++++++++++++++++++++++++++++++++++++++++++++++++++++++++++                                                                                   ]
[14:38:44] [Server thread/INFO] [minecraft/GameTestServer]: [++++++++++++++++++++++++++++++++++++++++++++++++++++++++++++++++++++++++++++++++++++++++++++++++++++++++                                                                                   ]
[14:38:44] [Server thread/INFO] [minecraft/GameTestServer]: [++++++++++++++++++++++++++++++++++++++++++++++++++++++++++++++++++++++++++++++++++++++++++++++++++++++++_                                                                                  ]
[14:38:44] [Server thread/INFO] [minecraft/GameTestServer]: [++++++++++++++++++++++++++++++++++++++++++++++++++++++++++++++++++++++++++++++++++++++++++++++++++++++++_                                                                                  ]
[14:38:44] [Server thread/INFO] [minecraft/GameTestServer]: [++++++++++++++++++++++++++++++++++++++++++++++++++++++++++++++++++++++++++++++++++++++++++++++++++++++++_                                                                                  ]
[14:38:44] [Server thread/INFO] [minecraft/GameTestRunner]: Running test batch 'apparatus_imbuement_acceptance:0' (1 tests)...
[14:38:44] [Server thread/INFO] [minecraft/GameTestServer]: [+++++++++++++++++++++++++++++++++++++++++++++++++++++++++++++++++++++++++++++++++++++++++++++++++++++++++                                                                                  ]
[14:38:44] [Server thread/INFO] [minecraft/GameTestRunner]: Running test batch 'attunement_counts:0' (1 tests)...
[14:38:44] [Server thread/INFO] [minecraft/GameTestServer]: [++++++++++++++++++++++++++++++++++++++++++++++++++++++++++++++++++++++++++++++++++++++++++++++++++++++++++                                                                                 ]
[14:38:44] [Server thread/INFO] [minecraft/GameTestServer]: [++++++++++++++++++++++++++++++++++++++++++++++++++++++++++++++++++++++++++++++++++++++++++++++++++++++++++                                                                                 ]
[14:38:44] [Server thread/INFO] [minecraft/GameTestServer]: [++++++++++++++++++++++++++++++++++++++++++++++++++++++++++++++++++++++++++++++++++++++++++++++++++++++++++_                                                                                ]
[14:38:44] [Server thread/INFO] [minecraft/GameTestServer]: [++++++++++++++++++++++++++++++++++++++++++++++++++++++++++++++++++++++++++++++++++++++++++++++++++++++++++_                                                                                ]
[14:38:44] [Server thread/INFO] [minecraft/GameTestServer]: [++++++++++++++++++++++++++++++++++++++++++++++++++++++++++++++++++++++++++++++++++++++++++++++++++++++++++_                                                                                ]
[14:38:44] [Server thread/INFO] [minecraft/GameTestServer]: [++++++++++++++++++++++++++++++++++++++++++++++++++++++++++++++++++++++++++++++++++++++++++++++++++++++++++_                                                                                ]
[14:38:44] [Server thread/INFO] [minecraft/GameTestServer]: [++++++++++++++++++++++++++++++++++++++++++++++++++++++++++++++++++++++++++++++++++++++++++++++++++++++++++_                                                                                ]
[14:38:44] [Server thread/INFO] [minecraft/GameTestRunner]: Running test batch 'apparatus_imbuement_rejection:0' (1 tests)...
[14:38:44] [Server thread/INFO] [minecraft/GameTestServer]: [+++++++++++++++++++++++++++++++++++++++++++++++++++++++++++++++++++++++++++++++++++++++++++++++++++++++++++                                                                                ]
[14:38:44] [Server thread/INFO] [minecraft/GameTestServer]: [+++++++++++++++++++++++++++++++++++++++++++++++++++++++++++++++++++++++++++++++++++++++++++++++++++++++++++                                                                                ]
[14:38:44] [Server thread/INFO] [minecraft/GameTestRunner]: Running test batch 'attunement_cancel:0' (1 tests)...
[14:38:44] [Server thread/INFO] [minecraft/GameTestServer]: [++++++++++++++++++++++++++++++++++++++++++++++++++++++++++++++++++++++++++++++++++++++++++++++++++++++++++++                                                                               ]
[14:38:44] [Server thread/INFO] [minecraft/GameTestServer]: [++++++++++++++++++++++++++++++++++++++++++++++++++++++++++++++++++++++++++++++++++++++++++++++++++++++++++++                                                                               ]
[14:38:44] [Server thread/INFO] [minecraft/GameTestServer]: [++++++++++++++++++++++++++++++++++++++++++++++++++++++++++++++++++++++++++++++++++++++++++++++++++++++++++++                                                                               ]
[14:38:44] [Server thread/INFO] [minecraft/GameTestServer]: [++++++++++++++++++++++++++++++++++++++++++++++++++++++++++++++++++++++++++++++++++++++++++++++++++++++++++++_                                                                              ]
[14:38:44] [Server thread/INFO] [minecraft/GameTestServer]: [++++++++++++++++++++++++++++++++++++++++++++++++++++++++++++++++++++++++++++++++++++++++++++++++++++++++++++_                                                                              ]
[14:38:44] [Server thread/INFO] [minecraft/GameTestServer]: [++++++++++++++++++++++++++++++++++++++++++++++++++++++++++++++++++++++++++++++++++++++++++++++++++++++++++++_                                                                              ]
[14:38:44] [Server thread/INFO] [minecraft/GameTestServer]: [++++++++++++++++++++++++++++++++++++++++++++++++++++++++++++++++++++++++++++++++++++++++++++++++++++++++++++_                                                                              ]
[14:38:44] [Server thread/INFO] [minecraft/GameTestRunner]: Running test batch 'leyline_ambiguous:0' (1 tests)...
[14:38:44] [Server thread/INFO] [minecraft/GameTestServer]: [+++++++++++++++++++++++++++++++++++++++++++++++++++++++++++++++++++++++++++++++++++++++++++++++++++++++++++++                                                                              ]
[14:38:44] [Server thread/INFO] [minecraft/GameTestServer]: [+++++++++++++++++++++++++++++++++++++++++++++++++++++++++++++++++++++++++++++++++++++++++++++++++++++++++++++                                                                              ]
[14:38:44] [Server thread/INFO] [minecraft/GameTestServer]: [+++++++++++++++++++++++++++++++++++++++++++++++++++++++++++++++++++++++++++++++++++++++++++++++++++++++++++++                                                                              ]
[14:38:44] [Server thread/INFO] [minecraft/GameTestServer]: [+++++++++++++++++++++++++++++++++++++++++++++++++++++++++++++++++++++++++++++++++++++++++++++++++++++++++++++                                                                              ]
[14:38:44] [Server thread/INFO] [minecraft/GameTestServer]: [+++++++++++++++++++++++++++++++++++++++++++++++++++++++++++++++++++++++++++++++++++++++++++++++++++++++++++++                                                                              ]
[14:38:44] [Server thread/INFO] [minecraft/GameTestServer]: [+++++++++++++++++++++++++++++++++++++++++++++++++++++++++++++++++++++++++++++++++++++++++++++++++++++++++++++                                                                              ]
[14:38:44] [Server thread/INFO] [minecraft/GameTestServer]: [+++++++++++++++++++++++++++++++++++++++++++++++++++++++++++++++++++++++++++++++++++++++++++++++++++++++++++++                                                                              ]
[14:38:44] [Server thread/INFO] [minecraft/GameTestServer]: [+++++++++++++++++++++++++++++++++++++++++++++++++++++++++++++++++++++++++++++++++++++++++++++++++++++++++++++                                                                              ]
[14:38:44] [Server thread/INFO] [minecraft/GameTestServer]: [+++++++++++++++++++++++++++++++++++++++++++++++++++++++++++++++++++++++++++++++++++++++++++++++++++++++++++++                                                                              ]
[14:38:44] [Server thread/INFO] [minecraft/GameTestRunner]: Running test batch 'standing_stone_cancel:0' (1 tests)...
[14:38:44] [Server thread/INFO] [minecraft/GameTestServer]: [++++++++++++++++++++++++++++++++++++++++++++++++++++++++++++++++++++++++++++++++++++++++++++++++++++++++++++++                                                                             ]
[14:38:44] [Server thread/INFO] [minecraft/GameTestServer]: [++++++++++++++++++++++++++++++++++++++++++++++++++++++++++++++++++++++++++++++++++++++++++++++++++++++++++++++                                                                             ]
[14:38:44] [Server thread/INFO] [minecraft/GameTestServer]: [++++++++++++++++++++++++++++++++++++++++++++++++++++++++++++++++++++++++++++++++++++++++++++++++++++++++++++++_                                                                            ]
[14:38:44] [Server thread/INFO] [minecraft/GameTestServer]: [++++++++++++++++++++++++++++++++++++++++++++++++++++++++++++++++++++++++++++++++++++++++++++++++++++++++++++++_                                                                            ]
[14:38:44] [Server thread/INFO] [minecraft/GameTestServer]: [++++++++++++++++++++++++++++++++++++++++++++++++++++++++++++++++++++++++++++++++++++++++++++++++++++++++++++++_                                                                            ]
[14:38:44] [Server thread/INFO] [minecraft/GameTestRunner]: Running test batch 'homebound_xp_cancel:0' (1 tests)...
[14:38:44] [Server thread/INFO] [minecraft/GameTestServer]: [+++++++++++++++++++++++++++++++++++++++++++++++++++++++++++++++++++++++++++++++++++++++++++++++++++++++++++++++                                                                            ]
[14:38:44] [Server thread/INFO] [minecraft/GameTestServer]: [+++++++++++++++++++++++++++++++++++++++++++++++++++++++++++++++++++++++++++++++++++++++++++++++++++++++++++++++                                                                            ]
[14:38:44] [Server thread/INFO] [minecraft/GameTestServer]: [+++++++++++++++++++++++++++++++++++++++++++++++++++++++++++++++++++++++++++++++++++++++++++++++++++++++++++++++                                                                            ]
[14:38:44] [Server thread/INFO] [minecraft/GameTestServer]: [+++++++++++++++++++++++++++++++++++++++++++++++++++++++++++++++++++++++++++++++++++++++++++++++++++++++++++++++                                                                            ]
[14:38:44] [Server thread/INFO] [minecraft/GameTestServer]: [+++++++++++++++++++++++++++++++++++++++++++++++++++++++++++++++++++++++++++++++++++++++++++++++++++++++++++++++                                                                            ]
[14:38:44] [Server thread/INFO] [minecraft/PlayerList]: survival-test-player[embedded] logged in with entity id 637 at (-1.5, -60.0, 0.5)
[14:38:44] [Server thread/INFO] [minecraft/MinecraftServer]: survival-test-player joined the game
[14:38:45] [Server thread/INFO] [minecraft/GameTestRunner]: Running test batch 'scroll_reservation:0' (1 tests)...
[14:38:45] [Server thread/INFO] [minecraft/GameTestServer]: [++++++++++++++++++++++++++++++++++++++++++++++++++++++++++++++++++++++++++++++++++++++++++++++++++++++++++++++++                                                                           ]
[14:38:45] [Server thread/INFO] [minecraft/GameTestServer]: [++++++++++++++++++++++++++++++++++++++++++++++++++++++++++++++++++++++++++++++++++++++++++++++++++++++++++++++++                                                                           ]
[14:38:45] [Server thread/INFO] [minecraft/GameTestServer]: [++++++++++++++++++++++++++++++++++++++++++++++++++++++++++++++++++++++++++++++++++++++++++++++++++++++++++++++++                                                                           ]
[14:38:45] [Server thread/INFO] [minecraft/GameTestServer]: [++++++++++++++++++++++++++++++++++++++++++++++++++++++++++++++++++++++++++++++++++++++++++++++++++++++++++++++++_                                                                          ]
[14:38:45] [Server thread/INFO] [minecraft/GameTestServer]: [++++++++++++++++++++++++++++++++++++++++++++++++++++++++++++++++++++++++++++++++++++++++++++++++++++++++++++++++_                                                                          ]
[14:38:45] [Server thread/INFO] [minecraft/GameTestServer]: [++++++++++++++++++++++++++++++++++++++++++++++++++++++++++++++++++++++++++++++++++++++++++++++++++++++++++++++++_                                                                          ]
[14:38:45] [Server thread/INFO] [minecraft/GameTestServer]: [++++++++++++++++++++++++++++++++++++++++++++++++++++++++++++++++++++++++++++++++++++++++++++++++++++++++++++++++_                                                                          ]
[14:38:45] [Server thread/INFO] [minecraft/GameTestRunner]: Running test batch 'shaping_reflect:0' (1 tests)...
[14:38:45] [Server thread/INFO] [minecraft/GameTestServer]: [+++++++++++++++++++++++++++++++++++++++++++++++++++++++++++++++++++++++++++++++++++++++++++++++++++++++++++++++++                                                                          ]
[14:38:45] [Server thread/INFO] [minecraft/GameTestServer]: [+++++++++++++++++++++++++++++++++++++++++++++++++++++++++++++++++++++++++++++++++++++++++++++++++++++++++++++++++_                                                                         ]
[14:38:45] [Server thread/INFO] [minecraft/GameTestServer]: [+++++++++++++++++++++++++++++++++++++++++++++++++++++++++++++++++++++++++++++++++++++++++++++++++++++++++++++++++_                                                                         ]
[14:38:45] [Server thread/INFO] [minecraft/GameTestServer]: [+++++++++++++++++++++++++++++++++++++++++++++++++++++++++++++++++++++++++++++++++++++++++++++++++++++++++++++++++_                                                                         ]
[14:38:45] [Server thread/INFO] [minecraft/GameTestServer]: [+++++++++++++++++++++++++++++++++++++++++++++++++++++++++++++++++++++++++++++++++++++++++++++++++++++++++++++++++_                                                                         ]
[14:38:45] [Server thread/INFO] [minecraft/GameTestRunner]: Running test batch 'ritual_discovery:0' (1 tests)...
[14:38:45] [Server thread/INFO] [minecraft/GameTestServer]: [++++++++++++++++++++++++++++++++++++++++++++++++++++++++++++++++++++++++++++++++++++++++++++++++++++++++++++++++++                                                                         ]
[14:38:45] [Server thread/INFO] [minecraft/GameTestServer]: [++++++++++++++++++++++++++++++++++++++++++++++++++++++++++++++++++++++++++++++++++++++++++++++++++++++++++++++++++                                                                         ]
[14:38:45] [Server thread/INFO] [minecraft/GameTestServer]: [++++++++++++++++++++++++++++++++++++++++++++++++++++++++++++++++++++++++++++++++++++++++++++++++++++++++++++++++++                                                                         ]
[14:38:45] [Server thread/INFO] [minecraft/GameTestServer]: [++++++++++++++++++++++++++++++++++++++++++++++++++++++++++++++++++++++++++++++++++++++++++++++++++++++++++++++++++                                                                         ]
[14:38:45] [Server thread/INFO] [minecraft/GameTestServer]: [++++++++++++++++++++++++++++++++++++++++++++++++++++++++++++++++++++++++++++++++++++++++++++++++++++++++++++++++++_                                                                        ]
[14:38:45] [Server thread/INFO] [minecraft/GameTestServer]: [++++++++++++++++++++++++++++++++++++++++++++++++++++++++++++++++++++++++++++++++++++++++++++++++++++++++++++++++++_                                                                        ]
[14:38:45] [Server thread/INFO] [minecraft/GameTestServer]: [++++++++++++++++++++++++++++++++++++++++++++++++++++++++++++++++++++++++++++++++++++++++++++++++++++++++++++++++++_                                                                        ]
[14:38:45] [Server thread/INFO] [minecraft/GameTestRunner]: Running test batch 'pathfinder_typed_magic:0' (1 tests)...
[14:38:45] [Server thread/INFO] [minecraft/GameTestServer]: [+++++++++++++++++++++++++++++++++++++++++++++++++++++++++++++++++++++++++++++++++++++++++++++++++++++++++++++++++++                                                                        ]
[14:38:46] [Server thread/INFO] [minecraft/GameTestRunner]: Running test batch 'leyline_layer_limits:0' (1 tests)...
[14:38:46] [Server thread/INFO] [minecraft/GameTestServer]: [++++++++++++++++++++++++++++++++++++++++++++++++++++++++++++++++++++++++++++++++++++++++++++++++++++++++++++++++++++                                                                       ]
[14:38:46] [Server thread/INFO] [minecraft/GameTestServer]: [++++++++++++++++++++++++++++++++++++++++++++++++++++++++++++++++++++++++++++++++++++++++++++++++++++++++++++++++++++                                                                       ]
[14:38:46] [Server thread/INFO] [minecraft/GameTestServer]: [++++++++++++++++++++++++++++++++++++++++++++++++++++++++++++++++++++++++++++++++++++++++++++++++++++++++++++++++++++                                                                       ]
[14:38:46] [Server thread/INFO] [minecraft/GameTestServer]: [++++++++++++++++++++++++++++++++++++++++++++++++++++++++++++++++++++++++++++++++++++++++++++++++++++++++++++++++++++                                                                       ]
[14:38:46] [Server thread/INFO] [minecraft/GameTestServer]: [++++++++++++++++++++++++++++++++++++++++++++++++++++++++++++++++++++++++++++++++++++++++++++++++++++++++++++++++++++                                                                       ]
[14:38:46] [Server thread/INFO] [minecraft/GameTestRunner]: Running test batch 'pathfinder_push:0' (1 tests)...
[14:38:46] [Server thread/INFO] [minecraft/GameTestServer]: [+++++++++++++++++++++++++++++++++++++++++++++++++++++++++++++++++++++++++++++++++++++++++++++++++++++++++++++++++++++                                                                      ]
[14:38:46] [Server thread/INFO] [minecraft/GameTestServer]: [+++++++++++++++++++++++++++++++++++++++++++++++++++++++++++++++++++++++++++++++++++++++++++++++++++++++++++++++++++++_                                                                     ]
[14:38:46] [Server thread/INFO] [minecraft/GameTestRunner]: Running test batch 'utility_shape:0' (1 tests)...
[14:38:46] [Server thread/INFO] [minecraft/GameTestServer]: [++++++++++++++++++++++++++++++++++++++++++++++++++++++++++++++++++++++++++++++++++++++++++++++++++++++++++++++++++++++                                                                     ]
[14:38:46] [Server thread/INFO] [minecraft/GameTestRunner]: Running test batch 'formation_tree:0' (1 tests)...
[14:38:46] [Server thread/INFO] [minecraft/GameTestServer]: [+++++++++++++++++++++++++++++++++++++++++++++++++++++++++++++++++++++++++++++++++++++++++++++++++++++++++++++++++++++++                                                                    ]
[14:38:46] [Server thread/INFO] [minecraft/GameTestServer]: [+++++++++++++++++++++++++++++++++++++++++++++++++++++++++++++++++++++++++++++++++++++++++++++++++++++++++++++++++++++++_                                                                   ]
[14:38:46] [Server thread/INFO] [minecraft/GameTestServer]: [+++++++++++++++++++++++++++++++++++++++++++++++++++++++++++++++++++++++++++++++++++++++++++++++++++++++++++++++++++++++_                                                                   ]
[14:38:46] [Server thread/INFO] [minecraft/GameTestServer]: [+++++++++++++++++++++++++++++++++++++++++++++++++++++++++++++++++++++++++++++++++++++++++++++++++++++++++++++++++++++++_                                                                   ]
[14:38:46] [Server thread/INFO] [minecraft/GameTestServer]: [+++++++++++++++++++++++++++++++++++++++++++++++++++++++++++++++++++++++++++++++++++++++++++++++++++++++++++++++++++++++_                                                                   ]
[14:38:46] [Server thread/INFO] [minecraft/GameTestServer]: [+++++++++++++++++++++++++++++++++++++++++++++++++++++++++++++++++++++++++++++++++++++++++++++++++++++++++++++++++++++++_                                                                   ]
[14:38:46] [Server thread/INFO] [minecraft/GameTestServer]: [+++++++++++++++++++++++++++++++++++++++++++++++++++++++++++++++++++++++++++++++++++++++++++++++++++++++++++++++++++++++_                                                                   ]
[14:38:46] [Server thread/INFO] [minecraft/GameTestServer]: [+++++++++++++++++++++++++++++++++++++++++++++++++++++++++++++++++++++++++++++++++++++++++++++++++++++++++++++++++++++++_                                                                   ]
[14:38:46] [Server thread/INFO] [minecraft/GameTestServer]: [+++++++++++++++++++++++++++++++++++++++++++++++++++++++++++++++++++++++++++++++++++++++++++++++++++++++++++++++++++++++_                                                                   ]
[14:38:46] [Server thread/INFO] [minecraft/GameTestServer]: [+++++++++++++++++++++++++++++++++++++++++++++++++++++++++++++++++++++++++++++++++++++++++++++++++++++++++++++++++++++++_                                                                   ]
[14:38:46] [Server thread/INFO] [minecraft/GameTestServer]: [+++++++++++++++++++++++++++++++++++++++++++++++++++++++++++++++++++++++++++++++++++++++++++++++++++++++++++++++++++++++_                                                                   ]
[14:38:46] [Server thread/INFO] [minecraft/GameTestServer]: [+++++++++++++++++++++++++++++++++++++++++++++++++++++++++++++++++++++++++++++++++++++++++++++++++++++++++++++++++++++++_                                                                   ]
[14:38:46] [Server thread/INFO] [minecraft/GameTestRunner]: Running test batch 'fields:0' (1 tests)...
[14:38:46] [Server thread/INFO] [minecraft/GameTestServer]: [++++++++++++++++++++++++++++++++++++++++++++++++++++++++++++++++++++++++++++++++++++++++++++++++++++++++++++++++++++++++                                                                   ]
[14:38:46] [Server thread/INFO] [minecraft/GameTestServer]: [++++++++++++++++++++++++++++++++++++++++++++++++++++++++++++++++++++++++++++++++++++++++++++++++++++++++++++++++++++++++                                                                   ]
[14:38:46] [Server thread/INFO] [minecraft/GameTestServer]: [++++++++++++++++++++++++++++++++++++++++++++++++++++++++++++++++++++++++++++++++++++++++++++++++++++++++++++++++++++++++                                                                   ]
[14:38:46] [Server thread/INFO] [minecraft/GameTestServer]: [++++++++++++++++++++++++++++++++++++++++++++++++++++++++++++++++++++++++++++++++++++++++++++++++++++++++++++++++++++++++_                                                                  ]
[14:38:46] [Server thread/INFO] [minecraft/GameTestServer]: [++++++++++++++++++++++++++++++++++++++++++++++++++++++++++++++++++++++++++++++++++++++++++++++++++++++++++++++++++++++++_                                                                  ]
[14:38:46] [Server thread/INFO] [minecraft/GameTestServer]: [++++++++++++++++++++++++++++++++++++++++++++++++++++++++++++++++++++++++++++++++++++++++++++++++++++++++++++++++++++++++_                                                                  ]
[14:38:46] [Server thread/INFO] [minecraft/GameTestServer]: [++++++++++++++++++++++++++++++++++++++++++++++++++++++++++++++++++++++++++++++++++++++++++++++++++++++++++++++++++++++++_                                                                  ]
[14:38:46] [Server thread/INFO] [minecraft/GameTestServer]: [++++++++++++++++++++++++++++++++++++++++++++++++++++++++++++++++++++++++++++++++++++++++++++++++++++++++++++++++++++++++_                                                                  ]
[14:38:46] [Server thread/INFO] [minecraft/GameTestServer]: [++++++++++++++++++++++++++++++++++++++++++++++++++++++++++++++++++++++++++++++++++++++++++++++++++++++++++++++++++++++++_                                                                  ]
[14:38:46] [Server thread/INFO] [minecraft/Villager]: Villager Villager['Villager'/697, l='ServerLevel[Test Level]', x=4456308.50, y=-59.00, z=7253971.50] died, message: 'Villager was killed by Villager using magic'
[14:38:46] [Server thread/INFO] [minecraft/GameTestRunner]: Running test batch 'scroll_dismantling:0' (1 tests)...
[14:38:46] [Server thread/INFO] [minecraft/GameTestServer]: [+++++++++++++++++++++++++++++++++++++++++++++++++++++++++++++++++++++++++++++++++++++++++++++++++++++++++++++++++++++++++                                                                  ]
[14:38:46] [Server thread/INFO] [minecraft/GameTestServer]: [+++++++++++++++++++++++++++++++++++++++++++++++++++++++++++++++++++++++++++++++++++++++++++++++++++++++++++++++++++++++++                                                                  ]
[14:38:46] [Server thread/INFO] [minecraft/GameTestRunner]: Running test batch 'formation_obstruction:0' (1 tests)...
[14:38:46] [Server thread/INFO] [minecraft/GameTestServer]: [++++++++++++++++++++++++++++++++++++++++++++++++++++++++++++++++++++++++++++++++++++++++++++++++++++++++++++++++++++++++++                                                                 ]
[14:38:46] [Server thread/INFO] [minecraft/GameTestRunner]: Running test batch 'scroll_silent:0' (1 tests)...
[14:38:46] [Server thread/INFO] [minecraft/GameTestServer]: [+++++++++++++++++++++++++++++++++++++++++++++++++++++++++++++++++++++++++++++++++++++++++++++++++++++++++++++++++++++++++++                                                                ]
[14:38:46] [Server thread/INFO] [minecraft/GameTestServer]: [+++++++++++++++++++++++++++++++++++++++++++++++++++++++++++++++++++++++++++++++++++++++++++++++++++++++++++++++++++++++++++                                                                ]
[14:38:46] [Server thread/INFO] [minecraft/GameTestRunner]: Running test batch 'standing_stones:0' (10 tests)...
[14:38:46] [Server thread/INFO] [minecraft/GameTestServer]: [++++++++++++++++++++++++++++++++++++++++++++++++++++++++++++++++++++++++++++++++++++++++++++++++++++++++++++++++++++++++++++                                                               ]
[14:38:46] [Server thread/INFO] [minecraft/GameTestServer]: [+++++++++++++++++++++++++++++++++++++++++++++++++++++++++++++++++++++++++++++++++++++++++++++++++++++++++++++++++++++++++++++                                                              ]
[14:38:46] [Server thread/INFO] [minecraft/PlayerList]: test-mock-player[embedded] logged in with entity id 705 at (10.5, -60.0, 6.5)
[14:38:46] [Server thread/INFO] [minecraft/MinecraftServer]: test-mock-player joined the game
[14:38:47] [Server thread/INFO] [minecraft/GameTestServer]: [+++++++++++++++++++++++++++++++++++++++++++++++++++++++++++++++++++++++++++++++++++++++++++++++++++++++++++++++++++++++++++++++                                                            ]
[14:38:47] [Server thread/INFO] [minecraft/PlayerList]: test-mock-player[embedded] logged in with entity id 707 at (-8.5, -60.0, 3.5)
[14:38:47] [Server thread/INFO] [minecraft/MinecraftServer]: test-mock-player joined the game
[14:38:47] [Server thread/INFO] [minecraft/GameTestServer]: [+++++++++++++++++++++++++++++++++++++++++++++++++++++++++++++++++++++++++++++++++++++++++++++++++++++++++++++++++++++++++++++++     ++                                                     ]
[14:38:47] [Server thread/INFO] [minecraft/GameTestServer]: [+++++++++++++++++++++++++++++++++++++++++++++++++++++++++++++++++++++++++++++++++++++++++++++++++++++++++++++++++++++++++++++++  +++++                                                     ]
[14:38:48] [Server thread/INFO] [minecraft/PlayerList]: test-mock-player[embedded] logged in with entity id 712 at (-6.5, -60.0, 9.5)
[14:38:48] [Server thread/INFO] [minecraft/MinecraftServer]: test-mock-player joined the game
[14:38:49] [Server thread/INFO] [minecraft/PlayerList]: test-mock-player[embedded] logged in with entity id 713 at (10.5, -60.0, -2.5)
[14:38:49] [Server thread/INFO] [minecraft/MinecraftServer]: test-mock-player joined the game
[14:38:49] [Server thread/INFO] [minecraft/GameTestRunner]: Running test batch 'apparatus_column_sockets:0' (1 tests)...
[14:38:49] [Server thread/INFO] [minecraft/GameTestServer]: [++++++++++++++++++++++++++++++++++++++++++++++++++++++++++++++++++++++++++++++++++++++++++++++++++++++++++++++++++++++++++++++++++++++                                                     ]
[14:38:49] [Server thread/INFO] [minecraft/GameTestRunner]: Running test batch 'spellshaping_colored_concrete:0' (1 tests)...
[14:38:49] [Server thread/INFO] [minecraft/GameTestServer]: [+++++++++++++++++++++++++++++++++++++++++++++++++++++++++++++++++++++++++++++++++++++++++++++++++++++++++++++++++++++++++++++++++++++++                                                    ]
[14:38:49] [Server thread/INFO] [minecraft/GameTestServer]: [+++++++++++++++++++++++++++++++++++++++++++++++++++++++++++++++++++++++++++++++++++++++++++++++++++++++++++++++++++++++++++++++++++++++                                                    ]
[14:38:49] [Server thread/INFO] [minecraft/GameTestServer]: [+++++++++++++++++++++++++++++++++++++++++++++++++++++++++++++++++++++++++++++++++++++++++++++++++++++++++++++++++++++++++++++++++++++++_                                                   ]
[14:38:49] [Server thread/INFO] [minecraft/GameTestServer]: [+++++++++++++++++++++++++++++++++++++++++++++++++++++++++++++++++++++++++++++++++++++++++++++++++++++++++++++++++++++++++++++++++++++++_                                                   ]
[14:38:49] [Server thread/INFO] [minecraft/GameTestServer]: [+++++++++++++++++++++++++++++++++++++++++++++++++++++++++++++++++++++++++++++++++++++++++++++++++++++++++++++++++++++++++++++++++++++++_                                                   ]
[14:38:49] [Server thread/INFO] [minecraft/GameTestRunner]: Running test batch 'pathfinder_life:0' (1 tests)...
[14:38:50] [Server thread/INFO] [minecraft/GameTestServer]: [++++++++++++++++++++++++++++++++++++++++++++++++++++++++++++++++++++++++++++++++++++++++++++++++++++++++++++++++++++++++++++++++++++++++                                                   ]
[14:38:50] [Server thread/INFO] [minecraft/GameTestServer]: [++++++++++++++++++++++++++++++++++++++++++++++++++++++++++++++++++++++++++++++++++++++++++++++++++++++++++++++++++++++++++++++++++++++++                                                   ]
[14:38:50] [Server thread/INFO] [minecraft/GameTestServer]: [++++++++++++++++++++++++++++++++++++++++++++++++++++++++++++++++++++++++++++++++++++++++++++++++++++++++++++++++++++++++++++++++++++++++                                                   ]
[14:38:50] [Server thread/INFO] [minecraft/GameTestServer]: [++++++++++++++++++++++++++++++++++++++++++++++++++++++++++++++++++++++++++++++++++++++++++++++++++++++++++++++++++++++++++++++++++++++++_                                                  ]
[14:38:50] [Server thread/INFO] [minecraft/GameTestServer]: [++++++++++++++++++++++++++++++++++++++++++++++++++++++++++++++++++++++++++++++++++++++++++++++++++++++++++++++++++++++++++++++++++++++++_                                                  ]
[14:38:50] [Server thread/INFO] [minecraft/GameTestServer]: [++++++++++++++++++++++++++++++++++++++++++++++++++++++++++++++++++++++++++++++++++++++++++++++++++++++++++++++++++++++++++++++++++++++++_                                                  ]
[14:38:50] [Server thread/INFO] [minecraft/GameTestServer]: [++++++++++++++++++++++++++++++++++++++++++++++++++++++++++++++++++++++++++++++++++++++++++++++++++++++++++++++++++++++++++++++++++++++++_                                                  ]
[14:38:50] [Server thread/INFO] [minecraft/GameTestServer]: [++++++++++++++++++++++++++++++++++++++++++++++++++++++++++++++++++++++++++++++++++++++++++++++++++++++++++++++++++++++++++++++++++++++++_                                                  ]
[14:38:50] [Server thread/INFO] [minecraft/GameTestServer]: [++++++++++++++++++++++++++++++++++++++++++++++++++++++++++++++++++++++++++++++++++++++++++++++++++++++++++++++++++++++++++++++++++++++++_                                                  ]
[14:38:50] [Server thread/INFO] [minecraft/GameTestServer]: [++++++++++++++++++++++++++++++++++++++++++++++++++++++++++++++++++++++++++++++++++++++++++++++++++++++++++++++++++++++++++++++++++++++++_                                                  ]
[14:38:50] [Server thread/INFO] [minecraft/GameTestRunner]: Running test batch 'homebound_crafting:0' (1 tests)...
[14:38:50] [Server thread/INFO] [minecraft/GameTestServer]: [+++++++++++++++++++++++++++++++++++++++++++++++++++++++++++++++++++++++++++++++++++++++++++++++++++++++++++++++++++++++++++++++++++++++++                                                  ]
[14:38:50] [Server thread/INFO] [minecraft/GameTestServer]: [+++++++++++++++++++++++++++++++++++++++++++++++++++++++++++++++++++++++++++++++++++++++++++++++++++++++++++++++++++++++++++++++++++++++++                                                  ]
[14:38:50] [Server thread/INFO] [minecraft/GameTestServer]: [+++++++++++++++++++++++++++++++++++++++++++++++++++++++++++++++++++++++++++++++++++++++++++++++++++++++++++++++++++++++++++++++++++++++++                                                  ]
[14:38:50] [Server thread/INFO] [minecraft/GameTestServer]: [+++++++++++++++++++++++++++++++++++++++++++++++++++++++++++++++++++++++++++++++++++++++++++++++++++++++++++++++++++++++++++++++++++++++++_                                                 ]
[14:38:50] [Server thread/INFO] [minecraft/GameTestServer]: [+++++++++++++++++++++++++++++++++++++++++++++++++++++++++++++++++++++++++++++++++++++++++++++++++++++++++++++++++++++++++++++++++++++++++_                                                 ]
[14:38:50] [Server thread/INFO] [minecraft/GameTestRunner]: Running test batch 'apparatus_underwater_ritual:0' (1 tests)...
[14:38:50] [Server thread/INFO] [minecraft/GameTestServer]: [++++++++++++++++++++++++++++++++++++++++++++++++++++++++++++++++++++++++++++++++++++++++++++++++++++++++++++++++++++++++++++++++++++++++++                                                 ]
[14:38:50] [Server thread/INFO] [minecraft/GameTestServer]: [++++++++++++++++++++++++++++++++++++++++++++++++++++++++++++++++++++++++++++++++++++++++++++++++++++++++++++++++++++++++++++++++++++++++++_                                                ]
[14:38:50] [Server thread/INFO] [minecraft/GameTestServer]: [++++++++++++++++++++++++++++++++++++++++++++++++++++++++++++++++++++++++++++++++++++++++++++++++++++++++++++++++++++++++++++++++++++++++++_                                                ]
[14:38:51] [Server thread/INFO] [minecraft/GameTestServer]: [++++++++++++++++++++++++++++++++++++++++++++++++++++++++++++++++++++++++++++++++++++++++++++++++++++++++++++++++++++++++++++++++++++++++++_                                                ]
[14:38:51] [Server thread/INFO] [minecraft/GameTestRunner]: Running test batch 'formation_images:0' (1 tests)...
[14:38:51] [Server thread/INFO] [minecraft/GameTestServer]: [+++++++++++++++++++++++++++++++++++++++++++++++++++++++++++++++++++++++++++++++++++++++++++++++++++++++++++++++++++++++++++++++++++++++++++                                                ]
[14:38:51] [Server thread/INFO] [minecraft/GameTestServer]: [+++++++++++++++++++++++++++++++++++++++++++++++++++++++++++++++++++++++++++++++++++++++++++++++++++++++++++++++++++++++++++++++++++++++++++                                                ]
[14:38:51] [Server thread/INFO] [minecraft/GameTestRunner]: Running test batch 'ice_rise:0' (1 tests)...
[14:38:51] [Server thread/INFO] [minecraft/GameTestServer]: [++++++++++++++++++++++++++++++++++++++++++++++++++++++++++++++++++++++++++++++++++++++++++++++++++++++++++++++++++++++++++++++++++++++++++++                                               ]
[14:38:51] [Server thread/INFO] [minecraft/GameTestServer]: [++++++++++++++++++++++++++++++++++++++++++++++++++++++++++++++++++++++++++++++++++++++++++++++++++++++++++++++++++++++++++++++++++++++++++++_                                              ]
[14:38:51] [Server thread/INFO] [minecraft/GameTestServer]: [++++++++++++++++++++++++++++++++++++++++++++++++++++++++++++++++++++++++++++++++++++++++++++++++++++++++++++++++++++++++++++++++++++++++++++_                                              ]
[14:38:51] [Server thread/INFO] [minecraft/GameTestServer]: [++++++++++++++++++++++++++++++++++++++++++++++++++++++++++++++++++++++++++++++++++++++++++++++++++++++++++++++++++++++++++++++++++++++++++++_                                              ]
[14:38:51] [Server thread/INFO] [minecraft/GameTestServer]: [++++++++++++++++++++++++++++++++++++++++++++++++++++++++++++++++++++++++++++++++++++++++++++++++++++++++++++++++++++++++++++++++++++++++++++_                                              ]
[14:38:51] [Server thread/INFO] [minecraft/GameTestServer]: [++++++++++++++++++++++++++++++++++++++++++++++++++++++++++++++++++++++++++++++++++++++++++++++++++++++++++++++++++++++++++++++++++++++++++++_                                              ]
[14:38:51] [Server thread/INFO] [minecraft/GameTestServer]: [++++++++++++++++++++++++++++++++++++++++++++++++++++++++++++++++++++++++++++++++++++++++++++++++++++++++++++++++++++++++++++++++++++++++++++_                                              ]
[14:38:51] [Server thread/INFO] [minecraft/GameTestServer]: [++++++++++++++++++++++++++++++++++++++++++++++++++++++++++++++++++++++++++++++++++++++++++++++++++++++++++++++++++++++++++++++++++++++++++++_                                              ]
[14:38:51] [Server thread/INFO] [minecraft/GameTestServer]: [++++++++++++++++++++++++++++++++++++++++++++++++++++++++++++++++++++++++++++++++++++++++++++++++++++++++++++++++++++++++++++++++++++++++++++_                                              ]
[14:38:51] [Server thread/INFO] [minecraft/GameTestServer]: [++++++++++++++++++++++++++++++++++++++++++++++++++++++++++++++++++++++++++++++++++++++++++++++++++++++++++++++++++++++++++++++++++++++++++++_                                              ]
[14:38:51] [Server thread/INFO] [minecraft/GameTestServer]: [++++++++++++++++++++++++++++++++++++++++++++++++++++++++++++++++++++++++++++++++++++++++++++++++++++++++++++++++++++++++++++++++++++++++++++_                                              ]
[14:38:51] [Server thread/INFO] [minecraft/GameTestServer]: [++++++++++++++++++++++++++++++++++++++++++++++++++++++++++++++++++++++++++++++++++++++++++++++++++++++++++++++++++++++++++++++++++++++++++++_                                              ]
[14:38:51] [Server thread/INFO] [minecraft/GameTestServer]: [++++++++++++++++++++++++++++++++++++++++++++++++++++++++++++++++++++++++++++++++++++++++++++++++++++++++++++++++++++++++++++++++++++++++++++_                                              ]
[14:38:51] [Server thread/INFO] [minecraft/GameTestRunner]: Running test batch 'ritual_advanced:0' (1 tests)...
[14:38:51] [Server thread/INFO] [minecraft/GameTestServer]: [+++++++++++++++++++++++++++++++++++++++++++++++++++++++++++++++++++++++++++++++++++++++++++++++++++++++++++++++++++++++++++++++++++++++++++++                                              ]
[14:38:51] [Server thread/INFO] [minecraft/GameTestServer]: [+++++++++++++++++++++++++++++++++++++++++++++++++++++++++++++++++++++++++++++++++++++++++++++++++++++++++++++++++++++++++++++++++++++++++++++_                                             ]
[14:38:51] [Server thread/INFO] [minecraft/GameTestServer]: [+++++++++++++++++++++++++++++++++++++++++++++++++++++++++++++++++++++++++++++++++++++++++++++++++++++++++++++++++++++++++++++++++++++++++++++_                                             ]
[14:38:51] [Server thread/INFO] [minecraft/GameTestServer]: [+++++++++++++++++++++++++++++++++++++++++++++++++++++++++++++++++++++++++++++++++++++++++++++++++++++++++++++++++++++++++++++++++++++++++++++_                                             ]
[14:38:51] [Server thread/INFO] [minecraft/GameTestServer]: [+++++++++++++++++++++++++++++++++++++++++++++++++++++++++++++++++++++++++++++++++++++++++++++++++++++++++++++++++++++++++++++++++++++++++++++_                                             ]
[14:38:51] [Server thread/INFO] [minecraft/GameTestServer]: [+++++++++++++++++++++++++++++++++++++++++++++++++++++++++++++++++++++++++++++++++++++++++++++++++++++++++++++++++++++++++++++++++++++++++++++_                                             ]
[14:38:51] [Server thread/INFO] [minecraft/GameTestServer]: [+++++++++++++++++++++++++++++++++++++++++++++++++++++++++++++++++++++++++++++++++++++++++++++++++++++++++++++++++++++++++++++++++++++++++++++_                                             ]
[14:38:51] [Server thread/INFO] [minecraft/GameTestRunner]: Running test batch 'balance_healing:0' (2 tests)...
[14:38:51] [Server thread/INFO] [minecraft/GameTestServer]: [++++++++++++++++++++++++++++++++++++++++++++++++++++++++++++++++++++++++++++++++++++++++++++++++++++++++++++++++++++++++++++++++++++++++++++++                                             ]
[14:38:51] [Server thread/INFO] [minecraft/GameTestServer]: [++++++++++++++++++++++++++++++++++++++++++++++++++++++++++++++++++++++++++++++++++++++++++++++++++++++++++++++++++++++++++++++++++++++++++++++                                             ]
[14:38:51] [Server thread/INFO] [minecraft/Villager]: Villager Villager['Villager'/804, l='ServerLevel[Test Level]', x=4456374.50, y=-59.00, z=7254001.50] died, message: 'Villager was killed by Villager using magic'
[14:38:51] [Server thread/INFO] [minecraft/GameTestServer]: [++++++++++++++++++++++++++++++++++++++++++++++++++++++++++++++++++++++++++++++++++++++++++++++++++++++++++++++++++++++++++++++++++++++++++++++__                                           ]
[14:38:51] [Server thread/INFO] [minecraft/GameTestServer]: [++++++++++++++++++++++++++++++++++++++++++++++++++++++++++++++++++++++++++++++++++++++++++++++++++++++++++++++++++++++++++++++++++++++++++++++__                                           ]
[14:38:51] [Server thread/INFO] [minecraft/GameTestServer]: [++++++++++++++++++++++++++++++++++++++++++++++++++++++++++++++++++++++++++++++++++++++++++++++++++++++++++++++++++++++++++++++++++++++++++++++__                                           ]
[14:38:51] [Server thread/INFO] [minecraft/GameTestServer]: [++++++++++++++++++++++++++++++++++++++++++++++++++++++++++++++++++++++++++++++++++++++++++++++++++++++++++++++++++++++++++++++++++++++++++++++__                                           ]
[14:38:51] [Server thread/INFO] [minecraft/GameTestServer]: [+++++++++++++++++++++++++++++++++++++++++++++++++++++++++++++++++++++++++++++++++++++++++++++++++++++++++++++++++++++++++++++++++++++++++++++++_                                           ]
[14:38:51] [Server thread/INFO] [minecraft/GameTestServer]: [+++++++++++++++++++++++++++++++++++++++++++++++++++++++++++++++++++++++++++++++++++++++++++++++++++++++++++++++++++++++++++++++++++++++++++++++_                                           ]
[14:38:51] [Server thread/INFO] [minecraft/GameTestServer]: [+++++++++++++++++++++++++++++++++++++++++++++++++++++++++++++++++++++++++++++++++++++++++++++++++++++++++++++++++++++++++++++++++++++++++++++++_                                           ]
[14:38:51] [Server thread/INFO] [minecraft/GameTestServer]: [+++++++++++++++++++++++++++++++++++++++++++++++++++++++++++++++++++++++++++++++++++++++++++++++++++++++++++++++++++++++++++++++++++++++++++++++_                                           ]
[14:38:51] [Server thread/INFO] [minecraft/GameTestRunner]: Running test batch 'utility_guards:0' (1 tests)...
[14:38:52] [Server thread/INFO] [minecraft/GameTestServer]: [++++++++++++++++++++++++++++++++++++++++++++++++++++++++++++++++++++++++++++++++++++++++++++++++++++++++++++++++++++++++++++++++++++++++++++++++                                           ]
[14:38:52] [Server thread/INFO] [minecraft/GameTestServer]: [++++++++++++++++++++++++++++++++++++++++++++++++++++++++++++++++++++++++++++++++++++++++++++++++++++++++++++++++++++++++++++++++++++++++++++++++                                           ]
[14:38:52] [Server thread/INFO] [minecraft/GameTestServer]: [++++++++++++++++++++++++++++++++++++++++++++++++++++++++++++++++++++++++++++++++++++++++++++++++++++++++++++++++++++++++++++++++++++++++++++++++                                           ]
[14:38:52] [Server thread/INFO] [minecraft/GameTestServer]: [++++++++++++++++++++++++++++++++++++++++++++++++++++++++++++++++++++++++++++++++++++++++++++++++++++++++++++++++++++++++++++++++++++++++++++++++                                           ]
[14:38:52] [Server thread/INFO] [minecraft/GameTestServer]: [++++++++++++++++++++++++++++++++++++++++++++++++++++++++++++++++++++++++++++++++++++++++++++++++++++++++++++++++++++++++++++++++++++++++++++++++                                           ]
[14:38:52] [Server thread/INFO] [minecraft/GameTestRunner]: Running test batch 'player_mana:0' (3 tests)...
[14:38:52] [Server thread/INFO] [minecraft/GameTestServer]: [+++++++++++++++++++++++++++++++++++++++++++++++++++++++++++++++++++++++++++++++++++++++++++++++++++++++++++++++++++++++++++++++++++++++++++++++++                                          ]
[14:38:52] [Server thread/INFO] [minecraft/GameTestServer]: [++++++++++++++++++++++++++++++++++++++++++++++++++++++++++++++++++++++++++++++++++++++++++++++++++++++++++++++++++++++++++++++++++++++++++++++++++                                         ]
[14:38:52] [Server thread/INFO] [minecraft/PlayerList]: survival-test-player[embedded] logged in with entity id 816 at (-8.5, -60.0, 10.5)
[14:38:52] [Server thread/INFO] [minecraft/MinecraftServer]: survival-test-player joined the game
[14:38:52] [Server thread/INFO] [minecraft/GameTestRunner]: Running test batch 'backing:0' (1 tests)...
[14:38:52] [Server thread/INFO] [minecraft/GameTestServer]: [++++++++++++++++++++++++++++++++++++++++++++++++++++++++++++++++++++++++++++++++++++++++++++++++++++++++++++++++++++++++++++++++++++++++++++++++++++                                       ]
[14:38:52] [Server thread/INFO] [minecraft/GameTestServer]: [++++++++++++++++++++++++++++++++++++++++++++++++++++++++++++++++++++++++++++++++++++++++++++++++++++++++++++++++++++++++++++++++++++++++++++++++++++                                       ]
[14:38:52] [Server thread/INFO] [minecraft/GameTestServer]: [++++++++++++++++++++++++++++++++++++++++++++++++++++++++++++++++++++++++++++++++++++++++++++++++++++++++++++++++++++++++++++++++++++++++++++++++++++                                       ]
[14:38:52] [Server thread/INFO] [minecraft/GameTestServer]: [++++++++++++++++++++++++++++++++++++++++++++++++++++++++++++++++++++++++++++++++++++++++++++++++++++++++++++++++++++++++++++++++++++++++++++++++++++_                                      ]
[14:38:52] [Server thread/INFO] [minecraft/GameTestServer]: [++++++++++++++++++++++++++++++++++++++++++++++++++++++++++++++++++++++++++++++++++++++++++++++++++++++++++++++++++++++++++++++++++++++++++++++++++++_                                      ]
[14:38:52] [Server thread/DEBUG] [ne.ne.ne.co.CommonHooks/WP]: Gathered mod list to write to world save Test Level
[14:38:52] [Server thread/INFO] [minecraft/GameTestServer]: [++++++++++++++++++++++++++++++++++++++++++++++++++++++++++++++++++++++++++++++++++++++++++++++++++++++++++++++++++++++++++++++++++++++++++++++++++++_                                      ]
[14:38:52] [Server thread/INFO] [minecraft/GameTestServer]: [++++++++++++++++++++++++++++++++++++++++++++++++++++++++++++++++++++++++++++++++++++++++++++++++++++++++++++++++++++++++++++++++++++++++++++++++++++_                                      ]
[14:38:52] [Server thread/INFO] [minecraft/GameTestServer]: [++++++++++++++++++++++++++++++++++++++++++++++++++++++++++++++++++++++++++++++++++++++++++++++++++++++++++++++++++++++++++++++++++++++++++++++++++++_                                      ]
[14:38:52] [Server thread/INFO] [minecraft/GameTestRunner]: Running test batch 'formation_orphans:0' (1 tests)...
[14:38:52] [Server thread/INFO] [minecraft/GameTestServer]: [+++++++++++++++++++++++++++++++++++++++++++++++++++++++++++++++++++++++++++++++++++++++++++++++++++++++++++++++++++++++++++++++++++++++++++++++++++++                                      ]
[14:38:52] [Server thread/INFO] [minecraft/GameTestServer]: [+++++++++++++++++++++++++++++++++++++++++++++++++++++++++++++++++++++++++++++++++++++++++++++++++++++++++++++++++++++++++++++++++++++++++++++++++++++_                                     ]
[14:38:52] [Server thread/INFO] [minecraft/GameTestRunner]: Running test batch 'leyline_shapes:0' (1 tests)...
[14:38:53] [Server thread/INFO] [minecraft/GameTestServer]: [++++++++++++++++++++++++++++++++++++++++++++++++++++++++++++++++++++++++++++++++++++++++++++++++++++++++++++++++++++++++++++++++++++++++++++++++++++++                                     ]
[14:38:53] [Server thread/INFO] [minecraft/GameTestServer]: [++++++++++++++++++++++++++++++++++++++++++++++++++++++++++++++++++++++++++++++++++++++++++++++++++++++++++++++++++++++++++++++++++++++++++++++++++++++                                     ]
[14:38:53] [Server thread/INFO] [minecraft/GameTestServer]: [++++++++++++++++++++++++++++++++++++++++++++++++++++++++++++++++++++++++++++++++++++++++++++++++++++++++++++++++++++++++++++++++++++++++++++++++++++++                                     ]
[14:38:53] [Server thread/INFO] [minecraft/GameTestRunner]: Running test batch 'utility_pet:0' (1 tests)...
[14:38:53] [Server thread/INFO] [minecraft/GameTestServer]: [+++++++++++++++++++++++++++++++++++++++++++++++++++++++++++++++++++++++++++++++++++++++++++++++++++++++++++++++++++++++++++++++++++++++++++++++++++++++                                    ]
[14:38:54] [Server thread/INFO] [minecraft/GameTestRunner]: Running test batch 'utility_movement:0' (1 tests)...
[14:38:54] [Server thread/INFO] [minecraft/GameTestServer]: [++++++++++++++++++++++++++++++++++++++++++++++++++++++++++++++++++++++++++++++++++++++++++++++++++++++++++++++++++++++++++++++++++++++++++++++++++++++++                                   ]
[14:38:55] [Server thread/INFO] [minecraft/GameTestServer]: [++++++++++++++++++++++++++++++++++++++++++++++++++++++++++++++++++++++++++++++++++++++++++++++++++++++++++++++++++++++++++++++++++++++++++++++++++++++++                                   ]
[14:38:55] [Server thread/INFO] [minecraft/GameTestServer]: [++++++++++++++++++++++++++++++++++++++++++++++++++++++++++++++++++++++++++++++++++++++++++++++++++++++++++++++++++++++++++++++++++++++++++++++++++++++++                                   ]
[14:38:55] [Server thread/INFO] [minecraft/GameTestServer]: [++++++++++++++++++++++++++++++++++++++++++++++++++++++++++++++++++++++++++++++++++++++++++++++++++++++++++++++++++++++++++++++++++++++++++++++++++++++++                                   ]
[14:38:55] [Server thread/INFO] [minecraft/GameTestServer]: [++++++++++++++++++++++++++++++++++++++++++++++++++++++++++++++++++++++++++++++++++++++++++++++++++++++++++++++++++++++++++++++++++++++++++++++++++++++++                                   ]
[14:38:55] [Server thread/INFO] [minecraft/GameTestServer]: [++++++++++++++++++++++++++++++++++++++++++++++++++++++++++++++++++++++++++++++++++++++++++++++++++++++++++++++++++++++++++++++++++++++++++++++++++++++++                                   ]
[14:38:55] [Server thread/INFO] [minecraft/GameTestServer]: [++++++++++++++++++++++++++++++++++++++++++++++++++++++++++++++++++++++++++++++++++++++++++++++++++++++++++++++++++++++++++++++++++++++++++++++++++++++++                                   ]
[14:38:55] [Server thread/INFO] [minecraft/GameTestRunner]: Running test batch 'utility_air:0' (1 tests)...
[14:38:55] [Server thread/INFO] [minecraft/GameTestServer]: [+++++++++++++++++++++++++++++++++++++++++++++++++++++++++++++++++++++++++++++++++++++++++++++++++++++++++++++++++++++++++++++++++++++++++++++++++++++++++                                  ]
[14:38:55] [Server thread/INFO] [minecraft/GameTestRunner]: Running test batch 'defaultBatch:0' (13 tests)...
[14:38:55] [Server thread/INFO] [minecraft/GameTestServer]: [++++++++++++++++++++++++++++++++++++++++++++++++++++++++++++++++++++++++++++++++++++++++++++++++++++++++++++++++++++++++++++++++++++++++++++++++++++++++++                                 ]
[14:38:55] [Server thread/INFO] [minecraft/GameTestServer]: [++++++++++++++++++++++++++++++++++++++++++++++++++++++++++++++++++++++++++++++++++++++++++++++++++++++++++++++++++++++++++++++++++++++++++++++++++++++++++++__+_                           ]
[14:38:55] [Server thread/INFO] [minecraft/GameTestServer]: [++++++++++++++++++++++++++++++++++++++++++++++++++++++++++++++++++++++++++++++++++++++++++++++++++++++++++++++++++++++++++++++++++++++++++++++++++++++++++++__+_  _+                       ]
[14:38:55] [Server thread/INFO] [minecraft/GameTestServer]: [++++++++++++++++++++++++++++++++++++++++++++++++++++++++++++++++++++++++++++++++++++++++++++++++++++++++++++++++++++++++++++++++++++++++++++++++++++++++++++__+++__+_+_                    ]
[14:38:55] [Server thread/INFO] [minecraft/GameTestServer]: [++++++++++++++++++++++++++++++++++++++++++++++++++++++++++++++++++++++++++++++++++++++++++++++++++++++++++++++++++++++++++++++++++++++++++++++++++++++++++++_++++__+_+_                    ]
[14:38:55] [Server thread/INFO] [minecraft/GameTestServer]: [++++++++++++++++++++++++++++++++++++++++++++++++++++++++++++++++++++++++++++++++++++++++++++++++++++++++++++++++++++++++++++++++++++++++++++++++++++++++++++_+++++_+_+_                    ]
[14:38:55] [Server thread/INFO] [minecraft/GameTestServer]: [++++++++++++++++++++++++++++++++++++++++++++++++++++++++++++++++++++++++++++++++++++++++++++++++++++++++++++++++++++++++++++++++++++++++++++++++++++++++++++_++++++++++                    ]
[14:38:55] [Server thread/INFO] [minecraft/GameTestServer]: [++++++++++++++++++++++++++++++++++++++++++++++++++++++++++++++++++++++++++++++++++++++++++++++++++++++++++++++++++++++++++++++++++++++++++++++++++++++++++++_++++++++++                    ]
[14:38:55] [Server thread/INFO] [minecraft/GameTestServer]: [++++++++++++++++++++++++++++++++++++++++++++++++++++++++++++++++++++++++++++++++++++++++++++++++++++++++++++++++++++++++++++++++++++++++++++++++++++++++++++_++++++++++                    ]
[14:38:55] [Server thread/INFO] [minecraft/GameTestServer]: [++++++++++++++++++++++++++++++++++++++++++++++++++++++++++++++++++++++++++++++++++++++++++++++++++++++++++++++++++++++++++++++++++++++++++++++++++++++++++++_++++++++++                    ]
[14:38:55] [Server thread/INFO] [minecraft/GameTestServer]: [++++++++++++++++++++++++++++++++++++++++++++++++++++++++++++++++++++++++++++++++++++++++++++++++++++++++++++++++++++++++++++++++++++++++++++++++++++++++++++_++++++++++                    ]
[14:38:55] [Server thread/INFO] [minecraft/GameTestServer]: [++++++++++++++++++++++++++++++++++++++++++++++++++++++++++++++++++++++++++++++++++++++++++++++++++++++++++++++++++++++++++++++++++++++++++++++++++++++++++++_++++++++++                    ]
[14:38:55] [Server thread/INFO] [minecraft/GameTestRunner]: Running test batch 'apparatus_placement:0' (1 tests)...
[14:38:56] [Server thread/INFO] [minecraft/GameTestServer]: [+++++++++++++++++++++++++++++++++++++++++++++++++++++++++++++++++++++++++++++++++++++++++++++++++++++++++++++++++++++++++++++++++++++++++++++++++++++++++++++++++++++++                    ]
[14:38:56] [Server thread/INFO] [minecraft/GameTestRunner]: Running test batch 'formation_unload:0' (1 tests)...
[14:38:56] [Server thread/INFO] [minecraft/GameTestServer]: [++++++++++++++++++++++++++++++++++++++++++++++++++++++++++++++++++++++++++++++++++++++++++++++++++++++++++++++++++++++++++++++++++++++++++++++++++++++++++++++++++++++++                   ]
[14:38:56] [Server thread/INFO] [minecraft/GameTestServer]: [++++++++++++++++++++++++++++++++++++++++++++++++++++++++++++++++++++++++++++++++++++++++++++++++++++++++++++++++++++++++++++++++++++++++++++++++++++++++++++++++++++++++_                  ]
[14:38:56] [Server thread/INFO] [minecraft/GameTestServer]: [++++++++++++++++++++++++++++++++++++++++++++++++++++++++++++++++++++++++++++++++++++++++++++++++++++++++++++++++++++++++++++++++++++++++++++++++++++++++++++++++++++++++_                  ]
[14:38:56] [Server thread/INFO] [minecraft/GameTestServer]: [++++++++++++++++++++++++++++++++++++++++++++++++++++++++++++++++++++++++++++++++++++++++++++++++++++++++++++++++++++++++++++++++++++++++++++++++++++++++++++++++++++++++_                  ]
[14:38:56] [Server thread/INFO] [minecraft/GameTestServer]: [++++++++++++++++++++++++++++++++++++++++++++++++++++++++++++++++++++++++++++++++++++++++++++++++++++++++++++++++++++++++++++++++++++++++++++++++++++++++++++++++++++++++_                  ]
[14:38:56] [Server thread/INFO] [minecraft/GameTestRunner]: Running test batch 'scroll_cost:0' (1 tests)...
[14:38:56] [Server thread/INFO] [minecraft/GameTestServer]: [+++++++++++++++++++++++++++++++++++++++++++++++++++++++++++++++++++++++++++++++++++++++++++++++++++++++++++++++++++++++++++++++++++++++++++++++++++++++++++++++++++++++++                  ]
[14:38:56] [Server thread/INFO] [minecraft/GameTestServer]: [+++++++++++++++++++++++++++++++++++++++++++++++++++++++++++++++++++++++++++++++++++++++++++++++++++++++++++++++++++++++++++++++++++++++++++++++++++++++++++++++++++++++++                  ]
[14:38:56] [Server thread/INFO] [minecraft/GameTestServer]: [+++++++++++++++++++++++++++++++++++++++++++++++++++++++++++++++++++++++++++++++++++++++++++++++++++++++++++++++++++++++++++++++++++++++++++++++++++++++++++++++++++++++++                  ]
[14:38:56] [Server thread/INFO] [minecraft/GameTestServer]: [+++++++++++++++++++++++++++++++++++++++++++++++++++++++++++++++++++++++++++++++++++++++++++++++++++++++++++++++++++++++++++++++++++++++++++++++++++++++++++++++++++++++++                  ]
[14:38:56] [Server thread/INFO] [minecraft/GameTestServer]: [+++++++++++++++++++++++++++++++++++++++++++++++++++++++++++++++++++++++++++++++++++++++++++++++++++++++++++++++++++++++++++++++++++++++++++++++++++++++++++++++++++++++++_                 ]
[14:38:56] [Server thread/INFO] [minecraft/GameTestServer]: [+++++++++++++++++++++++++++++++++++++++++++++++++++++++++++++++++++++++++++++++++++++++++++++++++++++++++++++++++++++++++++++++++++++++++++++++++++++++++++++++++++++++++_                 ]
[14:38:56] [Server thread/INFO] [minecraft/GameTestServer]: [+++++++++++++++++++++++++++++++++++++++++++++++++++++++++++++++++++++++++++++++++++++++++++++++++++++++++++++++++++++++++++++++++++++++++++++++++++++++++++++++++++++++++_                 ]
[14:38:56] [Server thread/INFO] [minecraft/GameTestRunner]: Running test batch 'nearby_travel:0' (2 tests)...
[14:38:56] [Server thread/INFO] [minecraft/GameTestServer]: [++++++++++++++++++++++++++++++++++++++++++++++++++++++++++++++++++++++++++++++++++++++++++++++++++++++++++++++++++++++++++++++++++++++++++++++++++++++++++++++++++++++++++                 ]
[14:38:56] [Server thread/INFO] [minecraft/GameTestServer]: [++++++++++++++++++++++++++++++++++++++++++++++++++++++++++++++++++++++++++++++++++++++++++++++++++++++++++++++++++++++++++++++++++++++++++++++++++++++++++++++++++++++++++                 ]
[14:38:56] [Server thread/INFO] [minecraft/GameTestServer]: [++++++++++++++++++++++++++++++++++++++++++++++++++++++++++++++++++++++++++++++++++++++++++++++++++++++++++++++++++++++++++++++++++++++++++++++++++++++++++++++++++++++++++                 ]
[14:38:56] [Server thread/INFO] [minecraft/GameTestRunner]: Running test batch 'ritual_containers:0' (1 tests)...
[14:38:56] [Server thread/INFO] [minecraft/GameTestServer]: [++++++++++++++++++++++++++++++++++++++++++++++++++++++++++++++++++++++++++++++++++++++++++++++++++++++++++++++++++++++++++++++++++++++++++++++++++++++++++++++++++++++++++++               ]
[14:38:56] [Server thread/INFO] [minecraft/GameTestServer]: [++++++++++++++++++++++++++++++++++++++++++++++++++++++++++++++++++++++++++++++++++++++++++++++++++++++++++++++++++++++++++++++++++++++++++++++++++++++++++++++++++++++++++++               ]
[14:38:56] [Server thread/INFO] [minecraft/GameTestServer]: [++++++++++++++++++++++++++++++++++++++++++++++++++++++++++++++++++++++++++++++++++++++++++++++++++++++++++++++++++++++++++++++++++++++++++++++++++++++++++++++++++++++++++++_              ]
[14:38:56] [Server thread/INFO] [minecraft/GameTestServer]: [++++++++++++++++++++++++++++++++++++++++++++++++++++++++++++++++++++++++++++++++++++++++++++++++++++++++++++++++++++++++++++++++++++++++++++++++++++++++++++++++++++++++++++_              ]
[14:38:56] [Server thread/INFO] [minecraft/GameTestServer]: [++++++++++++++++++++++++++++++++++++++++++++++++++++++++++++++++++++++++++++++++++++++++++++++++++++++++++++++++++++++++++++++++++++++++++++++++++++++++++++++++++++++++++++_              ]
[14:38:56] [Server thread/INFO] [minecraft/GameTestRunner]: Running test batch 'ritual_safe:0' (1 tests)...
[14:38:56] [Server thread/INFO] [minecraft/GameTestServer]: [+++++++++++++++++++++++++++++++++++++++++++++++++++++++++++++++++++++++++++++++++++++++++++++++++++++++++++++++++++++++++++++++++++++++++++++++++++++++++++++++++++++++++++++              ]
[14:38:56] [Server thread/INFO] [minecraft/GameTestServer]: [+++++++++++++++++++++++++++++++++++++++++++++++++++++++++++++++++++++++++++++++++++++++++++++++++++++++++++++++++++++++++++++++++++++++++++++++++++++++++++++++++++++++++++++              ]
[14:38:56] [Server thread/INFO] [minecraft/GameTestRunner]: Running test batch 'formation_water:0' (1 tests)...
[14:38:56] [Server thread/INFO] [minecraft/GameTestServer]: [++++++++++++++++++++++++++++++++++++++++++++++++++++++++++++++++++++++++++++++++++++++++++++++++++++++++++++++++++++++++++++++++++++++++++++++++++++++++++++++++++++++++++++++             ]
[14:38:57] [Server thread/INFO] [minecraft/GameTestServer]: [++++++++++++++++++++++++++++++++++++++++++++++++++++++++++++++++++++++++++++++++++++++++++++++++++++++++++++++++++++++++++++++++++++++++++++++++++++++++++++++++++++++++++++++             ]
[14:38:57] [Server thread/INFO] [minecraft/GameTestServer]: [++++++++++++++++++++++++++++++++++++++++++++++++++++++++++++++++++++++++++++++++++++++++++++++++++++++++++++++++++++++++++++++++++++++++++++++++++++++++++++++++++++++++++++++_            ]
[14:38:57] [Server thread/INFO] [minecraft/GameTestServer]: [++++++++++++++++++++++++++++++++++++++++++++++++++++++++++++++++++++++++++++++++++++++++++++++++++++++++++++++++++++++++++++++++++++++++++++++++++++++++++++++++++++++++++++++_            ]
[14:38:57] [Server thread/INFO] [minecraft/GameTestServer]: [++++++++++++++++++++++++++++++++++++++++++++++++++++++++++++++++++++++++++++++++++++++++++++++++++++++++++++++++++++++++++++++++++++++++++++++++++++++++++++++++++++++++++++++_            ]
[14:38:57] [Server thread/INFO] [minecraft/GameTestServer]: [++++++++++++++++++++++++++++++++++++++++++++++++++++++++++++++++++++++++++++++++++++++++++++++++++++++++++++++++++++++++++++++++++++++++++++++++++++++++++++++++++++++++++++++_            ]
[14:38:57] [Server thread/INFO] [minecraft/GameTestServer]: [++++++++++++++++++++++++++++++++++++++++++++++++++++++++++++++++++++++++++++++++++++++++++++++++++++++++++++++++++++++++++++++++++++++++++++++++++++++++++++++++++++++++++++++_            ]
[14:38:57] [Server thread/INFO] [minecraft/GameTestServer]: [++++++++++++++++++++++++++++++++++++++++++++++++++++++++++++++++++++++++++++++++++++++++++++++++++++++++++++++++++++++++++++++++++++++++++++++++++++++++++++++++++++++++++++++_            ]
[14:38:57] [Server thread/INFO] [minecraft/GameTestServer]: [++++++++++++++++++++++++++++++++++++++++++++++++++++++++++++++++++++++++++++++++++++++++++++++++++++++++++++++++++++++++++++++++++++++++++++++++++++++++++++++++++++++++++++++_            ]
[14:38:57] [Server thread/INFO] [minecraft/GameTestServer]: [++++++++++++++++++++++++++++++++++++++++++++++++++++++++++++++++++++++++++++++++++++++++++++++++++++++++++++++++++++++++++++++++++++++++++++++++++++++++++++++++++++++++++++++_            ]
[14:38:57] [Server thread/INFO] [minecraft/GameTestServer]: [++++++++++++++++++++++++++++++++++++++++++++++++++++++++++++++++++++++++++++++++++++++++++++++++++++++++++++++++++++++++++++++++++++++++++++++++++++++++++++++++++++++++++++++_            ]
[14:38:57] [Server thread/INFO] [minecraft/GameTestServer]: [++++++++++++++++++++++++++++++++++++++++++++++++++++++++++++++++++++++++++++++++++++++++++++++++++++++++++++++++++++++++++++++++++++++++++++++++++++++++++++++++++++++++++++++_            ]
[14:38:57] [Server thread/INFO] [minecraft/GameTestServer]: [++++++++++++++++++++++++++++++++++++++++++++++++++++++++++++++++++++++++++++++++++++++++++++++++++++++++++++++++++++++++++++++++++++++++++++++++++++++++++++++++++++++++++++++_            ]
[14:38:57] [Server thread/INFO] [minecraft/GameTestRunner]: Running test batch 'utility_pet_recovery:0' (1 tests)...
[14:38:57] [Server thread/INFO] [minecraft/GameTestServer]: [+++++++++++++++++++++++++++++++++++++++++++++++++++++++++++++++++++++++++++++++++++++++++++++++++++++++++++++++++++++++++++++++++++++++++++++++++++++++++++++++++++++++++++++++            ]
[14:38:57] [Server thread/INFO] [minecraft/GameTestRunner]: Running test batch 'expansion_glass:0' (1 tests)...
[14:38:57] [Server thread/INFO] [minecraft/GameTestServer]: [++++++++++++++++++++++++++++++++++++++++++++++++++++++++++++++++++++++++++++++++++++++++++++++++++++++++++++++++++++++++++++++++++++++++++++++++++++++++++++++++++++++++++++++++           ]
[14:38:57] [Server thread/INFO] [minecraft/GameTestRunner]: Running test batch 'ice_unload:0' (1 tests)...
[14:38:57] [Server thread/INFO] [minecraft/GameTestServer]: [+++++++++++++++++++++++++++++++++++++++++++++++++++++++++++++++++++++++++++++++++++++++++++++++++++++++++++++++++++++++++++++++++++++++++++++++++++++++++++++++++++++++++++++++++          ]
[14:38:57] [Server thread/INFO] [minecraft/GameTestServer]: [+++++++++++++++++++++++++++++++++++++++++++++++++++++++++++++++++++++++++++++++++++++++++++++++++++++++++++++++++++++++++++++++++++++++++++++++++++++++++++++++++++++++++++++++++_         ]
[14:38:57] [Server thread/INFO] [minecraft/GameTestServer]: [+++++++++++++++++++++++++++++++++++++++++++++++++++++++++++++++++++++++++++++++++++++++++++++++++++++++++++++++++++++++++++++++++++++++++++++++++++++++++++++++++++++++++++++++++_         ]
[14:38:57] [Server thread/INFO] [minecraft/GameTestRunner]: Running test batch 'utility_tree:0' (1 tests)...
[14:38:57] [Server thread/INFO] [minecraft/GameTestServer]: [++++++++++++++++++++++++++++++++++++++++++++++++++++++++++++++++++++++++++++++++++++++++++++++++++++++++++++++++++++++++++++++++++++++++++++++++++++++++++++++++++++++++++++++++++         ]
[14:38:57] [Server thread/INFO] [minecraft/GameTestRunner]: Running test batch 'utility_sensor:0' (1 tests)...
[14:38:57] [Server thread/INFO] [minecraft/GameTestServer]: [+++++++++++++++++++++++++++++++++++++++++++++++++++++++++++++++++++++++++++++++++++++++++++++++++++++++++++++++++++++++++++++++++++++++++++++++++++++++++++++++++++++++++++++++++++        ]
[14:38:58] [Server thread/INFO] [minecraft/GameTestServer]: [+++++++++++++++++++++++++++++++++++++++++++++++++++++++++++++++++++++++++++++++++++++++++++++++++++++++++++++++++++++++++++++++++++++++++++++++++++++++++++++++++++++++++++++++++++_       ]
[14:38:58] [Server thread/INFO] [minecraft/GameTestRunner]: Running test batch 'ritual_feedback:0' (1 tests)...
[14:38:58] [Server thread/INFO] [minecraft/GameTestServer]: [++++++++++++++++++++++++++++++++++++++++++++++++++++++++++++++++++++++++++++++++++++++++++++++++++++++++++++++++++++++++++++++++++++++++++++++++++++++++++++++++++++++++++++++++++++       ]
[14:38:58] [Server thread/INFO] [minecraft/GameTestServer]: [++++++++++++++++++++++++++++++++++++++++++++++++++++++++++++++++++++++++++++++++++++++++++++++++++++++++++++++++++++++++++++++++++++++++++++++++++++++++++++++++++++++++++++++++++++       ]
[14:38:58] [Server thread/INFO] [minecraft/GameTestServer]: [++++++++++++++++++++++++++++++++++++++++++++++++++++++++++++++++++++++++++++++++++++++++++++++++++++++++++++++++++++++++++++++++++++++++++++++++++++++++++++++++++++++++++++++++++++       ]
[14:38:58] [Server thread/INFO] [minecraft/GameTestServer]: [++++++++++++++++++++++++++++++++++++++++++++++++++++++++++++++++++++++++++++++++++++++++++++++++++++++++++++++++++++++++++++++++++++++++++++++++++++++++++++++++++++++++++++++++++++       ]
[14:38:58] [Server thread/INFO] [minecraft/GameTestServer]: [++++++++++++++++++++++++++++++++++++++++++++++++++++++++++++++++++++++++++++++++++++++++++++++++++++++++++++++++++++++++++++++++++++++++++++++++++++++++++++++++++++++++++++++++++++       ]
[14:38:58] [Server thread/INFO] [minecraft/GameTestServer]: [++++++++++++++++++++++++++++++++++++++++++++++++++++++++++++++++++++++++++++++++++++++++++++++++++++++++++++++++++++++++++++++++++++++++++++++++++++++++++++++++++++++++++++++++++++       ]
[14:38:58] [Server thread/INFO] [minecraft/GameTestServer]: [++++++++++++++++++++++++++++++++++++++++++++++++++++++++++++++++++++++++++++++++++++++++++++++++++++++++++++++++++++++++++++++++++++++++++++++++++++++++++++++++++++++++++++++++++++       ]
[14:38:58] [Server thread/INFO] [minecraft/GameTestRunner]: Running test batch 'utility_share:0' (1 tests)...
[14:38:58] [Server thread/INFO] [minecraft/GameTestServer]: [+++++++++++++++++++++++++++++++++++++++++++++++++++++++++++++++++++++++++++++++++++++++++++++++++++++++++++++++++++++++++++++++++++++++++++++++++++++++++++++++++++++++++++++++++++++      ]
[14:38:58] [Server thread/INFO] [minecraft/GameTestRunner]: Running test batch 'leyline_range:0' (1 tests)...
[14:38:58] [Server thread/INFO] [minecraft/GameTestServer]: [++++++++++++++++++++++++++++++++++++++++++++++++++++++++++++++++++++++++++++++++++++++++++++++++++++++++++++++++++++++++++++++++++++++++++++++++++++++++++++++++++++++++++++++++++++++     ]
[14:38:58] [Server thread/INFO] [minecraft/GameTestRunner]: Running test batch 'ice_obstacle:0' (1 tests)...
[14:38:58] [Server thread/INFO] [minecraft/GameTestServer]: [+++++++++++++++++++++++++++++++++++++++++++++++++++++++++++++++++++++++++++++++++++++++++++++++++++++++++++++++++++++++++++++++++++++++++++++++++++++++++++++++++++++++++++++++++++++++    ]
[14:38:58] [Server thread/INFO] [minecraft/GameTestRunner]: Running test batch 'pathfinder_retaliation:0' (1 tests)...
[14:38:58] [Server thread/INFO] [minecraft/GameTestServer]: [++++++++++++++++++++++++++++++++++++++++++++++++++++++++++++++++++++++++++++++++++++++++++++++++++++++++++++++++++++++++++++++++++++++++++++++++++++++++++++++++++++++++++++++++++++++++   ]
[14:38:58] [Server thread/INFO] [minecraft/GameTestServer]: [++++++++++++++++++++++++++++++++++++++++++++++++++++++++++++++++++++++++++++++++++++++++++++++++++++++++++++++++++++++++++++++++++++++++++++++++++++++++++++++++++++++++++++++++++++++++   ]
[14:38:58] [Server thread/INFO] [minecraft/GameTestServer]: [++++++++++++++++++++++++++++++++++++++++++++++++++++++++++++++++++++++++++++++++++++++++++++++++++++++++++++++++++++++++++++++++++++++++++++++++++++++++++++++++++++++++++++++++++++++++   ]
[14:38:58] [Server thread/INFO] [minecraft/GameTestRunner]: Running test batch 'utility_boundaries:0' (1 tests)...
[14:38:58] [Server thread/INFO] [minecraft/GameTestServer]: [+++++++++++++++++++++++++++++++++++++++++++++++++++++++++++++++++++++++++++++++++++++++++++++++++++++++++++++++++++++++++++++++++++++++++++++++++++++++++++++++++++++++++++++++++++++++++  ]
[14:38:58] [Server thread/INFO] [minecraft/GameTestServer]: [+++++++++++++++++++++++++++++++++++++++++++++++++++++++++++++++++++++++++++++++++++++++++++++++++++++++++++++++++++++++++++++++++++++++++++++++++++++++++++++++++++++++++++++++++++++++++_ ]
[14:38:58] [Server thread/INFO] [minecraft/GameTestRunner]: Running test batch 'expansion_invisibility:0' (1 tests)...
[14:38:58] [Server thread/INFO] [minecraft/GameTestServer]: [++++++++++++++++++++++++++++++++++++++++++++++++++++++++++++++++++++++++++++++++++++++++++++++++++++++++++++++++++++++++++++++++++++++++++++++++++++++++++++++++++++++++++++++++++++++++++ ]
[14:38:58] [Server thread/INFO] [minecraft/GameTestServer]: [+++++++++++++++++++++++++++++++++++++++++++++++++++++++++++++++++++++++++++++++++++++++++++++++++++++++++++++++++++++++++++++++++++++++++++++++++++++++++++++++++++++++++++++++++++++++++++]
[14:38:58] [Server thread/INFO] [minecraft/GameTestServer]: ========= 187 GAME TESTS COMPLETE IN 1.190 min ======================
[14:38:58] [Server thread/INFO] [minecraft/GameTestServer]: All 187 required tests passed :)
[14:38:58] [Server thread/INFO] [minecraft/GameTestServer]: ====================================================
[14:38:58] [Server thread/INFO] [minecraft/MinecraftServer]: Stopping server
[14:38:58] [Server thread/INFO] [minecraft/MinecraftServer]: Saving players
[14:38:58] [Server thread/INFO] [minecraft/MinecraftServer]: Saving worlds
[14:39:01] [Server thread/INFO] [minecraft/MinecraftServer]: Saving chunks for level 'ServerLevel[Test Level]'/minecraft:overworld
[14:39:01] [Server thread/INFO] [minecraft/MinecraftServer]: Saving chunks for level 'ServerLevel[Test Level]'/minecraft:the_nether
[14:39:01] [Server thread/INFO] [minecraft/MinecraftServer]: Saving chunks for level 'ServerLevel[Test Level]'/minecraft:the_end
[14:39:01] [Server thread/DEBUG] [ne.ne.ne.co.CommonHooks/WP]: Gathered mod list to write to world save Test Level
[14:39:01] [Server thread/INFO] [minecraft/MinecraftServer]: ThreadedAnvilChunkStorage (world): All chunks are saved
[14:39:01] [Server thread/INFO] [minecraft/MinecraftServer]: ThreadedAnvilChunkStorage (DIM-1): All chunks are saved
[14:39:01] [Server thread/INFO] [minecraft/MinecraftServer]: ThreadedAnvilChunkStorage (DIM1): All chunks are saved
[14:39:01] [Server thread/INFO] [minecraft/MinecraftServer]: ThreadedAnvilChunkStorage: All dimensions are saved
[14:39:02] [Server thread/DEBUG] [ne.ne.fm.co.ConfigTracker/CONFIG]: Unloading configs type SERVER
[14:39:02] [Server thread/INFO] [minecraft/GameTestServer]: Game test server shutting down

BUILD SUCCESSFUL in 3m 22s
20 actionable tasks: 7 executed, 13 up-to-date
Configuration cache entry stored.
