WARNING: A restricted method in java.lang.System has been called
WARNING: java.lang.System::load has been called by net.rubygrapefruit.platform.internal.NativeLibraryLoader in an unnamed module (file:/Users/quzzar/.gradle/wrapper/dists/gradle-8.9-bin/90cnw93cvbtalezasaz0blq0a/gradle-8.9/lib/native-platform-0.22-milestone-26.jar)
WARNING: Use --enable-native-access=ALL-UNNAMED to avoid a warning for callers in this module
WARNING: Restricted methods will be blocked in a future release unless native access is enabled

Starting a Gradle Daemon, 2 busy and 1 stopped Daemons could not be reused, use --status for details
Daemon JVM discovery is an incubating feature.
Reusing configuration cache.
> Task :jarJar NO-SOURCE
> Task :generateModMetadata UP-TO-DATE
> Task :createArtifactManifest UP-TO-DATE
> Task :processTestResources UP-TO-DATE
> Task :verifyKithkynCompatibility
> Task :prepareEffectsCapture
> Task :downloadAssets UP-TO-DATE
> Task :createMinecraftArtifacts UP-TO-DATE
> Task :buildKithkyn UP-TO-DATE
> Task :writeEffectsCaptureLegacyClasspath UP-TO-DATE
> Task :writeNeoForgeTestClasspath UP-TO-DATE
> Task :prepareEffectsCaptureRun UP-TO-DATE
> Task :compileJava FROM-CACHE
> Task :prepareNeoForgeTestFiles UP-TO-DATE
> Task :sourcesJar
> Task :processResources
> Task :classes
> Task :jar

> Task :runEffectsCapture
WARN StatusConsoleListener Advanced terminal features are not available in this environment
[00:29:06] [main/INFO] [cp.mo.mo.Launcher/MODLAUNCHER]: ModLauncher running: args [--launchTarget, forgeclientuserdev, --version, 21.1.72, --assetIndex, 17, --assetsDir, /Users/quzzar/.gradle/caches/neoformruntime/assets, --gameDir, ., --fml.neoForgeVersion, 21.1.72, --fml.fmlVersion, 4.0.29, --fml.mcVersion, 1.21.1, --fml.neoFormVersion, 20240808.144430, --width, 960, --height, 540]
[00:29:06] [main/INFO] [cp.mo.mo.Launcher/MODLAUNCHER]: JVM identified as Eclipse Adoptium OpenJDK 64-Bit Server VM 21.0.12.1+1-LTS
[00:29:06] [main/INFO] [cp.mo.mo.Launcher/MODLAUNCHER]: ModLauncher 11.0.4+main.d2e20e43 starting: java version 21.0.12.1 by Eclipse Adoptium; OS Mac OS X arch aarch64 version 27.0
[00:29:06] [main/DEBUG] [cp.mo.mo.LaunchServiceHandler/MODLAUNCHER]: Found launch services [minecraft,forgeclient,forgedatauserdev,testharness,forgeserverdev,forgeserveruserdev,forgejunitdev,forgeclientdev,forgeclientuserdev,forgeserver,forgejunituserdev,forgedatadev]
[00:29:06] [main/DEBUG] [cp.mo.mo.LaunchPluginHandler/MODLAUNCHER]: Found launch plugins: [mixin,slf4jfixer,runtime_enum_extender,accesstransformer,runtimedistcleaner]
[00:29:06] [main/DEBUG] [cp.mo.mo.TransformationServicesHandler/MODLAUNCHER]: Discovering transformation services
[00:29:06] [main/DEBUG] [ne.ne.fm.lo.FMLPaths/CORE]: Path GAMEDIR is /Users/quzzar/Projects/vestige/run/robes-hanging-2026-10-08
[00:29:07] [main/DEBUG] [ne.ne.fm.lo.FMLPaths/CORE]: Path MODSDIR is /Users/quzzar/Projects/vestige/run/robes-hanging-2026-10-08/mods
[00:29:07] [main/DEBUG] [ne.ne.fm.lo.FMLPaths/CORE]: Path CONFIGDIR is /Users/quzzar/Projects/vestige/run/robes-hanging-2026-10-08/config
[00:29:07] [main/DEBUG] [ne.ne.fm.lo.FMLPaths/CORE]: Path FMLCONFIG is /Users/quzzar/Projects/vestige/run/robes-hanging-2026-10-08/config/fml.toml
[00:29:07] [main/DEBUG] [ne.ne.fm.lo.ta.CommonLaunchHandler/CORE]: Got mod coordinates vestige%%/private/tmp/vestige-robes-hanging-build-2026-10-08/classes/java/main:vestige%%/private/tmp/vestige-robes-hanging-build-2026-10-08/resources/main from env
[00:29:07] [main/DEBUG] [ne.ne.fm.lo.ta.CommonLaunchHandler/CORE]: Found supplied mod coordinates [{vestige=[/private/tmp/vestige-robes-hanging-build-2026-10-08/classes/java/main, /private/tmp/vestige-robes-hanging-build-2026-10-08/resources/main]}]
[00:29:07] [main/DEBUG] [cp.mo.mo.TransformationServicesHandler/MODLAUNCHER]: Found additional transformation services from discovery services: 
[00:29:07] [main/INFO] [ne.ne.fm.lo.ImmediateWindowHandler/]: Loading ImmediateWindowProvider fmlearlywindow
[00:29:09] [main/ERROR] [EARLYDISPLAY/]: WARNING : glfwInit took 1.472498 seconds to start.
[00:29:09] [main/INFO] [EARLYDISPLAY/]: Trying GL version 4.6
[00:29:09] [main/INFO] [EARLYDISPLAY/]: Trying GL version 4.5
[00:29:09] [main/INFO] [EARLYDISPLAY/]: Trying GL version 4.4
[00:29:09] [main/INFO] [EARLYDISPLAY/]: Trying GL version 4.3
[00:29:09] [main/INFO] [EARLYDISPLAY/]: Trying GL version 4.2
[00:29:09] [main/INFO] [EARLYDISPLAY/]: Trying GL version 4.1
[00:29:09] [main/INFO] [EARLYDISPLAY/]: Requested GL version 4.1 got version 4.1
[00:29:09] [main/DEBUG] [EARLYDISPLAY/]: Suppressing GLFW icon error: [0x1000C]Cocoa: Regular windows do not have icons on macOS
[00:29:10] [main/DEBUG] [cp.mo.mo.TransformationServicesHandler/MODLAUNCHER]: Found transformer services : [mixin,fml]
[00:29:10] [main/DEBUG] [cp.mo.mo.TransformationServicesHandler/MODLAUNCHER]: Transformation services loading
[00:29:10] [main/DEBUG] [cp.mo.mo.TransformationServiceDecorator/MODLAUNCHER]: Loading service mixin
[00:29:10] [main/DEBUG] [cp.mo.mo.TransformationServiceDecorator/MODLAUNCHER]: Loaded service mixin
[00:29:10] [main/DEBUG] [cp.mo.mo.TransformationServiceDecorator/MODLAUNCHER]: Loading service fml
[00:29:10] [main/DEBUG] [ne.ne.fm.lo.FMLLoader/CORE]: FML 4.0.29 loading
[00:29:10] [main/DEBUG] [ne.ne.fm.lo.FMLLoader/CORE]: FML found ModLauncher version : 11.0.4+main.d2e20e43
[00:29:10] [main/DEBUG] [ne.ne.fm.lo.FMLLoader/CORE]: FML found AccessTransformer version : 10.0.1+139da711
[00:29:10] [main/DEBUG] [ne.ne.fm.lo.FMLLoader/CORE]: FML found EventBus version : null
[00:29:10] [main/DEBUG] [ne.ne.fm.lo.FMLLoader/CORE]: Found Runtime Dist Cleaner
[00:29:10] [main/DEBUG] [cp.mo.mo.TransformationServiceDecorator/MODLAUNCHER]: Loaded service fml
[00:29:10] [main/DEBUG] [cp.mo.mo.TransformationServicesHandler/MODLAUNCHER]: Configuring option handling for services
[00:29:10] [main/DEBUG] [ne.ne.fm.lo.FMLServiceProvider/CORE]: Received command line version data  : VersionInfo[neoForgeVersion=21.1.72, fmlVersion=4.0.29, mcVersion=1.21.1, neoFormVersion=20240808.144430]
[00:29:10] [main/DEBUG] [cp.mo.mo.TransformationServicesHandler/MODLAUNCHER]: Transformation services initializing
[00:29:10] [main/DEBUG] [cp.mo.mo.TransformationServiceDecorator/MODLAUNCHER]: Initializing transformation service mixin
[00:29:10] [main/DEBUG] [mixin/]: MixinService [ModLauncher] was successfully booted in cpw.mods.cl.ModuleClassLoader@462d5aee
[00:29:10] [main/INFO] [mixin/]: SpongePowered MIXIN Subsystem Version=0.8.7 Source=union:/Users/quzzar/.gradle/caches/modules-2/files-2.1/net.fabricmc/sponge-mixin/0.15.2+mixin.0.8.7/2af2f021d8e02a0220dc27a7a72b4666d66d44ca/sponge-mixin-0.15.2+mixin.0.8.7.jar%23125!/ Service=ModLauncher Env=CLIENT
[00:29:10] [main/DEBUG] [mixin/]: Initialising Mixin Platform Manager
[00:29:10] [main/DEBUG] [mixin/]: Adding mixin platform agents for container ModLauncher Root Container(ModLauncher:4f56a0a2)
[00:29:10] [main/DEBUG] [mixin/]: Instancing new MixinPlatformAgentMinecraftForge for ModLauncher Root Container(ModLauncher:4f56a0a2)
[00:29:10] [main/DEBUG] [mixin/]: MixinPlatformAgentMinecraftForge rejected container ModLauncher Root Container(ModLauncher:4f56a0a2)
[00:29:10] [main/DEBUG] [mixin/]: Instancing new MixinPlatformAgentDefault for ModLauncher Root Container(ModLauncher:4f56a0a2)
[00:29:10] [main/DEBUG] [mixin/]: MixinPlatformAgentDefault accepted container ModLauncher Root Container(ModLauncher:4f56a0a2)
[00:29:10] [main/DEBUG] [cp.mo.mo.TransformationServiceDecorator/MODLAUNCHER]: Initialized transformation service mixin
[00:29:10] [main/DEBUG] [cp.mo.mo.TransformationServiceDecorator/MODLAUNCHER]: Initializing transformation service fml
[00:29:10] [main/DEBUG] [ne.ne.fm.lo.FMLServiceProvider/CORE]: Setting up basic FML game directories
[00:29:10] [main/DEBUG] [ne.ne.fm.lo.FMLPaths/CORE]: Path GAMEDIR is /Users/quzzar/Projects/vestige/run/robes-hanging-2026-10-08
[00:29:10] [main/DEBUG] [ne.ne.fm.lo.FMLPaths/CORE]: Path MODSDIR is /Users/quzzar/Projects/vestige/run/robes-hanging-2026-10-08/mods
[00:29:10] [main/DEBUG] [ne.ne.fm.lo.FMLPaths/CORE]: Path CONFIGDIR is /Users/quzzar/Projects/vestige/run/robes-hanging-2026-10-08/config
[00:29:10] [main/DEBUG] [ne.ne.fm.lo.FMLPaths/CORE]: Path FMLCONFIG is /Users/quzzar/Projects/vestige/run/robes-hanging-2026-10-08/config/fml.toml
[00:29:10] [main/DEBUG] [ne.ne.fm.lo.FMLServiceProvider/CORE]: Loading configuration
[00:29:10] [main/DEBUG] [ne.ne.fm.lo.FMLServiceProvider/CORE]: Preparing launch handler
[00:29:10] [main/DEBUG] [ne.ne.fm.lo.FMLLoader/CORE]: Using forgeclientuserdev as launch service
[00:29:10] [main/DEBUG] [cp.mo.mo.TransformationServiceDecorator/MODLAUNCHER]: Initialized transformation service fml
[00:29:10] [main/DEBUG] [cp.mo.mo.TransformationServicesHandler/MODLAUNCHER]: Transformation services begin scanning
[00:29:10] [main/DEBUG] [cp.mo.mo.TransformationServiceDecorator/MODLAUNCHER]: Beginning scan trigger - transformation service mixin
[00:29:10] [main/DEBUG] [cp.mo.mo.TransformationServiceDecorator/MODLAUNCHER]: End scan trigger - transformation service mixin
[00:29:10] [main/DEBUG] [cp.mo.mo.TransformationServiceDecorator/MODLAUNCHER]: Beginning scan trigger - transformation service fml
[00:29:10] [main/DEBUG] [ne.ne.fm.lo.FMLServiceProvider/CORE]: Initiating mod scan
[00:29:10] [main/DEBUG] [ne.ne.fm.lo.ta.CommonLaunchHandler/CORE]: Got mod coordinates vestige%%/private/tmp/vestige-robes-hanging-build-2026-10-08/classes/java/main:vestige%%/private/tmp/vestige-robes-hanging-build-2026-10-08/resources/main from env
[00:29:10] [main/DEBUG] [ne.ne.fm.lo.ta.CommonLaunchHandler/CORE]: Found supplied mod coordinates [{vestige=[/private/tmp/vestige-robes-hanging-build-2026-10-08/classes/java/main, /private/tmp/vestige-robes-hanging-build-2026-10-08/resources/main]}]
[00:29:10] [main/DEBUG] [ne.ne.fm.ut.ServiceLoaderUtil/CORE]: Found 4 implementations of IModFileCandidateLocator:
[00:29:10] [main/DEBUG] [ne.ne.fm.ut.ServiceLoaderUtil/CORE]: 	       0 - [built-in] net.neoforged.fml.loading.moddiscovery.locators.NeoForgeDevProvider from loader-4.0.29.jar
[00:29:10] [main/DEBUG] [ne.ne.fm.ut.ServiceLoaderUtil/CORE]: 	       0 - net.neoforged.fml.loading.moddiscovery.locators.ModsFolderLocator from loader-4.0.29.jar
[00:29:10] [main/DEBUG] [ne.ne.fm.ut.ServiceLoaderUtil/CORE]: 	       0 - net.neoforged.fml.loading.moddiscovery.locators.MavenDirectoryLocator from loader-4.0.29.jar
[00:29:10] [main/DEBUG] [ne.ne.fm.ut.ServiceLoaderUtil/CORE]: 	   -1000 - [built-in] net.neoforged.fml.loading.moddiscovery.locators.UserdevLocator from loader-4.0.29.jar
[00:29:10] [main/DEBUG] [ne.ne.fm.ut.ServiceLoaderUtil/CORE]: Found 2 implementations of IModFileReader:
[00:29:10] [main/DEBUG] [ne.ne.fm.ut.ServiceLoaderUtil/CORE]: 	       0 - net.neoforged.fml.loading.moddiscovery.readers.JarModsDotTomlModFileReader from loader-4.0.29.jar
[00:29:10] [main/DEBUG] [ne.ne.fm.ut.ServiceLoaderUtil/CORE]: 	   -1000 - net.neoforged.fml.loading.moddiscovery.readers.NestedLibraryModReader from loader-4.0.29.jar
[00:29:10] [main/DEBUG] [ne.ne.fm.ut.ServiceLoaderUtil/CORE]: Found 1 implementations of IDependencyLocator:
[00:29:10] [main/DEBUG] [ne.ne.fm.ut.ServiceLoaderUtil/CORE]: 	       0 - net.neoforged.fml.loading.moddiscovery.locators.JarInJarDependencyLocator from loader-4.0.29.jar
[00:29:11] [main/DEBUG] [ne.ne.fm.lo.mo.ModFileInfo/LOADING]: Found valid mod file neoforge-21.1.72-minecraft.jar with {minecraft} mods - versions {1.21.1}
[00:29:11] [main/DEBUG] [ne.ne.fm.lo.mo.ModFileParser/LOADING]: Considering mod file candidate /private/tmp/vestige-robes-hanging-build-2026-10-08/moddev/artifacts/neoforge-21.1.72-minecraft.jar
[00:29:11] [main/DEBUG] [ne.ne.fm.lo.mo.ModFileInfo/LOADING]: Found valid mod file neoforge-21.1.72-minecraft.jar with {neoforge} mods - versions {21.1.72}
[00:29:11] [main/DEBUG] [ne.ne.fm.lo.mo.ModListHandler/CORE]: Found mod coordinates from lists: []
[00:29:11] [main/DEBUG] [ne.ne.fm.lo.mo.ModFileParser/LOADING]: Considering mod file candidate /private/tmp/vestige-robes-hanging-build-2026-10-08/classes/java/main
[00:29:11] [main/DEBUG] [ne.ne.fm.lo.mo.ModFileInfo/LOADING]: Found valid mod file main with {vestige} mods - versions {0.1.0}
[00:29:11] [main/DEBUG] [ne.ne.fm.lo.mo.ModFileParser/LOADING]: Considering mod file candidate /Users/quzzar/Projects/kithkyn/build/libs/kithkyn-1.0.0.jar
[00:29:11] [main/DEBUG] [ne.ne.fm.lo.mo.ModFileInfo/LOADING]: Found valid mod file kithkyn-1.0.0.jar with {kithkyn} mods - versions {1.0.0}
[00:29:11] [main/DEBUG] [ne.ne.fm.lo.mo.ModFileParser/LOADING]: Considering mod file candidate /private/tmp/vestige-robes-hanging-build-2026-10-08/moddev/artifacts/neoforge-21.1.72-minecraft.jar
[00:29:11] [main/DEBUG] [ne.ne.fm.lo.mo.ModFileInfo/LOADING]: Found valid mod file neoforge-21.1.72-minecraft.jar with {neoforge} mods - versions {21.1.72}
[00:29:11] [main/DEBUG] [ne.ne.fm.lo.mo.ModDiscoverer/]: Skipping /Users/quzzar/.gradle/caches/modules-2/files-2.1/net.neoforged.fancymodloader/earlydisplay/4.0.29/1edc5420c37dde59a5c8b12a842f3ea22cd6139e/earlydisplay-4.0.29.jar because it was already located earlier
[00:29:11] [main/DEBUG] [ne.ne.fm.lo.mo.ModDiscoverer/]: Skipping /Users/quzzar/.gradle/caches/modules-2/files-2.1/net.neoforged.fancymodloader/loader/4.0.29/d18deaf54bafe631f281d4adb5b905308e0a271e/loader-4.0.29.jar because it was already located earlier
[00:29:11] [main/DEBUG] [ne.ne.fm.lo.mo.ModDiscoverer/]: Skipping /Users/quzzar/.gradle/caches/modules-2/files-2.1/net.neoforged/coremods/7.0.3/9147e6f638b4272b3bd5fc8f92ad37802512c6c/coremods-7.0.3.jar because it was already located earlier
[00:29:11] [main/DEBUG] [ne.ne.fm.lo.mo.ModDiscoverer/]: Skipping /Users/quzzar/.gradle/caches/modules-2/files-2.1/cpw.mods/modlauncher/11.0.4/6619d4812a3c092310d521ebc4c9503727563df7/modlauncher-11.0.4.jar because it was already located earlier
[00:29:11] [main/DEBUG] [ne.ne.fm.lo.mo.ModDiscoverer/]: Skipping /Users/quzzar/.gradle/caches/modules-2/files-2.1/net.neoforged.accesstransformers/at-modlauncher/10.0.1/5aba50202aceead086bc09fbc2751c9f05cb4890/at-modlauncher-10.0.1.jar because it was already located earlier
[00:29:11] [main/DEBUG] [ne.ne.fm.lo.mo.ModDiscoverer/]: Skipping /Users/quzzar/.gradle/caches/modules-2/files-2.1/net.neoforged/accesstransformers/10.0.1/fd83b5725f76eae9115e9355fa1c456a6a441400/accesstransformers-10.0.1.jar because it was already located earlier
[00:29:11] [main/DEBUG] [ne.ne.fm.lo.mo.ModDiscoverer/]: Skipping /Users/quzzar/.gradle/caches/modules-2/files-2.1/org.openjdk.nashorn/nashorn-core/15.4/f67f5ffaa5f5130cf6fb9b133da00c7df3b532a5/nashorn-core-15.4.jar because it was already located earlier
[00:29:11] [main/DEBUG] [ne.ne.fm.lo.mo.ModDiscoverer/]: Skipping /Users/quzzar/.gradle/caches/modules-2/files-2.1/net.neoforged/mergetool/2.0.3/1275202cbbb248f49345cf6787ce299afd9a02fb/mergetool-2.0.3-api.jar because it was already located earlier
[00:29:11] [main/DEBUG] [ne.ne.fm.lo.mo.ModDiscoverer/]: Skipping /Users/quzzar/.gradle/caches/modules-2/files-2.1/net.neoforged/bus/8.0.2/163c9ef7c4bcca6d850c34e95261b606af91fe06/bus-8.0.2.jar because it was already located earlier
[00:29:11] [main/DEBUG] [ne.ne.fm.lo.mo.ModDiscoverer/]: Skipping /Users/quzzar/.gradle/caches/modules-2/files-2.1/com.electronwill.night-config/toml/3.8.0/861dbcf2757dd6701c98b3949198549ccb5f62ff/toml-3.8.0.jar because it was already located earlier
[00:29:11] [main/DEBUG] [ne.ne.fm.lo.mo.ModDiscoverer/]: Skipping /Users/quzzar/.gradle/caches/modules-2/files-2.1/com.electronwill.night-config/core/3.8.0/2498dd2b3120dd49e963e2feab8fa5d0c5f80e0a/core-3.8.0.jar because it was already located earlier
[00:29:11] [main/DEBUG] [ne.ne.fm.lo.mo.ModDiscoverer/]: Skipping /Users/quzzar/.gradle/caches/modules-2/files-2.1/net.neoforged/JarJarSelector/0.4.1/fb3cc7a58af22ad2880adb98af6d518128c47dae/JarJarSelector-0.4.1.jar because it was already located earlier
[00:29:11] [main/DEBUG] [ne.ne.fm.lo.mo.ModDiscoverer/]: Skipping /Users/quzzar/.gradle/caches/modules-2/files-2.1/net.neoforged/JarJarMetadata/0.4.1/f8da03683dc81694556dc3e177c5e3bb77ae6fcb/JarJarMetadata-0.4.1.jar because it was already located earlier
[00:29:11] [main/DEBUG] [ne.ne.fm.lo.mo.ModDiscoverer/]: Skipping /Users/quzzar/.gradle/caches/modules-2/files-2.1/org.apache.maven/maven-artifact/3.8.5/4433f50c07debefaed0553bd0068f4f48d449313/maven-artifact-3.8.5.jar because it was already located earlier
[00:29:11] [main/DEBUG] [ne.ne.fm.lo.mo.ModDiscoverer/]: Skipping /Users/quzzar/.gradle/caches/modules-2/files-2.1/net.jodah/typetools/0.6.3/a01aaa6ddaea9ec07ec4f209487b7a46a526283a/typetools-0.6.3.jar because it was already located earlier
[00:29:11] [main/DEBUG] [ne.ne.fm.lo.mo.ModDiscoverer/]: Skipping /Users/quzzar/.gradle/caches/modules-2/files-2.1/net.minecrell/terminalconsoleappender/1.3.0/b562e9bb61235c9520e26282cdee71f8f802d1fc/terminalconsoleappender-1.3.0.jar because it was already located earlier
[00:29:11] [main/DEBUG] [ne.ne.fm.lo.mo.ModDiscoverer/]: Skipping /Users/quzzar/.gradle/caches/modules-2/files-2.1/net.fabricmc/sponge-mixin/0.15.2+mixin.0.8.7/2af2f021d8e02a0220dc27a7a72b4666d66d44ca/sponge-mixin-0.15.2+mixin.0.8.7.jar because it was already located earlier
[00:29:11] [main/DEBUG] [ne.ne.fm.lo.mo.ModDiscoverer/]: Skipping /Users/quzzar/.gradle/caches/modules-2/files-2.1/org.apache.commons/commons-lang3/3.14.0/1ed471194b02f2c6cb734a0cd6f6f107c673afae/commons-lang3-3.14.0.jar because it was already located earlier
[00:29:11] [main/DEBUG] [ne.ne.fm.lo.mo.ModDiscoverer/]: Skipping /Users/quzzar/.gradle/caches/modules-2/files-2.1/com.mojang/logging/1.2.7/24cb95ffb0e3433fd6e844c04e68009e504ca1c0/logging-1.2.7.jar because it was already located earlier
[00:29:11] [main/DEBUG] [ne.ne.fm.lo.mo.ModDiscoverer/]: Skipping /Users/quzzar/.gradle/caches/modules-2/files-2.1/org.apache.logging.log4j/log4j-slf4j2-impl/2.22.1/d7e6693c2606cb7e7335047d7bb96dec52db5665/log4j-slf4j2-impl-2.22.1.jar because it was already located earlier
[00:29:11] [main/DEBUG] [ne.ne.fm.lo.mo.ModDiscoverer/]: Skipping /Users/quzzar/.gradle/caches/modules-2/files-2.1/org.apache.logging.log4j/log4j-core/2.22.1/7183a25510a02ad00cc6a95d3b3d2a7d3c5a8dc4/log4j-core-2.22.1.jar because it was already located earlier
[00:29:11] [main/DEBUG] [ne.ne.fm.lo.mo.ModDiscoverer/]: Skipping /Users/quzzar/.gradle/caches/modules-2/files-2.1/org.apache.logging.log4j/log4j-api/2.22.1/bea6fede6328fabafd7e68363161a7ea6605abd1/log4j-api-2.22.1.jar because it was already located earlier
[00:29:11] [main/DEBUG] [ne.ne.fm.lo.mo.ModDiscoverer/]: Skipping /Users/quzzar/.gradle/caches/modules-2/files-2.1/net.sf.jopt-simple/jopt-simple/5.0.4/4fdac2fbe92dfad86aa6e9301736f6b4342a3f5c/jopt-simple-5.0.4.jar because it was already located earlier
[00:29:11] [main/DEBUG] [ne.ne.fm.lo.mo.ModDiscoverer/]: Skipping /Users/quzzar/.gradle/caches/modules-2/files-2.1/commons-io/commons-io/2.15.1/f11560da189ab563a5c8e351941415430e9304ea/commons-io-2.15.1.jar because it was already located earlier
[00:29:11] [main/DEBUG] [ne.ne.fm.lo.mo.ModDiscoverer/]: Skipping /Users/quzzar/.gradle/caches/modules-2/files-2.1/com.google.guava/guava/32.1.2-jre/5e64ec7e056456bef3a4bc4c6fdaef71e8ab6318/guava-32.1.2-jre.jar because it was already located earlier
[00:29:11] [main/DEBUG] [ne.ne.fm.lo.mo.ModDiscoverer/]: Skipping /Users/quzzar/.gradle/caches/modules-2/files-2.1/com.google.code.gson/gson/2.10.1/b3add478d4382b78ea20b1671390a858002feb6c/gson-2.10.1.jar because it was already located earlier
[00:29:11] [main/DEBUG] [ne.ne.fm.lo.mo.ModDiscoverer/]: Skipping /Users/quzzar/.gradle/caches/modules-2/files-2.1/org.slf4j/slf4j-api/2.0.9/7cf2726fdcfbc8610f9a71fb3ed639871f315340/slf4j-api-2.0.9.jar because it was already located earlier
[00:29:11] [main/DEBUG] [ne.ne.fm.lo.mo.ModDiscoverer/]: Skipping /Users/quzzar/.gradle/caches/modules-2/files-2.1/org.antlr/antlr4-runtime/4.13.1/17125bae1d965624e265ef49552f6465a2bfa307/antlr4-runtime-4.13.1.jar because it was already located earlier
[00:29:11] [main/DEBUG] [ne.ne.fm.lo.mo.ModDiscoverer/]: Skipping /Users/quzzar/.gradle/caches/modules-2/files-2.1/net.minecraftforge/srgutils/0.4.15/ca408b131759478f164e010fae0d73997e125fb5/srgutils-0.4.15.jar because it was already located earlier
[00:29:11] [main/DEBUG] [ne.ne.fm.lo.mo.ModDiscoverer/]: Skipping /Users/quzzar/.gradle/caches/modules-2/files-2.1/org.codehaus.plexus/plexus-utils/3.3.0/cf43b5391de623b36fe066a21127baef82c64022/plexus-utils-3.3.0.jar because it was already located earlier
[00:29:11] [main/DEBUG] [ne.ne.fm.lo.mo.ModDiscoverer/]: Skipping /Users/quzzar/.gradle/caches/modules-2/files-2.1/org.jline/jline-reader/3.20.0/8f15415b022a25b473e8e16c28ae913186ffb9c4/jline-reader-3.20.0.jar because it was already located earlier
[00:29:11] [main/DEBUG] [ne.ne.fm.lo.mo.ModDiscoverer/]: Skipping /Users/quzzar/.gradle/caches/modules-2/files-2.1/com.machinezoo.noexception/noexception/1.7.1/b65330c98e38a1f915fa54a6e5eca496505e3f0a/noexception-1.7.1.jar because it was already located earlier
[00:29:11] [main/DEBUG] [ne.ne.fm.lo.mo.ModDiscoverer/]: Skipping /Users/quzzar/.gradle/caches/modules-2/files-2.1/com.github.oshi/oshi-core/6.4.10/b1d8ab82d11d92fd639b56d639f8f46f739dd5fa/oshi-core-6.4.10.jar because it was already located earlier
[00:29:11] [main/DEBUG] [ne.ne.fm.lo.mo.ModDiscoverer/]: Skipping /Users/quzzar/.gradle/caches/modules-2/files-2.1/com.google.guava/failureaccess/1.0.1/1dcf1de382a0bf95a3d8b0849546c88bac1292c9/failureaccess-1.0.1.jar because it was already located earlier
[00:29:11] [main/DEBUG] [ne.ne.fm.lo.mo.ModDiscoverer/]: Skipping /Users/quzzar/.gradle/caches/modules-2/files-2.1/com.ibm.icu/icu4j/73.2/61ad4ef7f9131fcf6d25c34b817f90d6da06c9e9/icu4j-73.2.jar because it was already located earlier
[00:29:11] [main/DEBUG] [ne.ne.fm.lo.mo.ModDiscoverer/]: Skipping /Users/quzzar/.gradle/caches/modules-2/files-2.1/com.mojang/authlib/6.0.54/de8bc95660e1b2fe8793fd427a7a10dcec5b3ea7/authlib-6.0.54.jar because it was already located earlier
[00:29:11] [main/DEBUG] [ne.ne.fm.lo.mo.ModDiscoverer/]: Skipping /Users/quzzar/.gradle/caches/modules-2/files-2.1/com.mojang/blocklist/1.0.10/5c685c5ffa94c4cd39496c7184c1d122e515ecef/blocklist-1.0.10.jar because it was already located earlier
[00:29:11] [main/DEBUG] [ne.ne.fm.lo.mo.ModDiscoverer/]: Skipping /Users/quzzar/.gradle/caches/modules-2/files-2.1/com.mojang/brigadier/1.3.10/d15b53a14cf20fdcaa98f731af5dda654452c010/brigadier-1.3.10.jar because it was already located earlier
[00:29:11] [main/DEBUG] [ne.ne.fm.lo.mo.ModDiscoverer/]: Skipping /Users/quzzar/.gradle/caches/modules-2/files-2.1/com.mojang/datafixerupper/8.0.16/67d4de6d7f95d89bcf5862995fb854ebaec02a34/datafixerupper-8.0.16.jar because it was already located earlier
[00:29:11] [main/DEBUG] [ne.ne.fm.lo.mo.ModDiscoverer/]: Skipping /Users/quzzar/.gradle/caches/modules-2/files-2.1/com.mojang/patchy/2.2.10/da05971b07cbb379d002cf7eaec6a2048211fefc/patchy-2.2.10.jar because it was already located earlier
[00:29:11] [main/DEBUG] [ne.ne.fm.lo.mo.ModDiscoverer/]: Skipping /Users/quzzar/.gradle/caches/modules-2/files-2.1/com.mojang/text2speech/1.17.9/3cad216e3a7f0c19b4b394388bc9ffc446f13b14/text2speech-1.17.9.jar because it was already located earlier
[00:29:11] [main/DEBUG] [ne.ne.fm.lo.mo.ModDiscoverer/]: Skipping /Users/quzzar/.gradle/caches/modules-2/files-2.1/commons-codec/commons-codec/1.16.0/4e3eb3d79888d76b54e28b350915b5dc3919c9de/commons-codec-1.16.0.jar because it was already located earlier
[00:29:11] [main/DEBUG] [ne.ne.fm.lo.mo.ModDiscoverer/]: Skipping /Users/quzzar/.gradle/caches/modules-2/files-2.1/commons-logging/commons-logging/1.2/4bfc12adfe4842bf07b657f0369c4cb522955686/commons-logging-1.2.jar because it was already located earlier
[00:29:11] [main/DEBUG] [ne.ne.fm.lo.mo.ModDiscoverer/]: Skipping /Users/quzzar/.gradle/caches/modules-2/files-2.1/io.netty/netty-buffer/4.1.97.Final/f8f3d8644afa5e6e1a40a3a6aeb9d9aa970ecb4f/netty-buffer-4.1.97.Final.jar because it was already located earlier
[00:29:11] [main/DEBUG] [ne.ne.fm.lo.mo.ModDiscoverer/]: Skipping /Users/quzzar/.gradle/caches/modules-2/files-2.1/io.netty/netty-codec/4.1.97.Final/384ba4d75670befbedb45c4d3b497a93639c206d/netty-codec-4.1.97.Final.jar because it was already located earlier
[00:29:11] [main/DEBUG] [ne.ne.fm.lo.mo.ModDiscoverer/]: Skipping /Users/quzzar/.gradle/caches/modules-2/files-2.1/io.netty/netty-common/4.1.97.Final/7cceacaf11df8dc63f23d0fb58e9d4640fc88404/netty-common-4.1.97.Final.jar because it was already located earlier
[00:29:11] [main/DEBUG] [ne.ne.fm.lo.mo.ModDiscoverer/]: Skipping /Users/quzzar/.gradle/caches/modules-2/files-2.1/io.netty/netty-handler/4.1.97.Final/abb86c6906bf512bf2b797a41cd7d2e8d3cd7c36/netty-handler-4.1.97.Final.jar because it was already located earlier
[00:29:11] [main/DEBUG] [ne.ne.fm.lo.mo.ModDiscoverer/]: Skipping /Users/quzzar/.gradle/caches/modules-2/files-2.1/io.netty/netty-resolver/4.1.97.Final/cec8348108dc76c47cf87c669d514be52c922144/netty-resolver-4.1.97.Final.jar because it was already located earlier
[00:29:11] [main/DEBUG] [ne.ne.fm.lo.mo.ModDiscoverer/]: Skipping /Users/quzzar/.gradle/caches/modules-2/files-2.1/io.netty/netty-transport-classes-epoll/4.1.97.Final/795da37ded759e862457a82d9d92c4d39ce8ecee/netty-transport-classes-epoll-4.1.97.Final.jar because it was already located earlier
[00:29:11] [main/DEBUG] [ne.ne.fm.lo.mo.ModDiscoverer/]: Skipping /Users/quzzar/.gradle/caches/modules-2/files-2.1/io.netty/netty-transport-native-unix-common/4.1.97.Final/d469d84265ab70095b01b40886cabdd433b6e664/netty-transport-native-unix-common-4.1.97.Final.jar because it was already located earlier
[00:29:11] [main/DEBUG] [ne.ne.fm.lo.mo.ModDiscoverer/]: Skipping /Users/quzzar/.gradle/caches/modules-2/files-2.1/io.netty/netty-transport/4.1.97.Final/f37380d23c9bb079bc702910833b2fd532c9abd0/netty-transport-4.1.97.Final.jar because it was already located earlier
[00:29:11] [main/DEBUG] [ne.ne.fm.lo.mo.ModDiscoverer/]: Skipping /Users/quzzar/.gradle/caches/modules-2/files-2.1/it.unimi.dsi/fastutil/8.5.12/c24946d46824bd528054bface3231d2ecb7e95e8/fastutil-8.5.12.jar because it was already located earlier
[00:29:11] [main/DEBUG] [ne.ne.fm.lo.mo.ModDiscoverer/]: Skipping /Users/quzzar/.gradle/caches/modules-2/files-2.1/net.java.dev.jna/jna-platform/5.14.0/28934d48aed814f11e4c584da55c49fa7032b31b/jna-platform-5.14.0.jar because it was already located earlier
[00:29:11] [main/DEBUG] [ne.ne.fm.lo.mo.ModDiscoverer/]: Skipping /Users/quzzar/.gradle/caches/modules-2/files-2.1/net.java.dev.jna/jna/5.14.0/67bf3eaea4f0718cb376a181a629e5f88fa1c9dd/jna-5.14.0.jar because it was already located earlier
[00:29:11] [main/DEBUG] [ne.ne.fm.lo.mo.ModDiscoverer/]: Skipping /Users/quzzar/.gradle/caches/modules-2/files-2.1/org.apache.commons/commons-compress/1.26.0/659feffdd12280201c8aacb8f7be94f9a883c824/commons-compress-1.26.0.jar because it was already located earlier
[00:29:11] [main/DEBUG] [ne.ne.fm.lo.mo.ModDiscoverer/]: Skipping /Users/quzzar/.gradle/caches/modules-2/files-2.1/org.apache.httpcomponents/httpclient/4.5.13/e5f6cae5ca7ecaac1ec2827a9e2d65ae2869cada/httpclient-4.5.13.jar because it was already located earlier
[00:29:11] [main/DEBUG] [ne.ne.fm.lo.mo.ModDiscoverer/]: Skipping /Users/quzzar/.gradle/caches/modules-2/files-2.1/org.apache.httpcomponents/httpcore/4.4.16/51cf043c87253c9f58b539c9f7e44c8894223850/httpcore-4.4.16.jar because it was already located earlier
[00:29:11] [main/DEBUG] [ne.ne.fm.lo.mo.ModDiscoverer/]: Skipping /Users/quzzar/.gradle/caches/modules-2/files-2.1/org.jcraft/jorbis/0.0.17/8872d22b293e8f5d7d56ff92be966e6dc28ebdc6/jorbis-0.0.17.jar because it was already located earlier
[00:29:11] [main/DEBUG] [ne.ne.fm.lo.mo.ModDiscoverer/]: Skipping /Users/quzzar/.gradle/caches/modules-2/files-2.1/org.joml/joml/1.10.5/22566d58af70ad3d72308bab63b8339906deb649/joml-1.10.5.jar because it was already located earlier
[00:29:11] [main/DEBUG] [ne.ne.fm.lo.mo.ModDiscoverer/]: Skipping /Users/quzzar/.gradle/caches/modules-2/files-2.1/org.lwjgl/lwjgl-freetype/3.3.3/a0db6c84a8becc8ca05f9dbfa985edc348a824c7/lwjgl-freetype-3.3.3.jar because it was already located earlier
[00:29:11] [main/DEBUG] [ne.ne.fm.lo.mo.ModDiscoverer/]: Skipping /Users/quzzar/.gradle/caches/modules-2/files-2.1/org.lwjgl/lwjgl-freetype/3.3.3/b0a8c9baa9d1f54ac61e1ab9640c7659e7fa700c/lwjgl-freetype-3.3.3-natives-macos-arm64.jar because it was already located earlier
[00:29:11] [main/DEBUG] [ne.ne.fm.lo.mo.ModDiscoverer/]: Skipping /Users/quzzar/.gradle/caches/modules-2/files-2.1/org.lwjgl/lwjgl-freetype/3.3.3/806d869f37ce0df388a24e17aaaf5ca0894d851b/lwjgl-freetype-3.3.3-natives-macos-patch.jar because it was already located earlier
[00:29:11] [main/DEBUG] [ne.ne.fm.lo.mo.ModDiscoverer/]: Skipping /Users/quzzar/.gradle/caches/modules-2/files-2.1/org.lwjgl/lwjgl-glfw/3.3.3/efa1eb78c5ccd840e9f329717109b5e892d72f8e/lwjgl-glfw-3.3.3.jar because it was already located earlier
[00:29:11] [main/DEBUG] [ne.ne.fm.lo.mo.ModDiscoverer/]: Skipping /Users/quzzar/.gradle/caches/modules-2/files-2.1/org.lwjgl/lwjgl-glfw/3.3.3/a1bf400f6bc64e6195596cb1430dafda46090751/lwjgl-glfw-3.3.3-natives-macos.jar because it was already located earlier
[00:29:11] [main/DEBUG] [ne.ne.fm.lo.mo.ModDiscoverer/]: Skipping /Users/quzzar/.gradle/caches/modules-2/files-2.1/org.lwjgl/lwjgl-jemalloc/3.3.3/b543467b7ff3c6920539a88ee602d34098628be5/lwjgl-jemalloc-3.3.3.jar because it was already located earlier
[00:29:11] [main/DEBUG] [ne.ne.fm.lo.mo.ModDiscoverer/]: Skipping /Users/quzzar/.gradle/caches/modules-2/files-2.1/org.lwjgl/lwjgl-jemalloc/3.3.3/2906637657a57579847238c9c72d2c4bde7083f8/lwjgl-jemalloc-3.3.3-natives-macos.jar because it was already located earlier
[00:29:11] [main/DEBUG] [ne.ne.fm.lo.mo.ModDiscoverer/]: Skipping /Users/quzzar/.gradle/caches/modules-2/files-2.1/org.lwjgl/lwjgl-openal/3.3.3/daada81ceb5fc0c291fbfdd4433cb8d9423577f2/lwjgl-openal-3.3.3.jar because it was already located earlier
[00:29:11] [main/DEBUG] [ne.ne.fm.lo.mo.ModDiscoverer/]: Skipping /Users/quzzar/.gradle/caches/modules-2/files-2.1/org.lwjgl/lwjgl-openal/3.3.3/8df8338bfa77f2ebabef4e58964bd04d24805cbf/lwjgl-openal-3.3.3-natives-macos.jar because it was already located earlier
[00:29:11] [main/DEBUG] [ne.ne.fm.lo.mo.ModDiscoverer/]: Skipping /Users/quzzar/.gradle/caches/modules-2/files-2.1/org.lwjgl/lwjgl-opengl/3.3.3/2f6b0147078396a58979125a4c947664e98293a/lwjgl-opengl-3.3.3.jar because it was already located earlier
[00:29:11] [main/DEBUG] [ne.ne.fm.lo.mo.ModDiscoverer/]: Skipping /Users/quzzar/.gradle/caches/modules-2/files-2.1/org.lwjgl/lwjgl-opengl/3.3.3/1bd45997551ae8a28469f3a2b678f4b7289e12c0/lwjgl-opengl-3.3.3-natives-macos.jar because it was already located earlier
[00:29:11] [main/DEBUG] [ne.ne.fm.lo.mo.ModDiscoverer/]: Skipping /Users/quzzar/.gradle/caches/modules-2/files-2.1/org.lwjgl/lwjgl-stb/3.3.3/25dd6161988d7e65f71d5065c99902402ee32746/lwjgl-stb-3.3.3.jar because it was already located earlier
[00:29:11] [main/DEBUG] [ne.ne.fm.lo.mo.ModDiscoverer/]: Skipping /Users/quzzar/.gradle/caches/modules-2/files-2.1/org.lwjgl/lwjgl-stb/3.3.3/472792c98fb2c1557c060cb9da5fca6a9773621f/lwjgl-stb-3.3.3-natives-macos.jar because it was already located earlier
[00:29:11] [main/DEBUG] [ne.ne.fm.lo.mo.ModDiscoverer/]: Skipping /Users/quzzar/.gradle/caches/modules-2/files-2.1/org.lwjgl/lwjgl-tinyfd/3.3.3/82d755ca94b102e9ca77283b9e2dc46d1b15fbe5/lwjgl-tinyfd-3.3.3.jar because it was already located earlier
[00:29:11] [main/DEBUG] [ne.ne.fm.lo.mo.ModDiscoverer/]: Skipping /Users/quzzar/.gradle/caches/modules-2/files-2.1/org.lwjgl/lwjgl-tinyfd/3.3.3/406feedb977372085a61eb0fee358183f4f4c67a/lwjgl-tinyfd-3.3.3-natives-macos-arm64.jar because it was already located earlier
[00:29:11] [main/DEBUG] [ne.ne.fm.lo.mo.ModDiscoverer/]: Skipping /Users/quzzar/.gradle/caches/modules-2/files-2.1/org.lwjgl/lwjgl/3.3.3/29589b5f87ed335a6c7e7ee6a5775f81f97ecb84/lwjgl-3.3.3.jar because it was already located earlier
[00:29:11] [main/DEBUG] [ne.ne.fm.lo.mo.ModDiscoverer/]: Skipping /Users/quzzar/.gradle/caches/modules-2/files-2.1/org.lwjgl/lwjgl/3.3.3/226246e75f6bd8d4e1895bdce8638ef87808d114/lwjgl-3.3.3-natives-macos-arm64.jar because it was already located earlier
[00:29:11] [main/DEBUG] [ne.ne.fm.lo.mo.ModDiscoverer/]: Skipping /Users/quzzar/.gradle/caches/modules-2/files-2.1/org.lz4/lz4-java/1.8.0/4b986a99445e49ea5fbf5d149c4b63f6ed6c6780/lz4-java-1.8.0.jar because it was already located earlier
[00:29:11] [main/DEBUG] [ne.ne.fm.lo.mo.ModDiscoverer/]: Skipping /Users/quzzar/.gradle/caches/modules-2/files-2.1/org.jline/jline-terminal/3.20.0/d0ddcc708ddf527a3454c941b7b9225cc83a15ff/jline-terminal-3.20.0.jar because it was already located earlier
[00:29:11] [main/DEBUG] [ne.ne.fm.lo.mo.ModDiscoverer/]: Skipping /Users/quzzar/.gradle/caches/modules-2/files-2.1/ca.weblite/java-objc-bridge/1.1/1227f9e0666314f9de41477e3ec277e542ed7f7b/java-objc-bridge-1.1.jar because it was already located earlier
[00:29:11] [main/DEBUG] [ne.ne.fm.lo.mo.ModDiscoverer/]: Skipping /Users/quzzar/.gradle/caches/modules-2/files-2.1/com.google.guava/listenablefuture/9999.0-empty-to-avoid-conflict-with-guava/b421526c5f297295adef1c886e5246c39d4ac629/listenablefuture-9999.0-empty-to-avoid-conflict-with-guava.jar because it was already located earlier
[00:29:11] [main/DEBUG] [ne.ne.fm.lo.mo.ModDiscoverer/]: Skipping /Users/quzzar/.gradle/caches/modules-2/files-2.1/com.google.code.findbugs/jsr305/3.0.2/25ea2e8b0c338a877313bd4672d3fe056ea78f0d/jsr305-3.0.2.jar because it was already located earlier
[00:29:11] [main/DEBUG] [ne.ne.fm.lo.mo.ModDiscoverer/]: Skipping /Users/quzzar/.gradle/caches/modules-2/files-2.1/org.checkerframework/checker-qual/3.33.0/de2b60b62da487644fc11f734e73c8b0b431238f/checker-qual-3.33.0.jar because it was already located earlier
[00:29:11] [main/DEBUG] [ne.ne.fm.lo.mo.ModDiscoverer/]: Skipping /Users/quzzar/.gradle/caches/modules-2/files-2.1/com.google.errorprone/error_prone_annotations/2.18.0/89b684257096f548fa39a7df9fdaa409d4d4df91/error_prone_annotations-2.18.0.jar because it was already located earlier
[00:29:11] [main/DEBUG] [ne.ne.fm.lo.mo.ModDiscoverer/]: Skipping /Users/quzzar/.gradle/caches/modules-2/files-2.1/com.google.j2objc/j2objc-annotations/2.8/c85270e307e7b822f1086b93689124b89768e273/j2objc-annotations-2.8.jar because it was already located earlier
[00:29:11] [main/DEBUG] [ne.ne.fm.lo.UniqueModListBuilder/]: Found 2 mods for first modid neoforge, selecting most recent based on version data
[00:29:11] [main/DEBUG] [ne.ne.fm.lo.UniqueModListBuilder/]: Selected file neoforge-21.1.72-minecraft.jar for modid neoforge with version 21.1.72
[00:29:11] [main/INFO] [ne.ne.fm.lo.mo.lo.JarInJarDependencyLocator/]: Found 2 dependencies adding them to mods collection
[00:29:11] [main/INFO] [ne.ne.fm.lo.mo.ModDiscoverer/]: 
     Mod List:
		Name Version (Mod Id)

		Kithkyn 1.0.0 (kithkyn)
		Minecraft 1.21.1 (minecraft)
		NeoForge 21.1.72 (neoforge)
		Vestige 0.1.0 (vestige)
[00:29:11] [main/DEBUG] [ne.ne.fm.lo.mo.ModFileInfo/LOADING]: Found valid mod file neoforge-21.1.72-minecraft.jar with {minecraft} mods - versions {1.21.1}
[00:29:11] [main/DEBUG] [ne.ne.fm.lo.mo.ModFile/LOADING]: Loading mod file /private/tmp/vestige-robes-hanging-build-2026-10-08/moddev/artifacts/neoforge-21.1.72-minecraft.jar with languages [LanguageSpec[languageName=minecraft, acceptedVersions=1]]
[00:29:11] [main/DEBUG] [ne.ne.fm.lo.mo.ModFileParser/LOADING]: Considering mod file candidate /private/tmp/vestige-robes-hanging-build-2026-10-08/classes/java/main
[00:29:11] [main/DEBUG] [ne.ne.fm.lo.mo.ModFileInfo/LOADING]: Found valid mod file main with {vestige} mods - versions {0.1.0}
[00:29:11] [main/DEBUG] [ne.ne.fm.lo.mo.ModFile/LOADING]: Loading mod file /private/tmp/vestige-robes-hanging-build-2026-10-08/classes/java/main with languages [LanguageSpec[languageName=javafml, acceptedVersions=[4,)]]
[00:29:11] [main/DEBUG] [ne.ne.fm.lo.mo.ModFile/LOADING]: Found mixin config vestige.communication.mixins.json
[00:29:11] [main/DEBUG] [ne.ne.fm.lo.mo.ModFile/LOADING]: Found mixin config vestige.equipment.mixins.json
[00:29:11] [main/DEBUG] [ne.ne.fm.lo.mo.ModFileParser/LOADING]: Considering mod file candidate /Users/quzzar/Projects/kithkyn/build/libs/kithkyn-1.0.0.jar
[00:29:11] [main/DEBUG] [ne.ne.fm.lo.mo.ModFileInfo/LOADING]: Found valid mod file kithkyn-1.0.0.jar with {kithkyn} mods - versions {1.0.0}
[00:29:11] [main/DEBUG] [ne.ne.fm.lo.mo.ModFile/LOADING]: Loading mod file /Users/quzzar/Projects/kithkyn/build/libs/kithkyn-1.0.0.jar with languages [LanguageSpec[languageName=javafml, acceptedVersions=[4,)]]
[00:29:11] [main/DEBUG] [ne.ne.fm.lo.mo.ModFileParser/LOADING]: Considering mod file candidate /private/tmp/vestige-robes-hanging-build-2026-10-08/moddev/artifacts/neoforge-21.1.72-minecraft.jar
[00:29:11] [main/DEBUG] [ne.ne.fm.lo.mo.ModFileInfo/LOADING]: Found valid mod file neoforge-21.1.72-minecraft.jar with {neoforge} mods - versions {21.1.72}
[00:29:11] [main/DEBUG] [ne.ne.fm.lo.mo.ModFile/LOADING]: Loading mod file /private/tmp/vestige-robes-hanging-build-2026-10-08/moddev/artifacts/neoforge-21.1.72-minecraft.jar with languages [LanguageSpec[languageName=javafml, acceptedVersions=[3,]]]
[00:29:11] [main/DEBUG] [ne.ne.fm.lo.mo.ModFile/LOADING]: Found mixin config neoforge.mixins.json
[00:29:11] [main/DEBUG] [ne.ne.fm.lo.mo.ModFile/LOADING]: Loading mod file  with languages []
[00:29:11] [main/DEBUG] [cp.mo.mo.TransformationServiceDecorator/MODLAUNCHER]: End scan trigger - transformation service fml
[00:29:11] [main/DEBUG] [ne.ne.fm.ut.ServiceLoaderUtil/CORE]: Found 3 implementations of IModLanguageLoader:
[00:29:11] [main/DEBUG] [ne.ne.fm.ut.ServiceLoaderUtil/CORE]: 	net.neoforged.fml.javafmlmod.FMLJavaModLanguageProvider from loader-4.0.29.jar
[00:29:11] [main/DEBUG] [ne.ne.fm.ut.ServiceLoaderUtil/CORE]: 	net.neoforged.fml.lowcodemod.LowCodeModLanguageProvider from loader-4.0.29.jar
[00:29:11] [main/DEBUG] [ne.ne.fm.ut.ServiceLoaderUtil/CORE]: 	net.neoforged.fml.mclanguageprovider.MinecraftModLanguageProvider from loader-4.0.29.jar
[00:29:11] [main/DEBUG] [ne.ne.fm.lo.LanguageProviderLoader/CORE]: Found language provider javafml, version 4.0.29
[00:29:11] [main/DEBUG] [ne.ne.fm.lo.LanguageProviderLoader/CORE]: Found language provider lowcodefml, version 4.0.29
[00:29:11] [main/DEBUG] [ne.ne.fm.lo.LanguageProviderLoader/CORE]: Found language provider minecraft, version 4.0.29
[00:29:11] [main/DEBUG] [ne.ne.fm.lo.ModSorter/]: Configured system mods: [minecraft, neoforge]
[00:29:11] [main/DEBUG] [ne.ne.fm.lo.ModSorter/]: Found system mod: minecraft
[00:29:11] [main/DEBUG] [ne.ne.fm.lo.ModSorter/]: Found system mod: neoforge
[00:29:11] [main/DEBUG] [ne.ne.fm.lo.ModSorter/LOADING]: Found 5 mod requirements (4 mandatory, 1 optional)
[00:29:11] [main/DEBUG] [ne.ne.fm.lo.ModSorter/LOADING]: Found 0 mod requirements missing (0 mandatory, 0 optional)
[00:29:11] [main/DEBUG] [mixin/]: Adding mixin platform agents for container net.neoforged.fml.loading.mixin.FMLMixinContainerHandle@46678e49
[00:29:11] [main/DEBUG] [mixin/]: Instancing new MixinPlatformAgentMinecraftForge for net.neoforged.fml.loading.mixin.FMLMixinContainerHandle@46678e49
[00:29:11] [main/DEBUG] [mixin/]: MixinPlatformAgentMinecraftForge rejected container net.neoforged.fml.loading.mixin.FMLMixinContainerHandle@46678e49
[00:29:11] [main/DEBUG] [mixin/]: Instancing new MixinPlatformAgentDefault for net.neoforged.fml.loading.mixin.FMLMixinContainerHandle@46678e49
[00:29:11] [main/DEBUG] [mixin/]: MixinPlatformAgentDefault accepted container net.neoforged.fml.loading.mixin.FMLMixinContainerHandle@46678e49
[00:29:11] [main/DEBUG] [mixin/]: Instancing new FMLMixinPlatformAgent for net.neoforged.fml.loading.mixin.FMLMixinContainerHandle@46678e49
[00:29:11] [main/DEBUG] [mixin/]: FMLMixinPlatformAgent accepted container net.neoforged.fml.loading.mixin.FMLMixinContainerHandle@46678e49
[00:29:11] [main/DEBUG] [cp.mo.mo.TransformationServicesHandler/MODLAUNCHER]: Transformation services loading transformers
[00:29:11] [main/DEBUG] [cp.mo.mo.TransformationServiceDecorator/MODLAUNCHER]: Initializing transformers for transformation service mixin
[00:29:11] [main/DEBUG] [cp.mo.mo.TransformationServiceDecorator/MODLAUNCHER]: Initialized transformers for transformation service mixin
[00:29:11] [main/DEBUG] [cp.mo.mo.TransformationServiceDecorator/MODLAUNCHER]: Initializing transformers for transformation service fml
[00:29:11] [main/DEBUG] [ne.ne.fm.lo.FMLServiceProvider/LOADING]: Loading coremod transformers
[00:29:11] [main/DEBUG] [ne.ne.fm.lo.FMLServiceProvider/CORE]: Not loading coremod script-engine since no mod requested it
[00:29:11] [main/DEBUG] [ne.ne.fm.ut.ServiceLoaderUtil/CORE]: Found 1 implementations of ICoreMod:
[00:29:11] [main/DEBUG] [ne.ne.fm.ut.ServiceLoaderUtil/CORE]: 	net.neoforged.neoforge.coremods.NeoForgeCoreMod from neoforge-21.1.72-minecraft.jar > neoforge-coremods-21.1.72.jar
[00:29:11] [main/DEBUG] [ne.ne.fm.lo.FMLServiceProvider/CORE]: Adding [Target[className=net.minecraft.world.level.biome.Biome, elementName=, elementDescriptor=, targetType=cpw.mods.modlauncher.api.TargetType@ebb6851]] transformer from core-mod net.neoforged.neoforge.coremods.NeoForgeCoreMod@a20b94b in neoforge-21.1.72-minecraft.jar > neoforge-coremods-21.1.72.jar
[00:29:11] [main/DEBUG] [ne.ne.fm.lo.FMLServiceProvider/CORE]: Adding [Target[className=net.minecraft.world.level.levelgen.structure.Structure, elementName=, elementDescriptor=, targetType=cpw.mods.modlauncher.api.TargetType@ebb6851]] transformer from core-mod net.neoforged.neoforge.coremods.NeoForgeCoreMod@a20b94b in neoforge-21.1.72-minecraft.jar > neoforge-coremods-21.1.72.jar
[00:29:11] [main/DEBUG] [ne.ne.fm.lo.FMLServiceProvider/CORE]: Adding [Target[className=net.minecraft.world.level.block.FlowerPotBlock, elementName=, elementDescriptor=, targetType=cpw.mods.modlauncher.api.TargetType@ebb6851]] transformer from core-mod net.neoforged.neoforge.coremods.NeoForgeCoreMod@a20b94b in neoforge-21.1.72-minecraft.jar > neoforge-coremods-21.1.72.jar
[00:29:11] [main/DEBUG] [ne.ne.fm.lo.FMLServiceProvider/CORE]: Adding [Target[className=net/minecraft/world/entity/npc/CatSpawner, elementName=, elementDescriptor=, targetType=cpw.mods.modlauncher.api.TargetType@ebb6851], Target[className=net/minecraft/world/entity/monster/Zombie, elementName=, elementDescriptor=, targetType=cpw.mods.modlauncher.api.TargetType@ebb6851], Target[className=net/minecraft/world/level/levelgen/structure/structures/OceanRuinPieces$OceanRuinPiece, elementName=, elementDescriptor=, targetType=cpw.mods.modlauncher.api.TargetType@ebb6851], Target[className=net/minecraft/world/entity/monster/Spider, elementName=, elementDescriptor=, targetType=cpw.mods.modlauncher.api.TargetType@ebb6851], Target[className=net/minecraft/world/level/levelgen/structure/templatesystem/StructureTemplate, elementName=, elementDescriptor=, targetType=cpw.mods.modlauncher.api.TargetType@ebb6851], Target[className=net/minecraft/world/entity/animal/horse/SkeletonTrapGoal, elementName=, elementDescriptor=, targetType=cpw.mods.modlauncher.api.TargetType@ebb6851], Target[className=net/minecraft/world/entity/ai/village/VillageSiege, elementName=, elementDescriptor=, targetType=cpw.mods.modlauncher.api.TargetType@ebb6851], Target[className=net/minecraft/world/entity/EntityType, elementName=, elementDescriptor=, targetType=cpw.mods.modlauncher.api.TargetType@ebb6851], Target[className=net/minecraft/world/entity/monster/Strider, elementName=, elementDescriptor=, targetType=cpw.mods.modlauncher.api.TargetType@ebb6851], Target[className=net/minecraft/world/entity/raid/Raid, elementName=, elementDescriptor=, targetType=cpw.mods.modlauncher.api.TargetType@ebb6851], Target[className=net/minecraft/world/level/NaturalSpawner, elementName=, elementDescriptor=, targetType=cpw.mods.modlauncher.api.TargetType@ebb6851], Target[className=net/minecraft/server/commands/SummonCommand, elementName=, elementDescriptor=, targetType=cpw.mods.modlauncher.api.TargetType@ebb6851], Target[className=net/minecraft/world/level/levelgen/structure/structures/WoodlandMansionPieces$WoodlandMansionPiece, elementName=, elementDescriptor=, targetType=cpw.mods.modlauncher.api.TargetType@ebb6851], Target[className=net/minecraft/server/commands/RaidCommand, elementName=, elementDescriptor=, targetType=cpw.mods.modlauncher.api.TargetType@ebb6851], Target[className=net/minecraft/world/entity/monster/Evoker$EvokerSummonSpellGoal, elementName=, elementDescriptor=, targetType=cpw.mods.modlauncher.api.TargetType@ebb6851], Target[className=net/minecraft/world/level/levelgen/structure/structures/OceanMonumentPieces$OceanMonumentPiece, elementName=, elementDescriptor=, targetType=cpw.mods.modlauncher.api.TargetType@ebb6851], Target[className=net/minecraft/world/entity/monster/ZombieVillager, elementName=, elementDescriptor=, targetType=cpw.mods.modlauncher.api.TargetType@ebb6851], Target[className=net/minecraft/world/level/levelgen/PatrolSpawner, elementName=, elementDescriptor=, targetType=cpw.mods.modlauncher.api.TargetType@ebb6851], Target[className=net/minecraft/world/level/levelgen/structure/structures/SwampHutPiece, elementName=, elementDescriptor=, targetType=cpw.mods.modlauncher.api.TargetType@ebb6851], Target[className=net/minecraft/world/entity/npc/Villager, elementName=, elementDescriptor=, targetType=cpw.mods.modlauncher.api.TargetType@ebb6851], Target[className=net/minecraft/world/entity/animal/frog/Tadpole, elementName=, elementDescriptor=, targetType=cpw.mods.modlauncher.api.TargetType@ebb6851], Target[className=net/minecraft/world/level/levelgen/PhantomSpawner, elementName=, elementDescriptor=, targetType=cpw.mods.modlauncher.api.TargetType@ebb6851]] transformer from core-mod net.neoforged.neoforge.coremods.NeoForgeCoreMod@a20b94b in neoforge-21.1.72-minecraft.jar > neoforge-coremods-21.1.72.jar
[00:29:11] [main/DEBUG] [cp.mo.mo.TransformStore/MODLAUNCHER]: Adding transformer net.neoforged.neoforge.coremods.ReplaceFieldWithGetterAccess@73ad4ecc to Target : cpw.mods.modlauncher.api.TargetType@ebb6851 {Lnet/minecraft/world/level/biome/Biome;} {} {V}
[00:29:11] [main/DEBUG] [cp.mo.mo.TransformStore/MODLAUNCHER]: Adding transformer net.neoforged.neoforge.coremods.ReplaceFieldWithGetterAccess@787f32b7 to Target : cpw.mods.modlauncher.api.TargetType@ebb6851 {Lnet/minecraft/world/level/levelgen/structure/Structure;} {} {V}
[00:29:11] [main/DEBUG] [cp.mo.mo.TransformStore/MODLAUNCHER]: Adding transformer net.neoforged.neoforge.coremods.ReplaceFieldWithGetterAccess@6aef4eb8 to Target : cpw.mods.modlauncher.api.TargetType@ebb6851 {Lnet/minecraft/world/level/block/FlowerPotBlock;} {} {V}
[00:29:11] [main/DEBUG] [cp.mo.mo.TransformStore/MODLAUNCHER]: Adding transformer net.neoforged.neoforge.coremods.MethodRedirector@76c52298 to Target : cpw.mods.modlauncher.api.TargetType@ebb6851 {Lnet/minecraft/world/entity/npc/CatSpawner;} {} {V}
[00:29:11] [main/DEBUG] [cp.mo.mo.TransformStore/MODLAUNCHER]: Adding transformer net.neoforged.neoforge.coremods.MethodRedirector@76c52298 to Target : cpw.mods.modlauncher.api.TargetType@ebb6851 {Lnet/minecraft/world/entity/monster/Zombie;} {} {V}
[00:29:11] [main/DEBUG] [cp.mo.mo.TransformStore/MODLAUNCHER]: Adding transformer net.neoforged.neoforge.coremods.MethodRedirector@76c52298 to Target : cpw.mods.modlauncher.api.TargetType@ebb6851 {Lnet/minecraft/world/level/levelgen/structure/structures/OceanRuinPieces$OceanRuinPiece;} {} {V}
[00:29:11] [main/DEBUG] [cp.mo.mo.TransformStore/MODLAUNCHER]: Adding transformer net.neoforged.neoforge.coremods.MethodRedirector@76c52298 to Target : cpw.mods.modlauncher.api.TargetType@ebb6851 {Lnet/minecraft/world/entity/monster/Spider;} {} {V}
[00:29:11] [main/DEBUG] [cp.mo.mo.TransformStore/MODLAUNCHER]: Adding transformer net.neoforged.neoforge.coremods.MethodRedirector@76c52298 to Target : cpw.mods.modlauncher.api.TargetType@ebb6851 {Lnet/minecraft/world/level/levelgen/structure/templatesystem/StructureTemplate;} {} {V}
[00:29:11] [main/DEBUG] [cp.mo.mo.TransformStore/MODLAUNCHER]: Adding transformer net.neoforged.neoforge.coremods.MethodRedirector@76c52298 to Target : cpw.mods.modlauncher.api.TargetType@ebb6851 {Lnet/minecraft/world/entity/animal/horse/SkeletonTrapGoal;} {} {V}
[00:29:11] [main/DEBUG] [cp.mo.mo.TransformStore/MODLAUNCHER]: Adding transformer net.neoforged.neoforge.coremods.MethodRedirector@76c52298 to Target : cpw.mods.modlauncher.api.TargetType@ebb6851 {Lnet/minecraft/world/entity/ai/village/VillageSiege;} {} {V}
[00:29:11] [main/DEBUG] [cp.mo.mo.TransformStore/MODLAUNCHER]: Adding transformer net.neoforged.neoforge.coremods.MethodRedirector@76c52298 to Target : cpw.mods.modlauncher.api.TargetType@ebb6851 {Lnet/minecraft/world/entity/EntityType;} {} {V}
[00:29:11] [main/DEBUG] [cp.mo.mo.TransformStore/MODLAUNCHER]: Adding transformer net.neoforged.neoforge.coremods.MethodRedirector@76c52298 to Target : cpw.mods.modlauncher.api.TargetType@ebb6851 {Lnet/minecraft/world/entity/monster/Strider;} {} {V}
[00:29:11] [main/DEBUG] [cp.mo.mo.TransformStore/MODLAUNCHER]: Adding transformer net.neoforged.neoforge.coremods.MethodRedirector@76c52298 to Target : cpw.mods.modlauncher.api.TargetType@ebb6851 {Lnet/minecraft/world/entity/raid/Raid;} {} {V}
[00:29:11] [main/DEBUG] [cp.mo.mo.TransformStore/MODLAUNCHER]: Adding transformer net.neoforged.neoforge.coremods.MethodRedirector@76c52298 to Target : cpw.mods.modlauncher.api.TargetType@ebb6851 {Lnet/minecraft/world/level/NaturalSpawner;} {} {V}
[00:29:11] [main/DEBUG] [cp.mo.mo.TransformStore/MODLAUNCHER]: Adding transformer net.neoforged.neoforge.coremods.MethodRedirector@76c52298 to Target : cpw.mods.modlauncher.api.TargetType@ebb6851 {Lnet/minecraft/server/commands/SummonCommand;} {} {V}
[00:29:11] [main/DEBUG] [cp.mo.mo.TransformStore/MODLAUNCHER]: Adding transformer net.neoforged.neoforge.coremods.MethodRedirector@76c52298 to Target : cpw.mods.modlauncher.api.TargetType@ebb6851 {Lnet/minecraft/world/level/levelgen/structure/structures/WoodlandMansionPieces$WoodlandMansionPiece;} {} {V}
[00:29:11] [main/DEBUG] [cp.mo.mo.TransformStore/MODLAUNCHER]: Adding transformer net.neoforged.neoforge.coremods.MethodRedirector@76c52298 to Target : cpw.mods.modlauncher.api.TargetType@ebb6851 {Lnet/minecraft/server/commands/RaidCommand;} {} {V}
[00:29:11] [main/DEBUG] [cp.mo.mo.TransformStore/MODLAUNCHER]: Adding transformer net.neoforged.neoforge.coremods.MethodRedirector@76c52298 to Target : cpw.mods.modlauncher.api.TargetType@ebb6851 {Lnet/minecraft/world/entity/monster/Evoker$EvokerSummonSpellGoal;} {} {V}
[00:29:11] [main/DEBUG] [cp.mo.mo.TransformStore/MODLAUNCHER]: Adding transformer net.neoforged.neoforge.coremods.MethodRedirector@76c52298 to Target : cpw.mods.modlauncher.api.TargetType@ebb6851 {Lnet/minecraft/world/level/levelgen/structure/structures/OceanMonumentPieces$OceanMonumentPiece;} {} {V}
[00:29:11] [main/DEBUG] [cp.mo.mo.TransformStore/MODLAUNCHER]: Adding transformer net.neoforged.neoforge.coremods.MethodRedirector@76c52298 to Target : cpw.mods.modlauncher.api.TargetType@ebb6851 {Lnet/minecraft/world/entity/monster/ZombieVillager;} {} {V}
[00:29:11] [main/DEBUG] [cp.mo.mo.TransformStore/MODLAUNCHER]: Adding transformer net.neoforged.neoforge.coremods.MethodRedirector@76c52298 to Target : cpw.mods.modlauncher.api.TargetType@ebb6851 {Lnet/minecraft/world/level/levelgen/PatrolSpawner;} {} {V}
[00:29:11] [main/DEBUG] [cp.mo.mo.TransformStore/MODLAUNCHER]: Adding transformer net.neoforged.neoforge.coremods.MethodRedirector@76c52298 to Target : cpw.mods.modlauncher.api.TargetType@ebb6851 {Lnet/minecraft/world/level/levelgen/structure/structures/SwampHutPiece;} {} {V}
[00:29:11] [main/DEBUG] [cp.mo.mo.TransformStore/MODLAUNCHER]: Adding transformer net.neoforged.neoforge.coremods.MethodRedirector@76c52298 to Target : cpw.mods.modlauncher.api.TargetType@ebb6851 {Lnet/minecraft/world/entity/npc/Villager;} {} {V}
[00:29:11] [main/DEBUG] [cp.mo.mo.TransformStore/MODLAUNCHER]: Adding transformer net.neoforged.neoforge.coremods.MethodRedirector@76c52298 to Target : cpw.mods.modlauncher.api.TargetType@ebb6851 {Lnet/minecraft/world/entity/animal/frog/Tadpole;} {} {V}
[00:29:11] [main/DEBUG] [cp.mo.mo.TransformStore/MODLAUNCHER]: Adding transformer net.neoforged.neoforge.coremods.MethodRedirector@76c52298 to Target : cpw.mods.modlauncher.api.TargetType@ebb6851 {Lnet/minecraft/world/level/levelgen/PhantomSpawner;} {} {V}
[00:29:11] [main/DEBUG] [cp.mo.mo.TransformationServiceDecorator/MODLAUNCHER]: Initialized transformers for transformation service fml
[00:29:13] [pool-2-thread-1/INFO] [EARLYDISPLAY/]: GL info: Apple M5 GL version 4.1 Metal - 91.7, Apple
[00:29:14] [main/DEBUG] [mixin/]: Processing prepare() for PlatformAgent[MixinPlatformAgentDefault:ModLauncher Root Container(ModLauncher:4f56a0a2)]
[00:29:14] [main/DEBUG] [mixin/]: Processing prepare() for PlatformAgent[MixinPlatformAgentDefault:net.neoforged.fml.loading.mixin.FMLMixinContainerHandle@46678e49]
[00:29:14] [main/DEBUG] [mixin/]: Processing prepare() for PlatformAgent[FMLMixinPlatformAgent:null]
[00:29:14] [main/DEBUG] [mixin/]: Compatibility level JAVA_21 specified by vestige.communication.mixins.json is higher than the maximum level supported by this version of mixin (JAVA_13).
[00:29:14] [main/INFO] [mixin/]: Compatibility level set to JAVA_21
[00:29:14] [main/DEBUG] [mixin/]: Processing launch tasks for PlatformAgent[MixinPlatformAgentDefault:ModLauncher Root Container(ModLauncher:4f56a0a2)]
[00:29:14] [main/DEBUG] [mixin/]: Adding mixin platform agents for container SecureJarResource(mixin_synthetic)
[00:29:14] [main/DEBUG] [mixin/]: Instancing new MixinPlatformAgentMinecraftForge for SecureJarResource(mixin_synthetic)
[00:29:14] [main/DEBUG] [mixin/]: MixinPlatformAgentMinecraftForge rejected container SecureJarResource(mixin_synthetic)
[00:29:14] [main/DEBUG] [mixin/]: Instancing new MixinPlatformAgentDefault for SecureJarResource(mixin_synthetic)
[00:29:14] [main/DEBUG] [mixin/]: MixinPlatformAgentDefault accepted container SecureJarResource(mixin_synthetic)
[00:29:14] [main/DEBUG] [mixin/]: Instancing new FMLMixinPlatformAgent for SecureJarResource(mixin_synthetic)
[00:29:14] [main/DEBUG] [mixin/]: FMLMixinPlatformAgent rejected container SecureJarResource(mixin_synthetic)
[00:29:14] [main/DEBUG] [mixin/]: Processing prepare() for PlatformAgent[MixinPlatformAgentDefault:SecureJarResource(mixin_synthetic)]
[00:29:14] [main/DEBUG] [mixin/]: Adding mixin platform agents for container SecureJarResource(minecraft)
[00:29:14] [main/DEBUG] [mixin/]: Instancing new MixinPlatformAgentMinecraftForge for SecureJarResource(minecraft)
[00:29:14] [main/DEBUG] [mixin/]: MixinPlatformAgentMinecraftForge rejected container SecureJarResource(minecraft)
[00:29:14] [main/DEBUG] [mixin/]: Instancing new MixinPlatformAgentDefault for SecureJarResource(minecraft)
[00:29:14] [main/DEBUG] [mixin/]: MixinPlatformAgentDefault accepted container SecureJarResource(minecraft)
[00:29:14] [main/DEBUG] [mixin/]: Instancing new FMLMixinPlatformAgent for SecureJarResource(minecraft)
[00:29:14] [main/DEBUG] [mixin/]: FMLMixinPlatformAgent rejected container SecureJarResource(minecraft)
[00:29:14] [main/DEBUG] [mixin/]: Processing prepare() for PlatformAgent[MixinPlatformAgentDefault:SecureJarResource(minecraft)]
[00:29:14] [main/DEBUG] [mixin/]: Adding mixin platform agents for container SecureJarResource(kithkyn)
[00:29:14] [main/DEBUG] [mixin/]: Instancing new MixinPlatformAgentMinecraftForge for SecureJarResource(kithkyn)
[00:29:14] [main/DEBUG] [mixin/]: MixinPlatformAgentMinecraftForge rejected container SecureJarResource(kithkyn)
[00:29:14] [main/DEBUG] [mixin/]: Instancing new MixinPlatformAgentDefault for SecureJarResource(kithkyn)
[00:29:14] [main/DEBUG] [mixin/]: MixinPlatformAgentDefault accepted container SecureJarResource(kithkyn)
[00:29:14] [main/DEBUG] [mixin/]: Instancing new FMLMixinPlatformAgent for SecureJarResource(kithkyn)
[00:29:14] [main/DEBUG] [mixin/]: FMLMixinPlatformAgent rejected container SecureJarResource(kithkyn)
[00:29:14] [main/DEBUG] [mixin/]: Processing prepare() for PlatformAgent[MixinPlatformAgentDefault:SecureJarResource(kithkyn)]
[00:29:14] [main/DEBUG] [mixin/]: Adding mixin platform agents for container SecureJarResource(vestige)
[00:29:14] [main/DEBUG] [mixin/]: Instancing new MixinPlatformAgentMinecraftForge for SecureJarResource(vestige)
[00:29:14] [main/DEBUG] [mixin/]: MixinPlatformAgentMinecraftForge rejected container SecureJarResource(vestige)
[00:29:14] [main/DEBUG] [mixin/]: Instancing new MixinPlatformAgentDefault for SecureJarResource(vestige)
[00:29:14] [main/DEBUG] [mixin/]: MixinPlatformAgentDefault accepted container SecureJarResource(vestige)
[00:29:14] [main/DEBUG] [mixin/]: Instancing new FMLMixinPlatformAgent for SecureJarResource(vestige)
[00:29:14] [main/DEBUG] [mixin/]: FMLMixinPlatformAgent rejected container SecureJarResource(vestige)
[00:29:14] [main/DEBUG] [mixin/]: Processing prepare() for PlatformAgent[MixinPlatformAgentDefault:SecureJarResource(vestige)]
[00:29:14] [main/DEBUG] [mixin/]: Adding mixin platform agents for container SecureJarResource(mixinextras.neoforge)
[00:29:14] [main/DEBUG] [mixin/]: Instancing new MixinPlatformAgentMinecraftForge for SecureJarResource(mixinextras.neoforge)
[00:29:14] [main/DEBUG] [mixin/]: MixinPlatformAgentMinecraftForge rejected container SecureJarResource(mixinextras.neoforge)
[00:29:14] [main/DEBUG] [mixin/]: Instancing new MixinPlatformAgentDefault for SecureJarResource(mixinextras.neoforge)
[00:29:14] [main/DEBUG] [mixin/]: MixinPlatformAgentDefault accepted container SecureJarResource(mixinextras.neoforge)
[00:29:14] [main/DEBUG] [mixin/]: Instancing new FMLMixinPlatformAgent for SecureJarResource(mixinextras.neoforge)
[00:29:14] [main/DEBUG] [mixin/]: FMLMixinPlatformAgent rejected container SecureJarResource(mixinextras.neoforge)
[00:29:14] [main/DEBUG] [mixin/]: Processing prepare() for PlatformAgent[MixinPlatformAgentDefault:SecureJarResource(mixinextras.neoforge)]
[00:29:14] [main/DEBUG] [mixin/]: Registering mixin config: mixinextras.init.mixins.json source=SecureJarResource(mixinextras.neoforge)
[00:29:14] [main/DEBUG] [mixin/]: inject() running with 7 agents
[00:29:14] [main/DEBUG] [mixin/]: Processing inject() for PlatformAgent[MixinPlatformAgentDefault:ModLauncher Root Container(ModLauncher:4f56a0a2)]
[00:29:14] [main/DEBUG] [mixin/]: Processing inject() for PlatformAgent[MixinPlatformAgentDefault:net.neoforged.fml.loading.mixin.FMLMixinContainerHandle@46678e49]
[00:29:14] [main/DEBUG] [mixin/]: Processing inject() for PlatformAgent[FMLMixinPlatformAgent:null]
[00:29:14] [main/DEBUG] [mixin/]: Processing inject() for PlatformAgent[MixinPlatformAgentDefault:SecureJarResource(mixin_synthetic)]
[00:29:14] [main/DEBUG] [mixin/]: Processing inject() for PlatformAgent[MixinPlatformAgentDefault:SecureJarResource(minecraft)]
[00:29:14] [main/DEBUG] [mixin/]: Processing inject() for PlatformAgent[MixinPlatformAgentDefault:SecureJarResource(kithkyn)]
[00:29:14] [main/DEBUG] [mixin/]: Processing inject() for PlatformAgent[MixinPlatformAgentDefault:SecureJarResource(vestige)]
[00:29:14] [main/DEBUG] [mixin/]: Processing inject() for PlatformAgent[MixinPlatformAgentDefault:SecureJarResource(mixinextras.neoforge)]
[00:29:14] [main/INFO] [cp.mo.mo.LaunchServiceHandler/MODLAUNCHER]: Launching target 'forgeclientuserdev' with arguments [--version, 21.1.72, --gameDir, ., --assetsDir, /Users/quzzar/.gradle/caches/neoformruntime/assets, --assetIndex, 17, --width, 960, --height, 540]
[00:29:14] [main/DEBUG] [mixin/]: Preparing mixins for MixinEnvironment[DEFAULT]
[00:29:14] [main/DEBUG] [mixin/]: Selecting config vestige.communication.mixins.json
[00:29:14] [main/DEBUG] [mixin/]: Selecting config vestige.equipment.mixins.json
[00:29:14] [main/DEBUG] [mixin/]: Selecting config neoforge.mixins.json
[00:29:14] [main/DEBUG] [mixin/]: Selecting config mixinextras.init.mixins.json
[00:29:14] [main/DEBUG] [MixinExtras|Service/]: com.llamalad7.mixinextras.service.MixinExtrasServiceImpl(version=0.4.1) is taking over from null
[00:29:14] [main/DEBUG] [mixin/]: Registering new injector for @Inject with org.spongepowered.asm.mixin.injection.struct.CallbackInjectionInfo
[00:29:14] [main/DEBUG] [mixin/]: Registering new injector for @ModifyArg with org.spongepowered.asm.mixin.injection.struct.ModifyArgInjectionInfo
[00:29:14] [main/DEBUG] [mixin/]: Registering new injector for @ModifyArgs with org.spongepowered.asm.mixin.injection.struct.ModifyArgsInjectionInfo
[00:29:14] [main/DEBUG] [mixin/]: Registering new injector for @Redirect with org.spongepowered.asm.mixin.injection.struct.RedirectInjectionInfo
[00:29:14] [main/DEBUG] [mixin/]: Registering new injector for @ModifyVariable with org.spongepowered.asm.mixin.injection.struct.ModifyVariableInjectionInfo
[00:29:14] [main/DEBUG] [mixin/]: Registering new injector for @ModifyConstant with org.spongepowered.asm.mixin.injection.struct.ModifyConstantInjectionInfo
[00:29:14] [main/DEBUG] [mixin/]: Preparing vestige.communication.mixins.json (2)
[00:29:14] [main/DEBUG] [mixin/]: Preparing vestige.equipment.mixins.json (4)
[00:29:14] [main/DEBUG] [mixin/]: Preparing neoforge.mixins.json (2)
[00:29:14] [main/DEBUG] [mixin/]: Preparing mixinextras.init.mixins.json (0)
[00:29:14] [main/DEBUG] [mixin/]: Prepared 8 mixins in 0.340 sec (42.5ms avg) (0ms load, 0ms transform, 0ms plugin)
[00:29:14] [main/DEBUG] [io.ne.ut.in.lo.InternalLoggerFactory/]: Using SLF4J as the default logging framework
[00:29:14] [main/DEBUG] [io.ne.ut.ResourceLeakDetector/]: -Dio.netty.leakDetection.level: simple
[00:29:14] [main/DEBUG] [io.ne.ut.ResourceLeakDetector/]: -Dio.netty.leakDetection.targetRecords: 4
[00:29:16] [main/DEBUG] [os.ut.FileUtil/]: No oshi.properties file found from ClassLoader cpw.mods.modlauncher.TransformingClassLoader@6fd77352
[00:29:16] [main/DEBUG] [os.ut.FileUtil/]: No oshi.architecture.properties file found from ClassLoader cpw.mods.modlauncher.TransformingClassLoader@6fd77352

> Task :javadoc
/Users/quzzar/Projects/vestige/src/main/java/com/quzzar/vestige/magic/runtime/MagicResolution.java:14: warning: no @param for traits
public record MagicResolution(TraitProfile traits, Map<ResourceLocation, Double> variables) {
       ^
/Users/quzzar/Projects/vestige/src/main/java/com/quzzar/vestige/magic/runtime/MagicResolution.java:14: warning: no @param for variables
public record MagicResolution(TraitProfile traits, Map<ResourceLocation, Double> variables) {
       ^
/Users/quzzar/Projects/vestige/src/main/java/com/quzzar/vestige/magic/runtime/SpellEvent.java:9: warning: no @param for type
public record SpellEvent(ResourceLocation type, UUID actor, Optional<SpellSubject> target,
       ^
/Users/quzzar/Projects/vestige/src/main/java/com/quzzar/vestige/magic/runtime/SpellEvent.java:9: warning: no @param for actor
public record SpellEvent(ResourceLocation type, UUID actor, Optional<SpellSubject> target,
       ^
/Users/quzzar/Projects/vestige/src/main/java/com/quzzar/vestige/magic/runtime/SpellEvent.java:9: warning: no @param for target
public record SpellEvent(ResourceLocation type, UUID actor, Optional<SpellSubject> target,
       ^
/Users/quzzar/Projects/vestige/src/main/java/com/quzzar/vestige/magic/runtime/SpellEvent.java:9: warning: no @param for pending
public record SpellEvent(ResourceLocation type, UUID actor, Optional<SpellSubject> target,
       ^
/Users/quzzar/Projects/vestige/src/main/java/com/quzzar/vestige/magic/runtime/SpellEvent.java:9: warning: no @param for cause
public record SpellEvent(ResourceLocation type, UUID actor, Optional<SpellSubject> target,
       ^
/Users/quzzar/Projects/vestige/src/main/java/com/quzzar/vestige/magic/runtime/SpellEvent.java:9: warning: no @param for facts
public record SpellEvent(ResourceLocation type, UUID actor, Optional<SpellSubject> target,
       ^
/Users/quzzar/Projects/vestige/src/main/java/com/quzzar/vestige/magic/runtime/CastShaping.java:7: warning: no @param for castingCost
public record CastShaping(double castingCost, boolean roundAmounts, CostAdjustment adjustment) {
       ^
/Users/quzzar/Projects/vestige/src/main/java/com/quzzar/vestige/magic/runtime/CastShaping.java:7: warning: no @param for roundAmounts
public record CastShaping(double castingCost, boolean roundAmounts, CostAdjustment adjustment) {
       ^
/Users/quzzar/Projects/vestige/src/main/java/com/quzzar/vestige/magic/runtime/CastShaping.java:7: warning: no @param for adjustment
public record CastShaping(double castingCost, boolean roundAmounts, CostAdjustment adjustment) {
       ^
/Users/quzzar/Projects/vestige/src/main/java/com/quzzar/vestige/magic/effect/SpellEffects.java:128: warning: no @param for kind
    record Manifestation(ResourceLocation kind, int durationTicks, Map<String, SpellValue> values,
    ^
/Users/quzzar/Projects/vestige/src/main/java/com/quzzar/vestige/magic/effect/SpellEffects.java:128: warning: no @param for durationTicks
    record Manifestation(ResourceLocation kind, int durationTicks, Map<String, SpellValue> values,
    ^
/Users/quzzar/Projects/vestige/src/main/java/com/quzzar/vestige/magic/effect/SpellEffects.java:128: warning: no @param for values
    record Manifestation(ResourceLocation kind, int durationTicks, Map<String, SpellValue> values,
    ^
/Users/quzzar/Projects/vestige/src/main/java/com/quzzar/vestige/magic/effect/SpellEffects.java:128: warning: no @param for identifiers
    record Manifestation(ResourceLocation kind, int durationTicks, Map<String, SpellValue> values,
    ^
/Users/quzzar/Projects/vestige/src/main/java/com/quzzar/vestige/magic/effect/SpellEffects.java:128: warning: no @param for bindings
    record Manifestation(ResourceLocation kind, int durationTicks, Map<String, SpellValue> values,
    ^
/Users/quzzar/Projects/vestige/src/main/java/com/quzzar/vestige/magic/effect/SpellEffects.java:128: warning: no @param for onHit
    record Manifestation(ResourceLocation kind, int durationTicks, Map<String, SpellValue> values,
    ^
/Users/quzzar/Projects/vestige/src/main/java/com/quzzar/vestige/magic/effect/SpellEffects.java:128: warning: no @param for onTick
    record Manifestation(ResourceLocation kind, int durationTicks, Map<String, SpellValue> values,
    ^
/Users/quzzar/Projects/vestige/src/main/java/com/quzzar/vestige/magic/effect/SpellEffects.java:128: warning: no @param for onEnd
    record Manifestation(ResourceLocation kind, int durationTicks, Map<String, SpellValue> values,
    ^
/Users/quzzar/Projects/vestige/src/main/java/com/quzzar/vestige/magic/effect/SpellEffects.java:128: warning: no @param for interval
    record Manifestation(ResourceLocation kind, int durationTicks, Map<String, SpellValue> values,
    ^
/Users/quzzar/Projects/vestige/src/main/java/com/quzzar/vestige/magic/effect/SpellEffects.java:128: warning: no @param for visual
    record Manifestation(ResourceLocation kind, int durationTicks, Map<String, SpellValue> values,
    ^
/Users/quzzar/Projects/vestige/src/main/java/com/quzzar/vestige/magic/effect/SpellEffects.java:96: warning: no @param for timeoutTicks
    record AwaitRecast(int timeoutTicks) implements SpellEffects {
    ^
/Users/quzzar/Projects/vestige/src/main/java/com/quzzar/vestige/magic/effect/SpellEffects.java:79: warning: no @param for group
    record GrantTraits(ResourceLocation group, List<TraitModifier> modifiers, SpellValue duration,
    ^
/Users/quzzar/Projects/vestige/src/main/java/com/quzzar/vestige/magic/effect/SpellEffects.java:79: warning: no @param for modifiers
    record GrantTraits(ResourceLocation group, List<TraitModifier> modifiers, SpellValue duration,
    ^
/Users/quzzar/Projects/vestige/src/main/java/com/quzzar/vestige/magic/effect/SpellEffects.java:79: warning: no @param for duration
    record GrantTraits(ResourceLocation group, List<TraitModifier> modifiers, SpellValue duration,
    ^
/Users/quzzar/Projects/vestige/src/main/java/com/quzzar/vestige/magic/effect/SpellEffects.java:79: warning: no @param for target
    record GrantTraits(ResourceLocation group, List<TraitModifier> modifiers, SpellValue duration,
    ^
/Users/quzzar/Projects/vestige/src/main/java/com/quzzar/vestige/magic/effect/SpellEffects.java:74: warning: no @param for key
    record CaptureValue(ResourceLocation key, SpellValue value) implements SpellEffects {
    ^
/Users/quzzar/Projects/vestige/src/main/java/com/quzzar/vestige/magic/effect/SpellEffects.java:74: warning: no @param for value
    record CaptureValue(ResourceLocation key, SpellValue value) implements SpellEffects {
    ^
/Users/quzzar/Projects/vestige/src/main/java/com/quzzar/vestige/magic/effect/SpellEffects.java:57: warning: no @param for visual
    record Visual(SpellVisual visual) implements SpellEffects {
    ^
/Users/quzzar/Projects/vestige/src/main/java/com/quzzar/vestige/magic/effect/SpellEffects.java:47: warning: no @param for group
    record Limited(ResourceLocation group,int perTarget,int total,List<SpellEffect> effects) implements SpellEffects {
    ^
/Users/quzzar/Projects/vestige/src/main/java/com/quzzar/vestige/magic/effect/SpellEffects.java:47: warning: no @param for perTarget
    record Limited(ResourceLocation group,int perTarget,int total,List<SpellEffect> effects) implements SpellEffects {
    ^
/Users/quzzar/Projects/vestige/src/main/java/com/quzzar/vestige/magic/effect/SpellEffects.java:47: warning: no @param for total
    record Limited(ResourceLocation group,int perTarget,int total,List<SpellEffect> effects) implements SpellEffects {
    ^
/Users/quzzar/Projects/vestige/src/main/java/com/quzzar/vestige/magic/effect/SpellEffects.java:47: warning: no @param for effects
    record Limited(ResourceLocation group,int perTarget,int total,List<SpellEffect> effects) implements SpellEffects {
    ^
/Users/quzzar/Projects/vestige/src/main/java/com/quzzar/vestige/magic/effect/SpellEffects.java:42: warning: no @param for effects
    record Secondary(List<SpellEffect> effects) implements SpellEffects {
    ^
/Users/quzzar/Projects/vestige/src/main/java/com/quzzar/vestige/magic/effect/SpellEffects.java:37: warning: no @param for count
    record Repeat(int count, int interval, List<SpellEffect> effects) implements SpellEffects {
    ^
/Users/quzzar/Projects/vestige/src/main/java/com/quzzar/vestige/magic/effect/SpellEffects.java:37: warning: no @param for interval
    record Repeat(int count, int interval, List<SpellEffect> effects) implements SpellEffects {
    ^
/Users/quzzar/Projects/vestige/src/main/java/com/quzzar/vestige/magic/effect/SpellEffects.java:37: warning: no @param for effects
    record Repeat(int count, int interval, List<SpellEffect> effects) implements SpellEffects {
    ^
/Users/quzzar/Projects/vestige/src/main/java/com/quzzar/vestige/magic/effect/SpellEffects.java:32: warning: no @param for ticks
    record Delay(int ticks) implements SpellEffects {
    ^
/Users/quzzar/Projects/vestige/src/main/java/com/quzzar/vestige/magic/world/ItemManaPayload.java:14: warning: no @param for costs
public record ItemManaPayload(Map<UUID, Double> costs) implements CustomPacketPayload {
       ^
/Users/quzzar/Projects/vestige/src/main/java/com/quzzar/vestige/magic/world/PreparationPayload.java:22: warning: no @param for preparation
public record PreparationPayload(Optional<SpellRuntime.Preparation> preparation, Optional<HeldSource> heldSource) implements CustomPacketPayload {
       ^
/Users/quzzar/Projects/vestige/src/main/java/com/quzzar/vestige/magic/world/PreparationPayload.java:22: warning: no @param for heldSource
public record PreparationPayload(Optional<SpellRuntime.Preparation> preparation, Optional<HeldSource> heldSource) implements CustomPacketPayload {
       ^
/Users/quzzar/Projects/vestige/src/main/java/com/quzzar/vestige/magic/world/PreparationPayload.java:24: warning: no @param for hand
    public record HeldSource(InteractionHand hand, UUID itemKey) {
           ^
/Users/quzzar/Projects/vestige/src/main/java/com/quzzar/vestige/magic/world/PreparationPayload.java:24: warning: no @param for itemKey
    public record HeldSource(InteractionHand hand, UUID itemKey) {
           ^
/Users/quzzar/Projects/vestige/src/main/java/com/quzzar/vestige/magic/definition/SpellDefinition.java:23: warning: no @param for modes
public record SpellDefinition(
       ^
/Users/quzzar/Projects/vestige/src/main/java/com/quzzar/vestige/magic/definition/SpellDefinition.java:23: warning: no @param for source
public record SpellDefinition(
       ^
/Users/quzzar/Projects/vestige/src/main/java/com/quzzar/vestige/magic/definition/SpellDefinition.java:23: warning: no @param for variables
public record SpellDefinition(
       ^
/Users/quzzar/Projects/vestige/src/main/java/com/quzzar/vestige/magic/definition/TargetSpec.java:7: warning: no @param for selection
public record TargetSpec(Selection selection, SpellValue distance, boolean required,
       ^
/Users/quzzar/Projects/vestige/src/main/java/com/quzzar/vestige/magic/definition/TargetSpec.java:7: warning: no @param for distance
public record TargetSpec(Selection selection, SpellValue distance, boolean required,
       ^
/Users/quzzar/Projects/vestige/src/main/java/com/quzzar/vestige/magic/definition/TargetSpec.java:7: warning: no @param for required
public record TargetSpec(Selection selection, SpellValue distance, boolean required,
       ^
/Users/quzzar/Projects/vestige/src/main/java/com/quzzar/vestige/magic/definition/TargetSpec.java:7: warning: no @param for options
public record TargetSpec(Selection selection, SpellValue distance, boolean required,
       ^
/Users/quzzar/Projects/vestige/src/main/java/com/quzzar/vestige/magic/definition/TargetSpec.java:7: warning: no @param for relationship
public record TargetSpec(Selection selection, SpellValue distance, boolean required,
       ^
/Users/quzzar/Projects/vestige/src/main/java/com/quzzar/vestige/magic/definition/SpellCost.java:12: warning: no @param for ticks
    record Cooldown(int ticks) implements SpellCost {
    ^
/Users/quzzar/Projects/vestige/src/main/java/com/quzzar/vestige/magic/definition/SpellSource.java:10: warning: no @param for spell
public record SpellSource(ResourceLocation spell, Optional<ResourceLocation> school, String revision, String displayName,
       ^
/Users/quzzar/Projects/vestige/src/main/java/com/quzzar/vestige/magic/definition/SpellSource.java:10: warning: no @param for school
public record SpellSource(ResourceLocation spell, Optional<ResourceLocation> school, String revision, String displayName,
       ^
/Users/quzzar/Projects/vestige/src/main/java/com/quzzar/vestige/magic/definition/SpellSource.java:10: warning: no @param for revision
public record SpellSource(ResourceLocation spell, Optional<ResourceLocation> school, String revision, String displayName,
       ^
/Users/quzzar/Projects/vestige/src/main/java/com/quzzar/vestige/magic/definition/SpellSource.java:10: warning: no @param for displayName
public record SpellSource(ResourceLocation spell, Optional<ResourceLocation> school, String revision, String displayName,
       ^
/Users/quzzar/Projects/vestige/src/main/java/com/quzzar/vestige/magic/definition/SpellSource.java:10: warning: no @param for castType
public record SpellSource(ResourceLocation spell, Optional<ResourceLocation> school, String revision, String displayName,
       ^
/Users/quzzar/Projects/vestige/src/main/java/com/quzzar/vestige/magic/definition/SpellSource.java:10: warning: no @param for cooldownTicks
public record SpellSource(ResourceLocation spell, Optional<ResourceLocation> school, String revision, String displayName,
       ^
/Users/quzzar/Projects/vestige/src/main/java/com/quzzar/vestige/magic/definition/SpellSource.java:10: warning: no @param for reference
public record SpellSource(ResourceLocation spell, Optional<ResourceLocation> school, String revision, String displayName,
       ^
/Users/quzzar/Projects/vestige/src/main/java/com/quzzar/vestige/magic/definition/SpellSource.java:24: warning: no @param for system
    public record Reference(String system, String edition, String publication, int rank, boolean cantrip, String rarity, URI url) {
           ^
/Users/quzzar/Projects/vestige/src/main/java/com/quzzar/vestige/magic/definition/SpellSource.java:24: warning: no @param for edition
    public record Reference(String system, String edition, String publication, int rank, boolean cantrip, String rarity, URI url) {
           ^
/Users/quzzar/Projects/vestige/src/main/java/com/quzzar/vestige/magic/definition/SpellSource.java:24: warning: no @param for publication
    public record Reference(String system, String edition, String publication, int rank, boolean cantrip, String rarity, URI url) {
           ^
/Users/quzzar/Projects/vestige/src/main/java/com/quzzar/vestige/magic/definition/SpellSource.java:24: warning: no @param for rank
    public record Reference(String system, String edition, String publication, int rank, boolean cantrip, String rarity, URI url) {
           ^
/Users/quzzar/Projects/vestige/src/main/java/com/quzzar/vestige/magic/definition/SpellSource.java:24: warning: no @param for cantrip
    public record Reference(String system, String edition, String publication, int rank, boolean cantrip, String rarity, URI url) {
           ^
/Users/quzzar/Projects/vestige/src/main/java/com/quzzar/vestige/magic/definition/SpellSource.java:24: warning: no @param for rarity
    public record Reference(String system, String edition, String publication, int rank, boolean cantrip, String rarity, URI url) {
           ^
/Users/quzzar/Projects/vestige/src/main/java/com/quzzar/vestige/magic/definition/SpellSource.java:24: warning: no @param for url
    public record Reference(String system, String edition, String publication, int rank, boolean cantrip, String rarity, URI url) {
           ^
/Users/quzzar/Projects/vestige/src/main/java/com/quzzar/vestige/magic/definition/SpellMode.java:8: warning: no @param for id
public record SpellMode(ResourceLocation id, List<SpellCost> costs, List<SpellEffect> effects) {
       ^
/Users/quzzar/Projects/vestige/src/main/java/com/quzzar/vestige/magic/definition/SpellMode.java:8: warning: no @param for costs
public record SpellMode(ResourceLocation id, List<SpellCost> costs, List<SpellEffect> effects) {
       ^
/Users/quzzar/Projects/vestige/src/main/java/com/quzzar/vestige/magic/definition/SpellMode.java:8: warning: no @param for effects
public record SpellMode(ResourceLocation id, List<SpellCost> costs, List<SpellEffect> effects) {
       ^
/Users/quzzar/Projects/vestige/src/main/java/com/quzzar/vestige/magic/definition/ItemAbilityDefinition.java:12: warning: no @param for id
public record ItemAbilityDefinition(ResourceLocation id, TraitProfile traits,
       ^
/Users/quzzar/Projects/vestige/src/main/java/com/quzzar/vestige/magic/definition/ItemAbilityDefinition.java:12: warning: no @param for traits
public record ItemAbilityDefinition(ResourceLocation id, TraitProfile traits,
       ^
/Users/quzzar/Projects/vestige/src/main/java/com/quzzar/vestige/magic/definition/ItemAbilityDefinition.java:12: warning: no @param for variables
public record ItemAbilityDefinition(ResourceLocation id, TraitProfile traits,
       ^
/Users/quzzar/Projects/vestige/src/main/java/com/quzzar/vestige/magic/definition/ItemAbilityDefinition.java:12: warning: no @param for costs
public record ItemAbilityDefinition(ResourceLocation id, TraitProfile traits,
       ^
/Users/quzzar/Projects/vestige/src/main/java/com/quzzar/vestige/magic/definition/ItemAbilityDefinition.java:12: warning: no @param for triggers
public record ItemAbilityDefinition(ResourceLocation id, TraitProfile traits,
       ^
/Users/quzzar/Projects/vestige/src/main/java/com/quzzar/vestige/magic/definition/ItemAbilityDefinition.java:12: warning: no @param for effects
public record ItemAbilityDefinition(ResourceLocation id, TraitProfile traits,
       ^
/Users/quzzar/Projects/vestige/src/main/java/com/quzzar/vestige/magic/definition/ItemAbilityDefinition.java:12: warning: no @param for activation
public record ItemAbilityDefinition(ResourceLocation id, TraitProfile traits,
       ^
/Users/quzzar/Projects/vestige/src/main/java/com/quzzar/vestige/magic/expression/SpellValue.java:31: warning: no @param for path
    record Fact(ResourceLocation path) implements SpellValue {
    ^
/Users/quzzar/Projects/vestige/src/main/java/com/quzzar/vestige/magic/expression/SpellValue.java:25: warning: no @param for value
    record Clamp(SpellValue value,double minimum,double maximum) implements SpellValue {
    ^
/Users/quzzar/Projects/vestige/src/main/java/com/quzzar/vestige/magic/expression/SpellValue.java:25: warning: no @param for minimum
    record Clamp(SpellValue value,double minimum,double maximum) implements SpellValue {
    ^
/Users/quzzar/Projects/vestige/src/main/java/com/quzzar/vestige/magic/expression/SpellValue.java:25: warning: no @param for maximum
    record Clamp(SpellValue value,double minimum,double maximum) implements SpellValue {
    ^
/Users/quzzar/Projects/vestige/src/main/java/com/quzzar/vestige/magic/expression/SpellValue.java:19: warning: no @param for key
    record Variable(ResourceLocation key) implements SpellValue {
    ^
/Users/quzzar/Projects/vestige/src/main/java/com/quzzar/vestige/magic/data/RuntimeMagicLoader.java:16: warning: no @param for <T>
public abstract class RuntimeMagicLoader<T extends MagicDefinition> extends SimpleJsonResourceReloadListener {
                ^
/Users/quzzar/Projects/vestige/src/main/java/com/quzzar/vestige/magic/presentation/SpellSensePayload.java:12: warning: no @param for lease
public record SpellSensePayload(UUID lease, ResourceLocation dimension, String kind, int entityId, UUID entity,
       ^
/Users/quzzar/Projects/vestige/src/main/java/com/quzzar/vestige/magic/presentation/SpellSensePayload.java:12: warning: no @param for dimension
public record SpellSensePayload(UUID lease, ResourceLocation dimension, String kind, int entityId, UUID entity,
       ^
/Users/quzzar/Projects/vestige/src/main/java/com/quzzar/vestige/magic/presentation/SpellSensePayload.java:12: warning: no @param for kind
public record SpellSensePayload(UUID lease, ResourceLocation dimension, String kind, int entityId, UUID entity,
       ^
/Users/quzzar/Projects/vestige/src/main/java/com/quzzar/vestige/magic/presentation/SpellSensePayload.java:12: warning: no @param for entityId
public record SpellSensePayload(UUID lease, ResourceLocation dimension, String kind, int entityId, UUID entity,
       ^
/Users/quzzar/Projects/vestige/src/main/java/com/quzzar/vestige/magic/presentation/SpellSensePayload.java:12: warning: no @param for entity
public record SpellSensePayload(UUID lease, ResourceLocation dimension, String kind, int entityId, UUID entity,
       ^
/Users/quzzar/Projects/vestige/src/main/java/com/quzzar/vestige/magic/presentation/SpellSensePayload.java:12: warning: no @param for center
public record SpellSensePayload(UUID lease, ResourceLocation dimension, String kind, int entityId, UUID entity,
       ^
/Users/quzzar/Projects/vestige/src/main/java/com/quzzar/vestige/magic/presentation/SpellSensePayload.java:12: warning: no @param for radius
public record SpellSensePayload(UUID lease, ResourceLocation dimension, String kind, int entityId, UUID entity,
       ^
/Users/quzzar/Projects/vestige/src/main/java/com/quzzar/vestige/magic/presentation/SpellSensePayload.java:12: warning: no @param for duration
public record SpellSensePayload(UUID lease, ResourceLocation dimension, String kind, int entityId, UUID entity,
       ^
/Users/quzzar/Projects/vestige/src/main/java/com/quzzar/vestige/magic/presentation/SpellSensePayload.java:12: warning: no @param for stop
public record SpellSensePayload(UUID lease, ResourceLocation dimension, String kind, int entityId, UUID entity,
       ^
/Users/quzzar/Projects/vestige/src/main/java/com/quzzar/vestige/magic/presentation/SpellVisualPayload.java:15: warning: no @param for id
public record SpellVisualPayload(UUID id, ResourceLocation dimension, SpellVisual.Resolved visual,
       ^
/Users/quzzar/Projects/vestige/src/main/java/com/quzzar/vestige/magic/presentation/SpellVisualPayload.java:15: warning: no @param for dimension
public record SpellVisualPayload(UUID id, ResourceLocation dimension, SpellVisual.Resolved visual,
       ^
/Users/quzzar/Projects/vestige/src/main/java/com/quzzar/vestige/magic/presentation/SpellVisualPayload.java:15: warning: no @param for visual
public record SpellVisualPayload(UUID id, ResourceLocation dimension, SpellVisual.Resolved visual,
       ^
/Users/quzzar/Projects/vestige/src/main/java/com/quzzar/vestige/magic/presentation/SpellVisualPayload.java:15: warning: no @param for points
public record SpellVisualPayload(UUID id, ResourceLocation dimension, SpellVisual.Resolved visual,
       ^
/Users/quzzar/Projects/vestige/src/main/java/com/quzzar/vestige/magic/presentation/SpellVisualPayload.java:15: warning: no @param for seed
public record SpellVisualPayload(UUID id, ResourceLocation dimension, SpellVisual.Resolved visual,
       ^
/Users/quzzar/Projects/vestige/src/main/java/com/quzzar/vestige/magic/presentation/SpellVisualPayload.java:15: warning: no @param for elapsed
public record SpellVisualPayload(UUID id, ResourceLocation dimension, SpellVisual.Resolved visual,
       ^
/Users/quzzar/Projects/vestige/src/main/java/com/quzzar/vestige/magic/presentation/SpellVisualPayload.java:15: warning: no @param for follow
public record SpellVisualPayload(UUID id, ResourceLocation dimension, SpellVisual.Resolved visual,
       ^
/Users/quzzar/Projects/vestige/src/main/java/com/quzzar/vestige/magic/presentation/SpellVisualPayload.java:15: warning: no @param for stop
public record SpellVisualPayload(UUID id, ResourceLocation dimension, SpellVisual.Resolved visual,
       ^
/Users/quzzar/Projects/vestige/src/main/java/com/quzzar/vestige/magic/presentation/SpellVisualPayload.java:15: warning: no @param for burst
public record SpellVisualPayload(UUID id, ResourceLocation dimension, SpellVisual.Resolved visual,
       ^

> Task :compileTestJava
Note: Some input files use or override a deprecated API.
Note: Recompile with -Xlint:deprecation for details.

> Task :testClasses

> Task :runEffectsCapture
[00:29:20] [pool-8-thread-1/INFO] [MixinExtras|Service/]: Initializing MixinExtras via com.llamalad7.mixinextras.service.MixinExtrasServiceImpl(version=0.4.1).
[00:29:20] [pool-8-thread-1/DEBUG] [mixin/]: Registering new injector for @SugarWrapper with com.llamalad7.mixinextras.sugar.impl.SugarWrapperInjectionInfo
[00:29:20] [pool-8-thread-1/DEBUG] [mixin/]: Registering new injector for @FactoryRedirectWrapper with com.llamalad7.mixinextras.wrapper.factory.FactoryRedirectWrapperInjectionInfo
[00:29:20] [pool-8-thread-1/DEBUG] [mixin/]: Mixing MappedRegistryAccessor from neoforge.mixins.json into net.minecraft.core.MappedRegistry
[00:29:24] [pool-8-thread-1/DEBUG] [mixin/]: Mixing PlayerArmorSlot from vestige.equipment.mixins.json into net.minecraft.world.entity.player.Player
[00:29:24] [Datafixer Bootstrap/INFO] [mojang/DataFixerBuilder]: 229 Datafixer optimizations took 8556 milliseconds
[00:29:25] [pool-8-thread-1/DEBUG] [mixin/]: vestige.equipment.mixins.json:PlayerArmorSlot from mod vestige->@Inject::vestige$remove(Lnet/minecraft/world/entity/EquipmentSlot;Lnet/minecraft/world/item/ItemStack;Lorg/spongepowered/asm/mixin/injection/callback/CallbackInfo;)V doesn't use it's CallbackInfo
[00:29:25] [pool-8-thread-1/DEBUG] [mixin/]: vestige.equipment.mixins.json:PlayerArmorSlot from mod vestige->@Inject::vestige$remove(Lnet/minecraft/world/entity/EquipmentSlot;Lnet/minecraft/world/item/ItemStack;Lorg/spongepowered/asm/mixin/injection/callback/CallbackInfo;)V has 0 override(s) in child classes
[00:29:25] [pool-8-thread-1/DEBUG] [mixin/]: vestige.equipment.mixins.json:PlayerArmorSlot from mod vestige->@Inject::vestige$remove(Lnet/minecraft/world/entity/EquipmentSlot;Lnet/minecraft/world/item/ItemStack;Lorg/spongepowered/asm/mixin/injection/callback/CallbackInfo;)V won't be passed a CallbackInfo as a result
[00:29:25] [pool-8-thread-1/DEBUG] [mixin/]: vestige.equipment.mixins.json:PlayerArmorSlot from mod vestige->@Inject::vestige$clamp(Lnet/minecraft/world/entity/EquipmentSlot;Lnet/minecraft/world/item/ItemStack;Lorg/spongepowered/asm/mixin/injection/callback/CallbackInfo;)V doesn't use it's CallbackInfo
[00:29:25] [pool-8-thread-1/DEBUG] [mixin/]: vestige.equipment.mixins.json:PlayerArmorSlot from mod vestige->@Inject::vestige$clamp(Lnet/minecraft/world/entity/EquipmentSlot;Lnet/minecraft/world/item/ItemStack;Lorg/spongepowered/asm/mixin/injection/callback/CallbackInfo;)V has 0 override(s) in child classes
[00:29:25] [pool-8-thread-1/DEBUG] [mixin/]: vestige.equipment.mixins.json:PlayerArmorSlot from mod vestige->@Inject::vestige$clamp(Lnet/minecraft/world/entity/EquipmentSlot;Lnet/minecraft/world/item/ItemStack;Lorg/spongepowered/asm/mixin/injection/callback/CallbackInfo;)V won't be passed a CallbackInfo as a result
[00:29:26] [pool-8-thread-1/DEBUG] [mixin/]: Mixing LivingDamageAccess from vestige.equipment.mixins.json into net.minecraft.world.entity.LivingEntity
[00:29:26] [pool-8-thread-1/DEBUG] [mixin/]: Mixing ArmorProtection from vestige.equipment.mixins.json into net.minecraft.world.entity.LivingEntity
[00:29:39] [pool-8-thread-1/DEBUG] [mixin/]: Mixing BlockEntityTypeAccessor from neoforge.mixins.json into net.minecraft.world.level.block.entity.BlockEntityType

> Task :javadoc
100 warnings

> Task :javadocJar
> Task :assemble
> Task :test

> Task :runEffectsCapture
[00:30:04] [pool-8-thread-1/DEBUG] [io.ne.ut.in.PlatformDependent0/]: -Dio.netty.noUnsafe: false
[00:30:04] [pool-8-thread-1/DEBUG] [io.ne.ut.in.PlatformDependent0/]: Java version: 21
[00:30:04] [pool-8-thread-1/DEBUG] [io.ne.ut.in.PlatformDependent0/]: sun.misc.Unsafe.theUnsafe: available
[00:30:04] [pool-8-thread-1/DEBUG] [io.ne.ut.in.PlatformDependent0/]: sun.misc.Unsafe.copyMemory: available
[00:30:04] [pool-8-thread-1/DEBUG] [io.ne.ut.in.PlatformDependent0/]: sun.misc.Unsafe.storeFence: available
[00:30:04] [pool-8-thread-1/DEBUG] [io.ne.ut.in.PlatformDependent0/]: java.nio.Buffer.address: available
[00:30:04] [pool-8-thread-1/DEBUG] [io.ne.ut.in.PlatformDependent0/]: direct buffer constructor: unavailable: Reflective setAccessible(true) disabled
[00:30:04] [pool-8-thread-1/DEBUG] [io.ne.ut.in.PlatformDependent0/]: java.nio.Bits.unaligned: available, true
[00:30:04] [pool-8-thread-1/DEBUG] [io.ne.ut.in.PlatformDependent0/]: jdk.internal.misc.Unsafe.allocateUninitializedArray(int): unavailable: class io.netty.util.internal.PlatformDependent0$7 (in module io.netty.common) cannot access class jdk.internal.misc.Unsafe (in module java.base) because module java.base does not export jdk.internal.misc to module io.netty.common
[00:30:04] [pool-8-thread-1/DEBUG] [io.ne.ut.in.PlatformDependent0/]: java.nio.DirectByteBuffer.<init>(long, {int,long}): unavailable
[00:30:04] [pool-8-thread-1/DEBUG] [io.ne.ut.in.PlatformDependent/]: sun.misc.Unsafe: available
[00:30:04] [pool-8-thread-1/DEBUG] [io.ne.ut.in.PlatformDependent/]: maxDirectMemory: 8589934592 bytes (maybe)
[00:30:04] [pool-8-thread-1/DEBUG] [io.ne.ut.in.PlatformDependent/]: -Dio.netty.tmpdir: /var/folders/x7/my3yq15j6c1gf4m_rm5k2b8c0000gn/T (java.io.tmpdir)
[00:30:04] [pool-8-thread-1/DEBUG] [io.ne.ut.in.PlatformDependent/]: -Dio.netty.bitMode: 64 (sun.arch.data.model)
[00:30:04] [pool-8-thread-1/DEBUG] [io.ne.ut.in.PlatformDependent/]: Platform: MacOS
[00:30:04] [pool-8-thread-1/DEBUG] [io.ne.ut.in.PlatformDependent/]: -Dio.netty.maxDirectMemory: -1 bytes
[00:30:04] [pool-8-thread-1/DEBUG] [io.ne.ut.in.PlatformDependent/]: -Dio.netty.uninitializedArrayAllocationThreshold: -1
[00:30:04] [pool-8-thread-1/DEBUG] [io.ne.ut.in.CleanerJava9/]: java.nio.ByteBuffer.cleaner(): available
[00:30:04] [pool-8-thread-1/DEBUG] [io.ne.ut.in.PlatformDependent/]: -Dio.netty.noPreferDirect: false
[00:30:31] [pool-8-thread-1/DEBUG] [mixin/]: Mixing InventoryArmorSlot from vestige.equipment.mixins.json into net.minecraft.world.entity.player.Inventory
[00:30:32] [pool-8-thread-1/DEBUG] [mixin/]: vestige.equipment.mixins.json:InventoryArmorSlot from mod vestige->@Inject::vestige$remove(ILnet/minecraft/world/item/ItemStack;Lorg/spongepowered/asm/mixin/injection/callback/CallbackInfo;)V doesn't use it's CallbackInfo
[00:30:32] [pool-8-thread-1/DEBUG] [mixin/]: vestige.equipment.mixins.json:InventoryArmorSlot from mod vestige->@Inject::vestige$remove(ILnet/minecraft/world/item/ItemStack;Lorg/spongepowered/asm/mixin/injection/callback/CallbackInfo;)V has 0 override(s) in child classes
[00:30:32] [pool-8-thread-1/DEBUG] [mixin/]: vestige.equipment.mixins.json:InventoryArmorSlot from mod vestige->@Inject::vestige$remove(ILnet/minecraft/world/item/ItemStack;Lorg/spongepowered/asm/mixin/injection/callback/CallbackInfo;)V won't be passed a CallbackInfo as a result
[00:30:32] [pool-8-thread-1/DEBUG] [mixin/]: vestige.equipment.mixins.json:InventoryArmorSlot from mod vestige->@Inject::vestige$clamp(ILnet/minecraft/world/item/ItemStack;Lorg/spongepowered/asm/mixin/injection/callback/CallbackInfo;)V doesn't use it's CallbackInfo
[00:30:32] [pool-8-thread-1/DEBUG] [mixin/]: vestige.equipment.mixins.json:InventoryArmorSlot from mod vestige->@Inject::vestige$clamp(ILnet/minecraft/world/item/ItemStack;Lorg/spongepowered/asm/mixin/injection/callback/CallbackInfo;)V has 0 override(s) in child classes
[00:30:32] [pool-8-thread-1/DEBUG] [mixin/]: vestige.equipment.mixins.json:InventoryArmorSlot from mod vestige->@Inject::vestige$clamp(ILnet/minecraft/world/item/ItemStack;Lorg/spongepowered/asm/mixin/injection/callback/CallbackInfo;)V won't be passed a CallbackInfo as a result
[00:30:50] [main/WARN] [minecraft/Commands]: Ambiguity between arguments [teleport, location] and [teleport, destination] with inputs: [0.1 -0.5 .9, 0 0 0]
[00:30:50] [main/WARN] [minecraft/Commands]: Ambiguity between arguments [teleport, location] and [teleport, targets] with inputs: [0.1 -0.5 .9, 0 0 0]
[00:30:50] [main/WARN] [minecraft/Commands]: Ambiguity between arguments [teleport, destination] and [teleport, targets] with inputs: [Player, 0123, @e, dd12be42-52a9-4a91-a8a1-11c01849e498]
[00:30:50] [main/WARN] [minecraft/Commands]: Ambiguity between arguments [teleport, targets] and [teleport, destination] with inputs: [Player, 0123, dd12be42-52a9-4a91-a8a1-11c01849e498]
[00:30:50] [main/WARN] [minecraft/Commands]: Ambiguity between arguments [teleport, targets, location] and [teleport, targets, destination] with inputs: [0.1 -0.5 .9, 0 0 0]
[00:30:50] [Render thread/WARN] [minecraft/VanillaPackResourcesBuilder]: Assets URL 'union:/private/tmp/vestige-robes-hanging-build-2026-10-08/moddev/artifacts/neoforge-21.1.72-minecraft.jar%23178!/assets/.mcassetsroot' uses unexpected schema
[00:30:50] [Render thread/WARN] [minecraft/VanillaPackResourcesBuilder]: Assets URL 'union:/private/tmp/vestige-robes-hanging-build-2026-10-08/moddev/artifacts/neoforge-21.1.72-minecraft.jar%23178!/data/.mcassetsroot' uses unexpected schema
[00:30:50] [Render thread/INFO] [mojang/YggdrasilAuthenticationService]: Environment: Environment[sessionHost=https://sessionserver.mojang.com, servicesHost=https://api.minecraftservices.com, name=PROD]
[00:30:50] [Render thread/INFO] [minecraft/Minecraft]: Setting user: Dev
[00:30:51] [Render thread/INFO] [minecraft/Minecraft]: Backend library: LWJGL version 3.3.3+5
[00:30:51] [Render thread/DEBUG] [ne.ne.fm.ModWorkManager/LOADING]: Using 10 threads for parallel mod-loading
UNSUPPORTED (log once): POSSIBLE ISSUE: unit 0 GLD_TEXTURE_INDEX_2D is unloadable and bound to sampler type (Float) - using zero texture because texture unloadable
[00:30:51] [Render thread/DEBUG] [ne.ne.fm.ja.FMLModContainer/LOADING]: Creating FMLModContainer instance for [com.quzzar.kithkyn.Kithkyn]
[00:30:51] [Render thread/DEBUG] [ne.ne.fm.ja.FMLModContainer/LOADING]: Creating FMLModContainer instance for [com.quzzar.vestige.VestigeMod]
[00:30:51] [Render thread/DEBUG] [ne.ne.fm.ja.FMLModContainer/LOADING]: Creating FMLModContainer instance for [net.neoforged.neoforge.common.NeoForgeMod, net.neoforged.neoforge.client.ClientNeoForgeMod]
[00:30:51] [modloading-worker-0/DEBUG] [ne.ne.ne.in.ve.ne.NeoForgeVersion/CORE]: Found NeoForge version 21.1.72
[00:30:51] [modloading-worker-0/DEBUG] [ne.ne.ne.in.ve.ne.NeoForgeVersion/CORE]: Found FML version 4.0.29
[00:30:51] [modloading-worker-0/INFO] [ne.ne.ne.co.NeoForgeMod/NEOFORGE-MOD]: NeoForge mod loading, version 21.1.72, for MC 1.21.1
[00:30:52] [modloading-worker-0/DEBUG] [ne.ne.fm.co.ConfigTracker/CONFIG]: Config file neoforge-client.toml for neoforge tracking
[00:30:52] [modloading-worker-0/DEBUG] [ne.ne.fm.co.ConfigTracker/CONFIG]: Config file neoforge-server.toml for neoforge tracking
[00:30:52] [modloading-worker-0/DEBUG] [ne.ne.fm.co.ConfigTracker/CONFIG]: Config file neoforge-common.toml for neoforge tracking
[00:30:52] [modloading-worker-0/DEBUG] [ne.ne.fm.co.ConfigTracker/CONFIG]: Config file kithkyn-common.toml for kithkyn tracking
[00:30:52] [modloading-worker-0/DEBUG] [ne.ne.fm.co.ConfigTracker/CONFIG]: Config file kithkyn-advanced.toml for kithkyn tracking
[00:30:52] [modloading-worker-0/DEBUG] [ne.ne.fm.ja.AutomaticEventSubscriber/LOADING]: Attempting to inject @EventBusSubscriber classes into the eventbus for kithkyn
[00:30:52] [modloading-worker-0/DEBUG] [ne.ne.fm.ja.AutomaticEventSubscriber/LOADING]: Auto-subscribing com.quzzar.kithkyn.entities.ai.goals.work.ContainerVisit to GAME
[00:30:52] [modloading-worker-0/DEBUG] [ne.ne.fm.ja.AutomaticEventSubscriber/LOADING]: Auto-subscribing com.quzzar.kithkyn.client.gui.TradeSelfTest to GAME
[00:30:52] [modloading-worker-0/DEBUG] [ne.ne.fm.ja.AutomaticEventSubscriber/LOADING]: Auto-subscribing com.quzzar.kithkyn.client.gui.UiPreview to GAME
[00:30:52] [modloading-worker-0/DEBUG] [ne.ne.fm.ja.AutomaticEventSubscriber/LOADING]: Auto-subscribing com.quzzar.kithkyn.events.CoreEvents to GAME
[00:30:52] [modloading-worker-0/DEBUG] [ne.ne.fm.ja.AutomaticEventSubscriber/LOADING]: Auto-subscribing com.quzzar.kithkyn.events.GolemEvents to GAME
[00:30:52] [modloading-worker-0/DEBUG] [ne.ne.fm.ja.AutomaticEventSubscriber/LOADING]: Auto-subscribing com.quzzar.kithkyn.events.AllayEvents to GAME
[00:30:52] [modloading-worker-0/DEBUG] [ne.ne.fm.ja.AutomaticEventSubscriber/LOADING]: Auto-subscribing com.quzzar.kithkyn.events.PersonClientEvents to MOD
[00:30:52] [modloading-worker-0/DEBUG] [ne.ne.fm.ja.AutomaticEventSubscriber/LOADING]: Auto-subscribing com.quzzar.kithkyn.events.RepairEvents to GAME
[00:30:52] [modloading-worker-0/DEBUG] [ne.ne.fm.ja.AutomaticEventSubscriber/LOADING]: Auto-subscribing com.quzzar.kithkyn.events.BlockPlacementEvents to GAME
[00:30:52] [modloading-worker-0/DEBUG] [ne.ne.fm.ja.AutomaticEventSubscriber/LOADING]: Auto-subscribing com.quzzar.kithkyn.events.VillageEntryTitle to GAME
[00:30:52] [modloading-worker-0/DEBUG] [ne.ne.fm.ja.AutomaticEventSubscriber/LOADING]: Auto-subscribing com.quzzar.kithkyn.events.CustodyEvents to GAME
[00:30:52] [modloading-worker-0/DEBUG] [ne.ne.fm.ja.AutomaticEventSubscriber/LOADING]: Auto-subscribing com.quzzar.kithkyn.events.KithkynCommands to GAME
[00:30:52] [modloading-worker-0/DEBUG] [ne.ne.fm.ja.AutomaticEventSubscriber/LOADING]: Auto-subscribing com.quzzar.kithkyn.dev.BirchVillageVerification to GAME
[00:30:53] [modloading-worker-0/DEBUG] [ne.ne.fm.ja.AutomaticEventSubscriber/LOADING]: Auto-subscribing com.quzzar.kithkyn.dev.CastleRolesVerification to GAME
[00:30:53] [modloading-worker-0/DEBUG] [ne.ne.fm.ja.AutomaticEventSubscriber/LOADING]: Auto-subscribing com.quzzar.kithkyn.dev.BuildingPlacementVerification to GAME
[00:30:53] [modloading-worker-0/DEBUG] [ne.ne.fm.ja.AutomaticEventSubscriber/LOADING]: Attempting to inject @EventBusSubscriber classes into the eventbus for neoforge
[00:30:53] [modloading-worker-0/DEBUG] [ne.ne.fm.ja.AutomaticEventSubscriber/LOADING]: Auto-subscribing net.neoforged.neoforge.server.command.ConfigCommand to GAME
[00:30:53] [modloading-worker-0/DEBUG] [ne.ne.fm.ja.AutomaticEventSubscriber/LOADING]: Auto-subscribing net.neoforged.neoforge.network.filters.GenericPacketSplitter to MOD
[00:30:53] [modloading-worker-0/DEBUG] [ne.ne.fm.ja.AutomaticEventSubscriber/LOADING]: Auto-subscribing com.quzzar.kithkyn.dev.AccessoryEvidenceVerification to GAME
[00:30:53] [modloading-worker-0/DEBUG] [ne.ne.fm.ja.AutomaticEventSubscriber/LOADING]: Auto-subscribing com.quzzar.kithkyn.dev.ChestTakeOutVerification to GAME
[00:30:53] [modloading-worker-0/DEBUG] [ne.ne.fm.ja.AutomaticEventSubscriber/LOADING]: Auto-subscribing com.quzzar.kithkyn.dev.CastleConstructionVerification to GAME
[00:30:53] [modloading-worker-0/DEBUG] [ne.ne.fm.ja.AutomaticEventSubscriber/LOADING]: Auto-subscribing com.quzzar.kithkyn.dev.WallFoundationVerification to GAME
[00:30:53] [modloading-worker-0/DEBUG] [ne.ne.fm.ja.AutomaticEventSubscriber/LOADING]: Auto-subscribing com.quzzar.kithkyn.dev.WorkerRecoveryVerification to GAME
[00:30:53] [modloading-worker-0/DEBUG] [ne.ne.fm.ja.AutomaticEventSubscriber/LOADING]: Auto-subscribing com.quzzar.kithkyn.dev.VillageCleanup to GAME
[00:30:53] [modloading-worker-0/DEBUG] [ne.ne.fm.ja.AutomaticEventSubscriber/LOADING]: Auto-subscribing com.quzzar.kithkyn.dev.LowPassageVerification to GAME
[00:30:53] [modloading-worker-0/DEBUG] [ne.ne.fm.ja.AutomaticEventSubscriber/LOADING]: Auto-subscribing com.quzzar.kithkyn.dev.RedevelopmentBenchmark to GAME
[00:30:53] [modloading-worker-0/DEBUG] [ne.ne.fm.ja.AutomaticEventSubscriber/LOADING]: Auto-subscribing com.quzzar.kithkyn.dev.BadlandsVillageVerification to GAME
[00:30:53] [modloading-worker-0/DEBUG] [io.ne.bu.AbstractByteBuf/]: -Dio.netty.buffer.checkAccessible: true
[00:30:53] [modloading-worker-0/DEBUG] [io.ne.bu.AbstractByteBuf/]: -Dio.netty.buffer.checkBounds: true
[00:30:53] [modloading-worker-0/DEBUG] [io.ne.ut.ResourceLeakDetectorFactory/]: Loaded default ResourceLeakDetector: io.netty.util.ResourceLeakDetector@7c5d5da7
[00:30:53] [modloading-worker-0/DEBUG] [io.ne.ut.in.InternalThreadLocalMap/]: -Dio.netty.threadLocalMap.stringBuilder.initialSize: 1024
[00:30:53] [modloading-worker-0/DEBUG] [io.ne.ut.in.InternalThreadLocalMap/]: -Dio.netty.threadLocalMap.stringBuilder.maxSize: 4096
[00:30:53] [modloading-worker-0/DEBUG] [io.ne.bu.PooledByteBufAllocator/]: -Dio.netty.allocator.numHeapArenas: 20
[00:30:53] [modloading-worker-0/DEBUG] [io.ne.bu.PooledByteBufAllocator/]: -Dio.netty.allocator.numDirectArenas: 20
[00:30:53] [modloading-worker-0/DEBUG] [io.ne.bu.PooledByteBufAllocator/]: -Dio.netty.allocator.pageSize: 8192
[00:30:53] [modloading-worker-0/DEBUG] [io.ne.bu.PooledByteBufAllocator/]: -Dio.netty.allocator.maxOrder: 9
[00:30:53] [modloading-worker-0/DEBUG] [io.ne.bu.PooledByteBufAllocator/]: -Dio.netty.allocator.chunkSize: 4194304
[00:30:53] [modloading-worker-0/DEBUG] [io.ne.bu.PooledByteBufAllocator/]: -Dio.netty.allocator.smallCacheSize: 256
[00:30:53] [modloading-worker-0/DEBUG] [io.ne.bu.PooledByteBufAllocator/]: -Dio.netty.allocator.normalCacheSize: 64
[00:30:53] [modloading-worker-0/DEBUG] [io.ne.bu.PooledByteBufAllocator/]: -Dio.netty.allocator.maxCachedBufferCapacity: 32768
[00:30:53] [modloading-worker-0/DEBUG] [io.ne.bu.PooledByteBufAllocator/]: -Dio.netty.allocator.cacheTrimInterval: 8192
[00:30:53] [modloading-worker-0/DEBUG] [io.ne.bu.PooledByteBufAllocator/]: -Dio.netty.allocator.cacheTrimIntervalMillis: 0
[00:30:53] [modloading-worker-0/DEBUG] [io.ne.bu.PooledByteBufAllocator/]: -Dio.netty.allocator.useCacheForAllThreads: false
[00:30:53] [modloading-worker-0/DEBUG] [io.ne.bu.PooledByteBufAllocator/]: -Dio.netty.allocator.maxCachedByteBuffersPerChunk: 1023
[00:30:53] [modloading-worker-0/DEBUG] [ne.ne.fm.ja.AutomaticEventSubscriber/LOADING]: Auto-subscribing com.quzzar.kithkyn.dev.VinePassageVerification to GAME
[00:30:53] [modloading-worker-0/DEBUG] [ne.ne.fm.ja.AutomaticEventSubscriber/LOADING]: Auto-subscribing com.quzzar.kithkyn.dev.AllayVerification to GAME
[00:30:54] [modloading-worker-0/DEBUG] [ne.ne.fm.ja.AutomaticEventSubscriber/LOADING]: Auto-subscribing com.quzzar.kithkyn.dev.RedevelopmentVerification to GAME
[00:30:54] [modloading-worker-0/DEBUG] [io.ne.bu.ByteBufUtil/]: -Dio.netty.allocator.type: pooled
[00:30:54] [modloading-worker-0/DEBUG] [io.ne.bu.ByteBufUtil/]: -Dio.netty.threadLocalDirectBufferSize: 0
[00:30:54] [modloading-worker-0/DEBUG] [io.ne.bu.ByteBufUtil/]: -Dio.netty.maxThreadLocalCharBufferSize: 16384
[00:30:54] [modloading-worker-0/DEBUG] [ne.ne.fm.ja.AutomaticEventSubscriber/LOADING]: Auto-subscribing com.quzzar.kithkyn.dev.BellRecallVerification to GAME
[00:30:54] [modloading-worker-0/DEBUG] [ne.ne.fm.ja.AutomaticEventSubscriber/LOADING]: Auto-subscribing com.quzzar.kithkyn.dev.RepairVerification to GAME
[00:30:54] [modloading-worker-0/DEBUG] [ne.ne.fm.ja.AutomaticEventSubscriber/LOADING]: Auto-subscribing net.neoforged.neoforge.network.NetworkInitialization to MOD
[00:30:54] [modloading-worker-0/DEBUG] [ne.ne.fm.ja.AutomaticEventSubscriber/LOADING]: Auto-subscribing net.neoforged.neoforge.network.ConfigurationInitialization to MOD
[00:30:54] [modloading-worker-0/DEBUG] [ne.ne.fm.ja.AutomaticEventSubscriber/LOADING]: Auto-subscribing com.quzzar.kithkyn.dev.VillageAudit to GAME
[00:30:54] [modloading-worker-0/DEBUG] [ne.ne.fm.ja.AutomaticEventSubscriber/LOADING]: Auto-subscribing net.neoforged.neoforge.common.MonsterRoomHooks to GAME
[00:30:54] [modloading-worker-0/DEBUG] [ne.ne.fm.ja.AutomaticEventSubscriber/LOADING]: Auto-subscribing net.neoforged.neoforge.common.DeferredSpawnEggItem$CommonHandler to MOD
[00:30:54] [modloading-worker-0/DEBUG] [ne.ne.fm.ja.AutomaticEventSubscriber/LOADING]: Auto-subscribing net.neoforged.neoforge.common.DeferredSpawnEggItem$ColorRegisterHandler to MOD
[00:30:54] [modloading-worker-0/DEBUG] [ne.ne.fm.ja.AutomaticEventSubscriber/LOADING]: Auto-subscribing net.neoforged.neoforge.client.model.data.ModelDataManager to GAME
[00:30:54] [modloading-worker-0/DEBUG] [ne.ne.fm.ja.AutomaticEventSubscriber/LOADING]: Auto-subscribing net.neoforged.neoforge.client.ParticleBoundsDebugRenderer to GAME
[00:30:54] [modloading-worker-0/DEBUG] [ne.ne.fm.ja.AutomaticEventSubscriber/LOADING]: Auto-subscribing com.quzzar.kithkyn.dev.GateBannerVerification to GAME
[00:30:54] [modloading-worker-0/DEBUG] [ne.ne.fm.ja.AutomaticEventSubscriber/LOADING]: Auto-subscribing com.quzzar.kithkyn.dev.CompanionPetVerification to GAME
[00:30:54] [modloading-worker-0/DEBUG] [ne.ne.fm.ja.AutomaticEventSubscriber/LOADING]: Auto-subscribing com.quzzar.kithkyn.dev.ApprovedHouseVerification to GAME
[00:30:54] [modloading-worker-0/DEBUG] [ne.ne.fm.ja.AutomaticEventSubscriber/LOADING]: Auto-subscribing net.neoforged.neoforge.client.ClientHooks$ClientEvents to MOD
[00:30:54] [modloading-worker-0/DEBUG] [ne.ne.fm.ja.AutomaticEventSubscriber/LOADING]: Auto-subscribing net.neoforged.neoforge.client.BlockEntityRenderBoundsDebugRenderer to GAME
[00:30:54] [modloading-worker-0/DEBUG] [ne.ne.fm.ja.AutomaticEventSubscriber/LOADING]: Auto-subscribing net.neoforged.neoforge.attachment.AttachmentInternals to GAME
[00:30:54] [modloading-worker-0/DEBUG] [ne.ne.fm.ja.AutomaticEventSubscriber/LOADING]: Auto-subscribing com.quzzar.kithkyn.dev.GateAccessVerification to GAME
[00:30:54] [modloading-worker-0/DEBUG] [ne.ne.fm.ja.AutomaticEventSubscriber/LOADING]: Auto-subscribing com.quzzar.kithkyn.dev.FoundingGrowthVerification to GAME
[00:30:54] [modloading-worker-0/DEBUG] [ne.ne.fm.ja.AutomaticEventSubscriber/LOADING]: Auto-subscribing com.quzzar.kithkyn.dev.QuartermasterVisitVerification to GAME
[00:30:54] [modloading-worker-0/DEBUG] [ne.ne.fm.ja.AutomaticEventSubscriber/LOADING]: Auto-subscribing com.quzzar.kithkyn.dev.CastleMerchantVerification to GAME
[00:30:54] [modloading-worker-0/DEBUG] [mixin/]: Mixing ChatSubmissionMixin from vestige.communication.mixins.json into net.minecraft.server.network.ServerGamePacketListenerImpl
[00:30:54] [modloading-worker-0/DEBUG] [mixin/]: vestige.communication.mixins.json:ChatSubmissionMixin from mod vestige->@Inject::vestige$capture(Lnet/minecraft/network/protocol/game/ServerboundChatPacket;Lnet/minecraft/network/chat/LastSeenMessages;Lorg/spongepowered/asm/mixin/injection/callback/CallbackInfoReturnable;)V does use it's CallbackInfoReturnable
[00:30:54] [modloading-worker-0/DEBUG] [ne.ne.fm.ja.AutomaticEventSubscriber/LOADING]: Auto-subscribing com.quzzar.kithkyn.dev.GuardCombatVerification to GAME
[00:30:54] [modloading-worker-0/DEBUG] [ne.ne.fm.ja.AutomaticEventSubscriber/LOADING]: Auto-subscribing com.quzzar.kithkyn.dev.LongRetryVerification to GAME
[00:30:54] [modloading-worker-0/DEBUG] [ne.ne.fm.ja.AutomaticEventSubscriber/LOADING]: Auto-subscribing com.quzzar.kithkyn.dev.CustodyVerification to GAME
[00:30:54] [modloading-worker-0/DEBUG] [ne.ne.fm.ja.AutomaticEventSubscriber/LOADING]: Auto-subscribing com.quzzar.kithkyn.dev.VillageTimelapse to GAME
[00:30:54] [modloading-worker-0/DEBUG] [ne.ne.fm.ja.AutomaticEventSubscriber/LOADING]: Auto-subscribing com.quzzar.kithkyn.dev.CampfireAccessVerification to GAME
[00:30:54] [modloading-worker-0/DEBUG] [ne.ne.fm.ja.AutomaticEventSubscriber/LOADING]: Auto-subscribing com.quzzar.kithkyn.dev.ConstructionClearanceVerification to GAME
[00:30:54] [modloading-worker-0/DEBUG] [ne.ne.fm.ja.AutomaticEventSubscriber/LOADING]: Auto-subscribing com.quzzar.kithkyn.dev.FoundingProbe to GAME
[00:30:54] [modloading-worker-0/DEBUG] [ne.ne.fm.ja.AutomaticEventSubscriber/LOADING]: Auto-subscribing com.quzzar.kithkyn.dev.OccupationWorkVerification to GAME
[00:30:54] [modloading-worker-0/DEBUG] [ne.ne.fm.ja.AutomaticEventSubscriber/LOADING]: Auto-subscribing com.quzzar.kithkyn.dev.GuardNightVerification to GAME
[00:30:54] [modloading-worker-0/DEBUG] [ne.ne.fm.ja.AutomaticEventSubscriber/LOADING]: Auto-subscribing com.quzzar.kithkyn.dev.CastleOperationsVerification to GAME
[00:30:54] [modloading-worker-0/DEBUG] [ne.ne.fm.ja.AutomaticEventSubscriber/LOADING]: Auto-subscribing com.quzzar.kithkyn.dev.ApprovedCenterVerification to GAME
[00:30:54] [modloading-worker-0/DEBUG] [ne.ne.fm.ja.AutomaticEventSubscriber/LOADING]: Auto-subscribing com.quzzar.kithkyn.dev.DevCommands to GAME
[00:30:54] [modloading-worker-0/DEBUG] [ne.ne.fm.ja.AutomaticEventSubscriber/LOADING]: Auto-subscribing com.quzzar.kithkyn.dev.UnhousedBedtimeVerification to GAME
[00:30:54] [modloading-worker-0/DEBUG] [ne.ne.fm.ja.AutomaticEventSubscriber/LOADING]: Auto-subscribing com.quzzar.kithkyn.dev.TreeFellingVerification to GAME
[00:30:54] [modloading-worker-0/DEBUG] [ne.ne.fm.ja.AutomaticEventSubscriber/LOADING]: Auto-subscribing com.quzzar.kithkyn.dev.GuardEquipmentVerification to GAME
[00:30:54] [modloading-worker-0/DEBUG] [ne.ne.fm.ja.AutomaticEventSubscriber/LOADING]: Auto-subscribing com.quzzar.kithkyn.dev.GolemVerification to GAME
[00:30:54] [modloading-worker-0/DEBUG] [ne.ne.fm.ja.AutomaticEventSubscriber/LOADING]: Auto-subscribing com.quzzar.kithkyn.other.KithkynItems to MOD
[00:30:54] [modloading-worker-0/DEBUG] [ne.ne.fm.ja.AutomaticEventSubscriber/LOADING]: Auto-subscribing com.quzzar.kithkyn.wrongdoing.TheftEvents to GAME
[00:30:54] [modloading-worker-0/DEBUG] [ne.ne.fm.ja.AutomaticEventSubscriber/LOADING]: Auto-subscribing com.quzzar.kithkyn.village.VillageChunkLoader to GAME
[00:30:54] [modloading-worker-0/DEBUG] [ne.ne.fm.ja.AutomaticEventSubscriber/LOADING]: Auto-subscribing com.quzzar.kithkyn.village.JobAptitudeLoader to GAME
[00:30:54] [modloading-worker-0/DEBUG] [ne.ne.fm.ja.AutomaticEventSubscriber/LOADING]: Auto-subscribing com.quzzar.kithkyn.village.tiers.VillageTierLoader to GAME
[00:30:54] [modloading-worker-0/DEBUG] [ne.ne.fm.ja.AutomaticEventSubscriber/LOADING]: Auto-subscribing com.quzzar.kithkyn.village.buildings.BuildingDefinitionLoader to GAME
[00:30:54] [modloading-worker-0/DEBUG] [ne.ne.fm.ja.AutomaticEventSubscriber/LOADING]: Auto-subscribing com.quzzar.kithkyn.llm.LlmEvents to GAME
[00:30:54] [modloading-worker-0/DEBUG] [ne.ne.fm.ja.AutomaticEventSubscriber/LOADING]: Auto-subscribing com.quzzar.kithkyn.economy.ItemValueLoader to GAME
[00:30:54] [modloading-worker-0/DEBUG] [ne.ne.fm.ja.AutomaticEventSubscriber/LOADING]: Auto-subscribing com.quzzar.kithkyn.configuration.KithkynConfig to MOD
[00:30:54] [modloading-worker-0/DEBUG] [ne.ne.fm.ja.AutomaticEventSubscriber/LOADING]: Attempting to inject @EventBusSubscriber classes into the eventbus for vestige
[00:30:54] [modloading-worker-0/DEBUG] [ne.ne.fm.ja.AutomaticEventSubscriber/LOADING]: Auto-subscribing com.quzzar.vestige.magic.world.ManaPayload to MOD
[00:30:54] [modloading-worker-0/DEBUG] [ne.ne.fm.ja.AutomaticEventSubscriber/LOADING]: Auto-subscribing com.quzzar.vestige.magic.world.PreparationPayload to MOD
[00:30:54] [modloading-worker-0/DEBUG] [ne.ne.fm.ja.AutomaticEventSubscriber/LOADING]: Auto-subscribing com.quzzar.vestige.magic.world.NativeMana to GAME
[00:30:54] [modloading-worker-0/DEBUG] [ne.ne.fm.ja.AutomaticEventSubscriber/LOADING]: Auto-subscribing com.quzzar.vestige.magic.world.NativeMagic to GAME
[00:30:54] [modloading-worker-0/DEBUG] [ne.ne.fm.ja.AutomaticEventSubscriber/LOADING]: Auto-subscribing com.quzzar.vestige.magic.world.SpellEntities to MOD
[00:30:55] [modloading-worker-0/DEBUG] [ne.ne.fm.ja.AutomaticEventSubscriber/LOADING]: Auto-subscribing com.quzzar.vestige.magic.world.SpellClient to MOD
[00:30:55] [modloading-worker-0/DEBUG] [ne.ne.fm.ja.AutomaticEventSubscriber/LOADING]: Auto-subscribing com.quzzar.vestige.magic.world.NativeItemMana to GAME
[00:30:55] [modloading-worker-0/DEBUG] [ne.ne.fm.ja.AutomaticEventSubscriber/LOADING]: Auto-subscribing com.quzzar.vestige.magic.world.ItemManaPayload to MOD
[00:30:55] [modloading-worker-0/DEBUG] [ne.ne.fm.ja.AutomaticEventSubscriber/LOADING]: Auto-subscribing com.quzzar.vestige.magic.world.client.PreparationItemAnimation to MOD
[00:30:55] [modloading-worker-0/DEBUG] [ne.ne.fm.ja.AutomaticEventSubscriber/LOADING]: Auto-subscribing com.quzzar.vestige.magic.world.client.PreparationHud to GAME
[00:30:55] [modloading-worker-0/DEBUG] [ne.ne.fm.ja.AutomaticEventSubscriber/LOADING]: Auto-subscribing com.quzzar.vestige.magic.world.client.NativeManaCapture to GAME
[00:30:55] [modloading-worker-0/DEBUG] [ne.ne.fm.ja.AutomaticEventSubscriber/LOADING]: Auto-subscribing com.quzzar.vestige.magic.world.client.PreparationZoom to GAME
[00:30:55] [modloading-worker-0/DEBUG] [ne.ne.fm.ja.AutomaticEventSubscriber/LOADING]: Auto-subscribing com.quzzar.vestige.magic.world.client.NativePreparationCapture to GAME
[00:30:55] [modloading-worker-0/DEBUG] [ne.ne.fm.ja.AutomaticEventSubscriber/LOADING]: Auto-subscribing com.quzzar.vestige.magic.world.client.NativeItemManaCapture to GAME
[00:30:55] [modloading-worker-0/DEBUG] [ne.ne.fm.ja.AutomaticEventSubscriber/LOADING]: Auto-subscribing com.quzzar.vestige.magic.world.client.ItemManaOverlay to GAME
[00:30:55] [modloading-worker-0/DEBUG] [ne.ne.fm.ja.AutomaticEventSubscriber/LOADING]: Auto-subscribing com.quzzar.vestige.magic.world.client.ItemManaOverlay$Registration to MOD
[00:30:55] [modloading-worker-0/DEBUG] [ne.ne.fm.ja.AutomaticEventSubscriber/LOADING]: Auto-subscribing com.quzzar.vestige.magic.presentation.SpellVisualNetwork to MOD
[00:30:55] [modloading-worker-0/DEBUG] [ne.ne.fm.ja.AutomaticEventSubscriber/LOADING]: Auto-subscribing com.quzzar.vestige.magic.presentation.client.SpellVisualClient to GAME
[00:30:55] [modloading-worker-0/DEBUG] [ne.ne.fm.ja.AutomaticEventSubscriber/LOADING]: Auto-subscribing com.quzzar.vestige.magic.presentation.client.SpellSenseClient to GAME
[00:30:55] [modloading-worker-0/DEBUG] [ne.ne.fm.ja.AutomaticEventSubscriber/LOADING]: Auto-subscribing com.quzzar.vestige.magic.presentation.client.NativeEffectsCapture to GAME
[00:30:55] [modloading-worker-0/DEBUG] [ne.ne.fm.ja.AutomaticEventSubscriber/LOADING]: Auto-subscribing com.quzzar.vestige.gametest.FocusedGameTests to MOD
[00:30:55] [modloading-worker-0/DEBUG] [ne.ne.fm.ja.AutomaticEventSubscriber/LOADING]: Auto-subscribing com.quzzar.vestige.storage.CraneBagAccess to GAME
[00:30:55] [modloading-worker-0/DEBUG] [ne.ne.fm.ja.AutomaticEventSubscriber/LOADING]: Auto-subscribing com.quzzar.vestige.storage.client.CraneBagTooltip to GAME
[00:30:55] [modloading-worker-0/DEBUG] [ne.ne.fm.ja.AutomaticEventSubscriber/LOADING]: Auto-subscribing com.quzzar.vestige.storage.client.NativeCraneBagCapture to GAME
[00:30:55] [modloading-worker-0/DEBUG] [ne.ne.fm.ja.AutomaticEventSubscriber/LOADING]: Auto-subscribing com.quzzar.vestige.apparatus.ScrollCasting to GAME
[00:30:55] [modloading-worker-0/DEBUG] [ne.ne.fm.ja.AutomaticEventSubscriber/LOADING]: Auto-subscribing com.quzzar.vestige.apparatus.SpellKnowledge to GAME
[00:30:55] [modloading-worker-0/DEBUG] [ne.ne.fm.ja.AutomaticEventSubscriber/LOADING]: Auto-subscribing com.quzzar.vestige.apparatus.StaffCasting to GAME
[00:30:55] [modloading-worker-0/DEBUG] [ne.ne.fm.ja.AutomaticEventSubscriber/LOADING]: Auto-subscribing com.quzzar.vestige.apparatus.RitualCrafting to GAME
[00:30:55] [modloading-worker-0/DEBUG] [ne.ne.fm.ja.AutomaticEventSubscriber/LOADING]: Auto-subscribing com.quzzar.vestige.apparatus.ApparatusBlocks to MOD
[00:30:55] [modloading-worker-0/DEBUG] [ne.ne.fm.ja.AutomaticEventSubscriber/LOADING]: Auto-subscribing com.quzzar.vestige.apparatus.ScrollItems to MOD
[00:30:55] [modloading-worker-0/DEBUG] [ne.ne.fm.ja.AutomaticEventSubscriber/LOADING]: Auto-subscribing com.quzzar.vestige.apparatus.WandCasting to GAME
[00:30:55] [modloading-worker-0/DEBUG] [ne.ne.fm.ja.AutomaticEventSubscriber/LOADING]: Auto-subscribing com.quzzar.vestige.apparatus.ScrollRecastPayload to MOD
[00:30:55] [modloading-worker-0/DEBUG] [ne.ne.fm.ja.AutomaticEventSubscriber/LOADING]: Auto-subscribing com.quzzar.vestige.apparatus.client.NativeItemCapture to GAME
[00:30:55] [modloading-worker-0/DEBUG] [ne.ne.fm.ja.AutomaticEventSubscriber/LOADING]: Auto-subscribing com.quzzar.vestige.apparatus.client.WandClient to MOD
[00:30:56] [modloading-worker-0/DEBUG] [ne.ne.fm.ja.AutomaticEventSubscriber/LOADING]: Auto-subscribing com.quzzar.vestige.apparatus.client.ScrollRecastClient to GAME
[00:30:56] [modloading-worker-0/DEBUG] [ne.ne.fm.ja.AutomaticEventSubscriber/LOADING]: Auto-subscribing com.quzzar.vestige.apparatus.client.SpellstoneHighlight to GAME
[00:30:56] [modloading-worker-0/DEBUG] [ne.ne.fm.ja.AutomaticEventSubscriber/LOADING]: Auto-subscribing com.quzzar.vestige.apparatus.client.NativeMundaneStaffCapture to GAME
[00:30:56] [modloading-worker-0/DEBUG] [ne.ne.fm.ja.AutomaticEventSubscriber/LOADING]: Auto-subscribing com.quzzar.vestige.apparatus.client.NativeWandCapture to GAME
[00:30:56] [modloading-worker-0/DEBUG] [ne.ne.fm.ja.AutomaticEventSubscriber/LOADING]: Auto-subscribing com.quzzar.vestige.apparatus.client.NativeFragmentCapture to GAME
[00:30:56] [modloading-worker-0/DEBUG] [ne.ne.fm.ja.AutomaticEventSubscriber/LOADING]: Auto-subscribing com.quzzar.vestige.apparatus.client.StaffScreen$Registration to MOD
[00:30:56] [modloading-worker-0/DEBUG] [ne.ne.fm.ja.AutomaticEventSubscriber/LOADING]: Auto-subscribing com.quzzar.vestige.apparatus.client.ScrollTooltip to GAME
[00:30:56] [modloading-worker-0/DEBUG] [ne.ne.fm.ja.AutomaticEventSubscriber/LOADING]: Auto-subscribing com.quzzar.vestige.apparatus.client.ApparatusColors to MOD
[00:30:56] [modloading-worker-0/DEBUG] [ne.ne.fm.ja.AutomaticEventSubscriber/LOADING]: Auto-subscribing com.quzzar.vestige.apparatus.client.NativeStaffCapture to GAME
[00:30:57] [modloading-worker-0/DEBUG] [ne.ne.fm.ja.AutomaticEventSubscriber/LOADING]: Auto-subscribing com.quzzar.vestige.apparatus.recipeviewer.RitualDisplayPayload$Sync to GAME
[00:30:57] [modloading-worker-0/DEBUG] [ne.ne.fm.ja.AutomaticEventSubscriber/LOADING]: Auto-subscribing com.quzzar.vestige.apparatus.recipeviewer.WandDisplayPayload$Sync to GAME
[00:30:57] [modloading-worker-0/DEBUG] [ne.ne.fm.ja.AutomaticEventSubscriber/LOADING]: Auto-subscribing com.quzzar.vestige.apparatus.recipeviewer.ImbuementFrameRenderer to MOD
[00:30:57] [modloading-worker-0/DEBUG] [ne.ne.fm.ja.AutomaticEventSubscriber/LOADING]: Auto-subscribing com.quzzar.vestige.apparatus.recipeviewer.WandDisplayPayload$Registration to MOD
[00:30:57] [modloading-worker-0/DEBUG] [ne.ne.fm.ja.AutomaticEventSubscriber/LOADING]: Auto-subscribing com.quzzar.vestige.apparatus.recipeviewer.NativeWandRecipeCapture to GAME
[00:30:57] [modloading-worker-0/DEBUG] [ne.ne.fm.ja.AutomaticEventSubscriber/LOADING]: Auto-subscribing com.quzzar.vestige.apparatus.recipeviewer.RitualViewerClient to GAME
[00:30:57] [modloading-worker-0/DEBUG] [ne.ne.fm.ja.AutomaticEventSubscriber/LOADING]: Auto-subscribing com.quzzar.vestige.apparatus.recipeviewer.RitualDisplayPayload$Registration to MOD
[00:30:57] [modloading-worker-0/DEBUG] [ne.ne.fm.ja.AutomaticEventSubscriber/LOADING]: Auto-subscribing com.quzzar.vestige.apparatus.recipeviewer.NativeThreadRecipeCapture to GAME
[00:30:57] [modloading-worker-0/DEBUG] [ne.ne.fm.ja.AutomaticEventSubscriber/LOADING]: Auto-subscribing com.quzzar.vestige.apparatus.recipeviewer.WandViewerClient to GAME
[00:30:57] [modloading-worker-0/DEBUG] [ne.ne.fm.ja.AutomaticEventSubscriber/LOADING]: Auto-subscribing com.quzzar.vestige.apparatus.recipeviewer.NativeRecipeCapture to GAME
[00:30:57] [modloading-worker-0/DEBUG] [ne.ne.fm.ja.AutomaticEventSubscriber/LOADING]: Auto-subscribing com.quzzar.vestige.apparatus.MundaneStaffs to MOD
[00:30:57] [modloading-worker-0/DEBUG] [ne.ne.fm.ja.AutomaticEventSubscriber/LOADING]: Auto-subscribing com.quzzar.vestige.communication.ShellCuePayload to MOD
[00:30:57] [modloading-worker-0/DEBUG] [ne.ne.fm.ja.AutomaticEventSubscriber/LOADING]: Auto-subscribing com.quzzar.vestige.communication.WhisperingShellChat to GAME
[00:30:57] [modloading-worker-0/DEBUG] [ne.ne.fm.ja.AutomaticEventSubscriber/LOADING]: Auto-subscribing com.quzzar.vestige.communication.client.ShellFeedback$Registration to MOD
[00:30:57] [modloading-worker-0/DEBUG] [ne.ne.fm.ja.AutomaticEventSubscriber/LOADING]: Auto-subscribing com.quzzar.vestige.equipment.EquipmentMagic to GAME
[00:30:57] [modloading-worker-0/DEBUG] [ne.ne.fm.ja.AutomaticEventSubscriber/LOADING]: Auto-subscribing com.quzzar.vestige.equipment.client.MagicEquipmentCapture to GAME
[00:30:57] [modloading-worker-0/DEBUG] [ne.ne.fm.ja.AutomaticEventSubscriber/LOADING]: Auto-subscribing com.quzzar.vestige.equipment.client.MagicArmorColors to MOD
[00:30:57] [modloading-worker-0/DEBUG] [ne.ne.fm.ja.AutomaticEventSubscriber/LOADING]: Auto-subscribing com.quzzar.vestige.equipment.client.RobeModels to MOD
[00:30:58] [modloading-worker-0/DEBUG] [ne.ne.fm.ja.AutomaticEventSubscriber/LOADING]: Auto-subscribing com.quzzar.vestige.travel.StoneTravelPayloads to MOD
[00:30:58] [modloading-worker-0/DEBUG] [ne.ne.fm.ja.AutomaticEventSubscriber/LOADING]: Auto-subscribing com.quzzar.vestige.travel.StoneTravel to GAME
[00:30:58] [modloading-worker-0/DEBUG] [ne.ne.fm.ja.AutomaticEventSubscriber/LOADING]: Auto-subscribing com.quzzar.vestige.travel.StandingStones to MOD
[00:30:58] [modloading-worker-0/DEBUG] [ne.ne.fm.ja.AutomaticEventSubscriber/LOADING]: Auto-subscribing com.quzzar.vestige.travel.client.NativeStandingStoneModelCapture to GAME
[00:30:58] [modloading-worker-0/DEBUG] [ne.ne.fm.ja.AutomaticEventSubscriber/LOADING]: Auto-subscribing com.quzzar.vestige.travel.client.NativeStoneCapture to GAME
[00:30:58] [modloading-worker-0/DEBUG] [ne.ne.fm.ja.AutomaticEventSubscriber/LOADING]: Auto-subscribing com.quzzar.vestige.travel.client.StandingStoneClient to MOD
[00:32:49] [modloading-sync-worker/DEBUG] [ne.ne.fm.co.ConfigTracker/CONFIG]: Loading configs type CLIENT
[00:32:49] [modloading-sync-worker/DEBUG] [ne.ne.ne.co.NeoForgeConfig/FORGEMOD]: Loaded NeoForge config file neoforge-client.toml
[00:32:49] [modloading-sync-worker/DEBUG] [ne.ne.fm.co.ConfigTracker/CONFIG]: Loaded TOML config file /Users/quzzar/Projects/vestige/run/robes-hanging-2026-10-08/config/neoforge-client.toml
[00:32:49] [modloading-sync-worker/DEBUG] [ne.ne.fm.co.ConfigTracker/CONFIG]: Watching TOML config file /Users/quzzar/Projects/vestige/run/robes-hanging-2026-10-08/config/neoforge-client.toml for changes
[00:32:49] [modloading-sync-worker/DEBUG] [ne.ne.fm.co.ConfigTracker/CONFIG]: Loading configs type COMMON
[00:32:49] [modloading-sync-worker/DEBUG] [ne.ne.fm.co.ConfigTracker/CONFIG]: Loaded TOML config file /Users/quzzar/Projects/vestige/run/robes-hanging-2026-10-08/config/kithkyn-common.toml
[00:32:49] [modloading-sync-worker/DEBUG] [ne.ne.fm.co.ConfigTracker/CONFIG]: Watching TOML config file /Users/quzzar/Projects/vestige/run/robes-hanging-2026-10-08/config/kithkyn-common.toml for changes
[00:32:49] [modloading-sync-worker/DEBUG] [ne.ne.ne.co.NeoForgeConfig/FORGEMOD]: Loaded NeoForge config file neoforge-common.toml
[00:32:49] [modloading-sync-worker/DEBUG] [ne.ne.fm.co.ConfigTracker/CONFIG]: Loaded TOML config file /Users/quzzar/Projects/vestige/run/robes-hanging-2026-10-08/config/neoforge-common.toml
[00:32:49] [modloading-sync-worker/DEBUG] [ne.ne.fm.co.ConfigTracker/CONFIG]: Watching TOML config file /Users/quzzar/Projects/vestige/run/robes-hanging-2026-10-08/config/neoforge-common.toml for changes
[00:32:49] [modloading-sync-worker/DEBUG] [ne.ne.fm.co.ConfigTracker/CONFIG]: Loaded TOML config file /Users/quzzar/Projects/vestige/run/robes-hanging-2026-10-08/config/kithkyn-advanced.toml
[00:32:49] [modloading-sync-worker/DEBUG] [ne.ne.fm.co.ConfigTracker/CONFIG]: Watching TOML config file /Users/quzzar/Projects/vestige/run/robes-hanging-2026-10-08/config/kithkyn-advanced.toml for changes
[00:32:50] [Render thread/INFO] [ne.ne.ne.ga.GameTestHooks/]: Enabled Gametest Namespaces: []
[00:32:52] [Render thread/INFO] [minecraft/ReloadableResourceManager]: Reloading ResourceManager: vanilla, mod_resources, mod/kithkyn, mod/vestige, mod/neoforge
[00:32:52] [Worker-Main-1/INFO] [co.qu.ki.Kithkyn/]: Kithkyn setup!
[00:32:52] [Render thread/DEBUG] [ne.ne.fm.DeferredWorkQueue/LOADING]: Dispatching synchronous work for work queue Common setup: 1 jobs
[00:32:52] [Render thread/DEBUG] [ne.ne.fm.DeferredWorkQueue/LOADING]: Synchronous work queue completed in 729.6 μs
[00:32:52] [Worker-Main-6/INFO] [minecraft/UnihexProvider]: Found unifont_all_no_pua-15.1.05.hex, loading
[00:32:54] [Worker-Main-8/INFO] [minecraft/UnihexProvider]: Found unifont_jp_patch-15.1.05.hex, loading
[00:32:55] [Render thread/DEBUG] [ne.ne.fm.DeferredWorkQueue/LOADING]: Dispatching synchronous work for work queue Sided setup: 3 jobs
[00:32:55] [Render thread/DEBUG] [ne.ne.fm.DeferredWorkQueue/LOADING]: Synchronous work queue completed in 24.83 ms
[00:33:08] [Worker-Main-2/WARN] [minecraft/BlockStateModelLoader]: Exception loading blockstate definition: 'vestige:blockstates/temporary_water.json' missing model for variant: 'vestige:temporary_water#level=0'
[00:33:08] [Worker-Main-2/WARN] [minecraft/BlockStateModelLoader]: Exception loading blockstate definition: 'vestige:blockstates/temporary_water.json' missing model for variant: 'vestige:temporary_water#level=1'
[00:33:08] [Worker-Main-2/WARN] [minecraft/BlockStateModelLoader]: Exception loading blockstate definition: 'vestige:blockstates/temporary_water.json' missing model for variant: 'vestige:temporary_water#level=2'
[00:33:08] [Worker-Main-2/WARN] [minecraft/BlockStateModelLoader]: Exception loading blockstate definition: 'vestige:blockstates/temporary_water.json' missing model for variant: 'vestige:temporary_water#level=12'
[00:33:08] [Worker-Main-2/WARN] [minecraft/BlockStateModelLoader]: Exception loading blockstate definition: 'vestige:blockstates/temporary_water.json' missing model for variant: 'vestige:temporary_water#level=13'
[00:33:08] [Worker-Main-2/WARN] [minecraft/BlockStateModelLoader]: Exception loading blockstate definition: 'vestige:blockstates/temporary_water.json' missing model for variant: 'vestige:temporary_water#level=14'
[00:33:08] [Worker-Main-2/WARN] [minecraft/BlockStateModelLoader]: Exception loading blockstate definition: 'vestige:blockstates/temporary_water.json' missing model for variant: 'vestige:temporary_water#level=15'
[00:33:08] [Worker-Main-2/WARN] [minecraft/BlockStateModelLoader]: Exception loading blockstate definition: 'vestige:blockstates/temporary_water.json' missing model for variant: 'vestige:temporary_water#level=7'
[00:33:08] [Worker-Main-2/WARN] [minecraft/BlockStateModelLoader]: Exception loading blockstate definition: 'vestige:blockstates/temporary_water.json' missing model for variant: 'vestige:temporary_water#level=8'
[00:33:08] [Worker-Main-2/WARN] [minecraft/BlockStateModelLoader]: Exception loading blockstate definition: 'vestige:blockstates/temporary_water.json' missing model for variant: 'vestige:temporary_water#level=9'
[00:33:08] [Worker-Main-2/WARN] [minecraft/BlockStateModelLoader]: Exception loading blockstate definition: 'vestige:blockstates/temporary_water.json' missing model for variant: 'vestige:temporary_water#level=10'
[00:33:08] [Worker-Main-2/WARN] [minecraft/BlockStateModelLoader]: Exception loading blockstate definition: 'vestige:blockstates/temporary_water.json' missing model for variant: 'vestige:temporary_water#level=11'
[00:33:08] [Worker-Main-2/WARN] [minecraft/BlockStateModelLoader]: Exception loading blockstate definition: 'vestige:blockstates/temporary_water.json' missing model for variant: 'vestige:temporary_water#level=3'
[00:33:08] [Worker-Main-2/WARN] [minecraft/BlockStateModelLoader]: Exception loading blockstate definition: 'vestige:blockstates/temporary_water.json' missing model for variant: 'vestige:temporary_water#level=4'
[00:33:08] [Worker-Main-2/WARN] [minecraft/BlockStateModelLoader]: Exception loading blockstate definition: 'vestige:blockstates/temporary_water.json' missing model for variant: 'vestige:temporary_water#level=5'
[00:33:08] [Worker-Main-2/WARN] [minecraft/BlockStateModelLoader]: Exception loading blockstate definition: 'vestige:blockstates/temporary_water.json' missing model for variant: 'vestige:temporary_water#level=6'
[00:33:26] [Render thread/WARN] [minecraft/SoundEngine]: Missing sound for event: minecraft:item.goat_horn.play
[00:33:26] [Render thread/WARN] [minecraft/SoundEngine]: Missing sound for event: minecraft:entity.goat.screaming.horn_break
[00:33:27] [Render thread/INFO] [mojang/Library]: OpenAL initialized on device MacBook Air Speakers
[00:33:27] [Render thread/INFO] [minecraft/SoundEngine]: Sound engine started
[00:33:27] [Render thread/INFO] [minecraft/TextureAtlas]: Created: 4096x4096x4 minecraft:textures/atlas/blocks.png-atlas
[00:33:27] [Render thread/INFO] [minecraft/TextureAtlas]: Created: 256x256x4 minecraft:textures/atlas/signs.png-atlas
[00:33:27] [Render thread/INFO] [minecraft/TextureAtlas]: Created: 512x512x4 minecraft:textures/atlas/banner_patterns.png-atlas
[00:33:27] [Render thread/INFO] [minecraft/TextureAtlas]: Created: 512x512x4 minecraft:textures/atlas/shield_patterns.png-atlas
[00:33:27] [Render thread/INFO] [minecraft/TextureAtlas]: Created: 1024x1024x4 minecraft:textures/atlas/armor_trims.png-atlas
[00:33:27] [Render thread/INFO] [minecraft/TextureAtlas]: Created: 256x256x4 minecraft:textures/atlas/chest.png-atlas
[00:33:27] [Render thread/INFO] [minecraft/TextureAtlas]: Created: 128x64x4 minecraft:textures/atlas/decorated_pot.png-atlas
[00:33:27] [Render thread/INFO] [minecraft/TextureAtlas]: Created: 512x256x4 minecraft:textures/atlas/beds.png-atlas
[00:33:27] [Render thread/INFO] [minecraft/TextureAtlas]: Created: 512x256x4 minecraft:textures/atlas/shulker_boxes.png-atlas
[00:33:27] [Render thread/INFO] [minecraft/TextureAtlas]: Created: 512x256x0 minecraft:textures/atlas/particles.png-atlas
[00:33:27] [Render thread/INFO] [minecraft/TextureAtlas]: Created: 512x256x0 minecraft:textures/atlas/paintings.png-atlas
[00:33:27] [Render thread/INFO] [minecraft/TextureAtlas]: Created: 256x128x0 minecraft:textures/atlas/mob_effects.png-atlas
[00:33:27] [Render thread/INFO] [minecraft/TextureAtlas]: Created: 64x64x0 minecraft:textures/atlas/map_decorations.png-atlas
[00:33:27] [Render thread/INFO] [minecraft/TextureAtlas]: Created: 1024x512x0 minecraft:textures/atlas/gui.png-atlas
[00:33:27] [Render thread/WARN] [minecraft/ShaderInstance]: Shader rendertype_entity_translucent_emissive could not find sampler named Sampler2 in the specified shader program.
[00:33:28] [Render thread/INFO] [ne.ne.ne.cl.en.an.js.AnimationLoader/]: Loaded 0 entity animations
[00:33:30] [Render thread/INFO] [minecraft/MinecraftServer]: Found new data pack mod/kithkyn:packs/replace_villages, loading it automatically
[00:33:30] [Render thread/INFO] [minecraft/MinecraftServer]: Found new data pack mod/kithkyn:packs/replace_pillagers, loading it automatically
[00:33:34] [Render thread/INFO] [minecraft/RecipeManager]: Loaded 1371 recipes
[00:33:34] [Render thread/INFO] [minecraft/AdvancementTree]: Loaded 1481 advancements
[00:33:34] [Render thread/INFO] [co.qu.ki.Kithkyn/]: Loaded 12 job aptitude profiles
[00:33:34] [Render thread/INFO] [co.qu.ki.Kithkyn/]: Loaded 6 village tiers
[00:33:34] [Render thread/INFO] [co.qu.ki.Kithkyn/]: Loaded 23 village building definitions
[00:33:34] [Render thread/INFO] [co.qu.ki.Kithkyn/]: Loaded 76 item values and 7 tag fallbacks
[00:33:35] [Render thread/DEBUG] [ne.ne.ne.co.CommonHooks/WP]: Gathered mod list to write to world save Robe inspection
[00:33:35] [Render thread/DEBUG] [mixin/]: Mixing ChatRecipientsMixin from vestige.communication.mixins.json into net.minecraft.server.players.PlayerList
[00:33:35] [Server thread/INFO] [minecraft/IntegratedServer]: Starting integrated minecraft server version 1.21.1
[00:33:35] [Server thread/INFO] [minecraft/MinecraftServer]: Generating keypair
[00:33:36] [Server thread/DEBUG] [ne.ne.fm.co.ConfigTracker/CONFIG]: Loading configs type SERVER
[00:33:36] [Server thread/DEBUG] [ne.ne.ne.co.NeoForgeConfig/FORGEMOD]: Loaded NeoForge config file neoforge-server.toml
[00:33:36] [Server thread/DEBUG] [ne.ne.fm.co.ConfigTracker/CONFIG]: Loaded TOML config file /Users/quzzar/Projects/vestige/run/robes-hanging-2026-10-08/config/neoforge-server.toml
[00:33:36] [Server thread/DEBUG] [ne.ne.fm.co.ConfigTracker/CONFIG]: Watching TOML config file /Users/quzzar/Projects/vestige/run/robes-hanging-2026-10-08/config/neoforge-server.toml for changes
[00:33:40] [Server thread/INFO] [minecraft/MinecraftServer]: Preparing start region for dimension minecraft:overworld
[00:33:41] [progressListener/INFO] [minecraft/LoggerChunkProgressListener]: Preparing spawn area: 2%
[00:33:41] [progressListener/INFO] [minecraft/LoggerChunkProgressListener]: Preparing spawn area: 2%
[00:33:41] [progressListener/INFO] [minecraft/LoggerChunkProgressListener]: Preparing spawn area: 18%
[00:33:42] [progressListener/INFO] [minecraft/LoggerChunkProgressListener]: Preparing spawn area: 48%
[00:33:42] [progressListener/INFO] [minecraft/LoggerChunkProgressListener]: Preparing spawn area: 51%
[00:33:43] [Server thread/INFO] [ne.ne.ne.se.pe.PermissionAPI/]: Successfully initialized permission handler neoforge:default_handler
[00:33:43] [progressListener/INFO] [minecraft/LoggerChunkProgressListener]: Time elapsed: 2436 ms
[00:33:43] [Server thread/INFO] [minecraft/IntegratedServer]: Changing view distance to 2, from 10
[00:33:43] [Server thread/INFO] [minecraft/IntegratedServer]: Changing simulation distance to 12, from 0
[00:33:43] [Render thread/DEBUG] [io.ne.ch.MultithreadEventLoopGroup/]: -Dio.netty.eventLoopThreads: 20
[00:33:43] [Render thread/DEBUG] [io.ne.ut.co.GlobalEventExecutor/]: -Dio.netty.globalEventExecutor.quietPeriodSeconds: 1
[00:33:43] [Render thread/DEBUG] [io.ne.ch.ni.NioEventLoop/]: -Dio.netty.noKeySetOptimization: false
[00:33:43] [Render thread/DEBUG] [io.ne.ch.ni.NioEventLoop/]: -Dio.netty.selectorAutoRebuildThreshold: 512
[00:33:43] [Render thread/DEBUG] [io.ne.ut.in.PlatformDependent/]: org.jctools-core.MpscChunkedArrayQueue: available
[00:33:43] [Render thread/DEBUG] [io.ne.ch.DefaultChannelId/]: -Dio.netty.processId: 77951 (auto-detected)
[00:33:43] [Render thread/DEBUG] [io.ne.ut.NetUtil/]: -Djava.net.preferIPv4Stack: false
[00:33:43] [Render thread/DEBUG] [io.ne.ut.NetUtil/]: -Djava.net.preferIPv6Addresses: system
[00:33:43] [Render thread/DEBUG] [io.ne.ut.NetUtilInitializations/]: Loopback interface: lo0 (lo0, 0:0:0:0:0:0:0:1%lo0)
[00:33:43] [Render thread/DEBUG] [io.ne.ut.NetUtil/]: Failed to get SOMAXCONN from sysctl and file /proc/sys/net/core/somaxconn. Default: 128
[00:33:43] [Render thread/DEBUG] [io.ne.ch.DefaultChannelId/]: -Dio.netty.machineId: 9e:db:9c:ff:fe:91:0a:57 (auto-detected)
[00:33:43] [Render thread/DEBUG] [io.ne.ut.Recycler/]: -Dio.netty.recycler.maxCapacityPerThread: 4096
[00:33:43] [Render thread/DEBUG] [io.ne.ut.Recycler/]: -Dio.netty.recycler.ratio: 8
[00:33:43] [Render thread/DEBUG] [io.ne.ut.Recycler/]: -Dio.netty.recycler.chunkSize: 32
[00:33:43] [Render thread/DEBUG] [io.ne.ut.Recycler/]: -Dio.netty.recycler.blocking: false
[00:33:43] [Render thread/DEBUG] [io.ne.ut.Recycler/]: -Dio.netty.recycler.batchFastThreadLocalOnly: true
[00:33:44] [Netty Server IO #1/DEBUG] [ne.ne.ne.ne.fi.NetworkFilters/]: Injected net.neoforged.neoforge.network.filters.GenericPacketSplitter@3bfc7a7c into net.minecraft.network.Connection@716be8f8
[00:33:44] [Netty Local Client IO #0/DEBUG] [ne.ne.ne.ne.fi.NetworkFilters/]: Injected net.neoforged.neoforge.network.filters.GenericPacketSplitter@7a85f963 into net.minecraft.network.Connection@773720e9
[00:33:46] [Netty Server IO #1/DEBUG] [ne.ne.ne.ne.fi.NetworkFilters/]: Injected net.neoforged.neoforge.network.filters.GenericPacketSplitter@43eadf15 into net.minecraft.network.Connection@716be8f8
[00:33:47] [Server thread/INFO] [minecraft/PlayerList]: Dev[local:E:23425c37] logged in with entity id 1 at (-2.5, -60.0, -0.5)
[00:35:26] [Server thread/INFO] [minecraft/MinecraftServer]: Dev joined the game
[00:35:27] [Server thread/WARN] [minecraft/MinecraftServer]: Can't keep up! Is the server overloaded? Running 100698ms or 2013 ticks behind
[00:35:29] [Render thread/INFO] [minecraft/AdvancementTree]: Loaded 2 advancements
[00:35:37] [Render thread/INFO] [minecraft/Minecraft]: Stopping!
[00:35:37] [Server thread/INFO] [minecraft/ServerGamePacketListenerImpl]: Dev lost connection: Disconnected
[00:35:37] [Server thread/INFO] [minecraft/MinecraftServer]: Dev left the game
[00:35:39] [Server thread/INFO] [minecraft/ServerCommonPacketListenerImpl]: Stopping singleplayer server as player logged out
[00:35:40] [Server thread/INFO] [minecraft/MinecraftServer]: Stopping server
[00:35:40] [Server thread/INFO] [minecraft/MinecraftServer]: Saving players
[00:35:40] [Server thread/INFO] [minecraft/MinecraftServer]: Saving worlds
[00:36:25] [Server thread/INFO] [minecraft/MinecraftServer]: Saving chunks for level 'ServerLevel[Robe inspection]'/minecraft:overworld
[00:36:26] [Server thread/INFO] [minecraft/MinecraftServer]: Saving chunks for level 'ServerLevel[Robe inspection]'/minecraft:the_nether
[00:36:26] [Server thread/INFO] [minecraft/MinecraftServer]: Saving chunks for level 'ServerLevel[Robe inspection]'/minecraft:the_end
[00:36:26] [Server thread/INFO] [minecraft/MinecraftServer]: Saving chunks for level 'ServerLevel[Robe inspection]'/vestige:pocket
[00:36:27] [Server thread/DEBUG] [ne.ne.ne.co.CommonHooks/WP]: Gathered mod list to write to world save Robe inspection
[00:36:27] [Server thread/INFO] [minecraft/MinecraftServer]: ThreadedAnvilChunkStorage (vestige-robes-4d7b9116-aff8-4d79-a4d9-687020e8a2bc): All chunks are saved
[00:36:27] [Server thread/INFO] [minecraft/MinecraftServer]: ThreadedAnvilChunkStorage (DIM-1): All chunks are saved
[00:36:27] [Server thread/INFO] [minecraft/MinecraftServer]: ThreadedAnvilChunkStorage (DIM1): All chunks are saved
[00:36:27] [Server thread/INFO] [minecraft/MinecraftServer]: ThreadedAnvilChunkStorage (pocket): All chunks are saved
[00:36:27] [Server thread/INFO] [minecraft/MinecraftServer]: ThreadedAnvilChunkStorage: All dimensions are saved
[00:36:29] [Server thread/DEBUG] [ne.ne.fm.co.ConfigTracker/CONFIG]: Unloading configs type SERVER

> Task :check
> Task :build

BUILD SUCCESSFUL in 8m 23s
21 actionable tasks: 10 executed, 1 from cache, 10 up-to-date
Configuration cache entry reused.
