Calculating task graph as configuration cache cannot be reused because init script '../../../../private/tmp/vestige-standing-prototypes.init.gradle' has changed.
> Task :verifyKithkynCompatibility
> Task :generateModMetadata UP-TO-DATE
> Task :processTestResources UP-TO-DATE
> Task :createArtifactManifest
> Task :jarJar NO-SOURCE
> Task :sourcesJar UP-TO-DATE
> Task :buildKithkyn UP-TO-DATE
> Task :processResources UP-TO-DATE

> Task :createMinecraftArtifacts
Loaded 116 artifacts from /Users/quzzar/Projects/vestige/build/standing-prototype-build/moddev/nfrt_artifact_manifest.properties
*** Started working on downloadJson
 ✓ Completed downloadJson in 0.03s
*** Started working on downloadServer
*** Started working on downloadClient
*** Started working on downloadClientMappings
*** Started working on listLibraries
 ♻ Used cache of listLibraries in 0.00s
 ✓ Completed downloadServer in 0.03s
 ✓ Completed downloadClient in 0.03s
 ✓ Completed downloadClientMappings in 0.03s
*** Started working on mergeMappings
 ♻ Used cache of mergeMappings in 0.00s
*** Started working on stripClient
 ♻ Used cache of stripClient in 0.00s
*** Started working on extractServer
 ♻ Used cache of extractServer in 0.00s
*** Started working on stripServer
 ♻ Used cache of stripServer in 0.00s
*** Started working on merge
 ♻ Used cache of merge in 0.00s
*** Started working on rename
 ♻ Used cache of rename in 0.00s
*** Started working on decompile
 ♻ Used cache of decompile in 0.00s
*** Started working on inject
 ♻ Used cache of inject in 0.00s
*** Started working on patch
 ♻ Used cache of patch in 0.00s
*** Started working on applyNeoforgePatches
 ♻ Used cache of applyNeoforgePatches in 0.00s
*** Started working on transformSources
 ♻ Used cache of transformSources in 0.00s
*** Started working on recompile
 ♻ Used cache of recompile in 0.00s
*** Started working on sourcesWithNeoForge
 ♻ Used cache of sourcesWithNeoForge in 0.00s
*** Started working on compiledWithNeoForge
 ♻ Used cache of compiledWithNeoForge in 0.00s
*** Started working on sourcesAndCompiledWithNeoForge
 ♻ Used cache of sourcesAndCompiledWithNeoForge in 0.00s
Total runtime: 1.20s


> Task :writeGameTestServerLegacyClasspath UP-TO-DATE
> Task :writeNeoForgeTestClasspath UP-TO-DATE

> Task :downloadAssets
Loaded 116 artifacts from /Users/quzzar/Projects/vestige/build/standing-prototype-build/moddev/nfrt_artifact_manifest.properties
Downloading asset index 17
Using Minecraft asset root: /Users/quzzar/.gradle/caches/neoformruntime/assets
  ↓ https://piston-meta.mojang.com/v1/packages/1f22f8f4b4575831ce8d1d74b5656eb1bc04732c/17.json

> Task :prepareNeoForgeTestFiles
> Task :prepareGameTestServerRun

> Task :compileJava
/Users/quzzar/Projects/vestige/src/main/java/com/quzzar/vestige/magic/world/PrivateSpaceTest.java:20: warning: [removal] makeMockServerPlayerInLevel() in GameTestHelper has been deprecated and marked for removal
        var first=helper.makeMockServerPlayerInLevel(); var second=helper.makeMockServerPlayerInLevel();
                        ^
/Users/quzzar/Projects/vestige/src/main/java/com/quzzar/vestige/magic/world/PrivateSpaceTest.java:20: warning: [removal] makeMockServerPlayerInLevel() in GameTestHelper has been deprecated and marked for removal
        var first=helper.makeMockServerPlayerInLevel(); var second=helper.makeMockServerPlayerInLevel();
                                                                         ^
/Users/quzzar/Projects/vestige/src/main/java/com/quzzar/vestige/travel/StandingStoneTest.java:90: warning: [removal] makeMockServerPlayerInLevel() in GameTestHelper has been deprecated and marked for removal
        var player = h.makeMockServerPlayerInLevel();
                      ^
/Users/quzzar/Projects/vestige/src/main/java/com/quzzar/vestige/travel/StandingStoneTest.java:230: warning: [removal] makeMockServerPlayerInLevel() in GameTestHelper has been deprecated and marked for removal
        var player = h.makeMockServerPlayerInLevel(); player.setPos(Vec3.atBottomCenterOf(start.south())); Vec3 initial = player.position();
                      ^
/Users/quzzar/Projects/vestige/src/main/java/com/quzzar/vestige/travel/StandingStoneTest.java:248: warning: [removal] makeMockServerPlayerInLevel() in GameTestHelper has been deprecated and marked for removal
        var player = h.makeMockServerPlayerInLevel(); player.setPos(Vec3.atBottomCenterOf(start.south())); Vec3 initial = player.position();
                      ^
/Users/quzzar/Projects/vestige/src/main/java/com/quzzar/vestige/travel/StandingStoneTest.java:265: warning: [removal] makeMockServerPlayerInLevel() in GameTestHelper has been deprecated and marked for removal
        var player = h.makeMockServerPlayerInLevel(); player.setPos(Vec3.atBottomCenterOf(start.south())); Vec3 initial = player.position();
                      ^
Note: Some input files use or override a deprecated API.
Note: Recompile with -Xlint:deprecation for details.
6 warnings

> Task :classes
> Task :jar UP-TO-DATE
> Task :compileTestJava UP-TO-DATE
> Task :testClasses UP-TO-DATE
> Task :javadoc UP-TO-DATE
> Task :javadocJar UP-TO-DATE
> Task :assemble UP-TO-DATE

> Task :runGameTestServer
WARN StatusConsoleListener Advanced terminal features are not available in this environment
[12:12:40] [main/INFO] [cp.mo.mo.Launcher/MODLAUNCHER]: ModLauncher running: args [--launchTarget, forgeserveruserdev, --gameDir, ., --fml.neoForgeVersion, 21.1.72, --fml.fmlVersion, 4.0.29, --fml.mcVersion, 1.21.1, --fml.neoFormVersion, 20240808.144430]
[12:12:40] [main/INFO] [cp.mo.mo.Launcher/MODLAUNCHER]: JVM identified as Eclipse Adoptium OpenJDK 64-Bit Server VM 21.0.12.1+1-LTS
[12:12:40] [main/INFO] [cp.mo.mo.Launcher/MODLAUNCHER]: ModLauncher 11.0.4+main.d2e20e43 starting: java version 21.0.12.1 by Eclipse Adoptium; OS Mac OS X arch aarch64 version 27.0
[12:12:40] [main/DEBUG] [cp.mo.mo.LaunchServiceHandler/MODLAUNCHER]: Found launch services [minecraft,forgeclient,forgedatauserdev,testharness,forgeserverdev,forgeserveruserdev,forgejunitdev,forgeclientdev,forgeclientuserdev,forgeserver,forgejunituserdev,forgedatadev]
[12:12:40] [main/DEBUG] [cp.mo.mo.LaunchPluginHandler/MODLAUNCHER]: Found launch plugins: [mixin,slf4jfixer,runtime_enum_extender,accesstransformer,runtimedistcleaner]
[12:12:40] [main/DEBUG] [cp.mo.mo.TransformationServicesHandler/MODLAUNCHER]: Discovering transformation services
[12:12:40] [main/DEBUG] [ne.ne.fm.lo.FMLPaths/CORE]: Path GAMEDIR is /Users/quzzar/Projects/vestige/run
[12:12:40] [main/DEBUG] [ne.ne.fm.lo.FMLPaths/CORE]: Path MODSDIR is /Users/quzzar/Projects/vestige/run/mods
[12:12:40] [main/DEBUG] [ne.ne.fm.lo.FMLPaths/CORE]: Path CONFIGDIR is /Users/quzzar/Projects/vestige/run/config
[12:12:40] [main/DEBUG] [ne.ne.fm.lo.FMLPaths/CORE]: Path FMLCONFIG is /Users/quzzar/Projects/vestige/run/config/fml.toml
[12:12:40] [main/DEBUG] [ne.ne.fm.lo.ta.CommonLaunchHandler/CORE]: Got mod coordinates vestige%%/Users/quzzar/Projects/vestige/build/standing-prototype-build/classes/java/main:vestige%%/Users/quzzar/Projects/vestige/build/standing-prototype-build/resources/main from env
[12:12:40] [main/DEBUG] [ne.ne.fm.lo.ta.CommonLaunchHandler/CORE]: Found supplied mod coordinates [{vestige=[/Users/quzzar/Projects/vestige/build/standing-prototype-build/classes/java/main, /Users/quzzar/Projects/vestige/build/standing-prototype-build/resources/main]}]
[12:12:40] [main/DEBUG] [cp.mo.mo.TransformationServicesHandler/MODLAUNCHER]: Found additional transformation services from discovery services: 
[12:12:40] [main/INFO] [ne.ne.fm.lo.ImmediateWindowHandler/]: ImmediateWindowProvider not loading because launch target is forgeserveruserdev
[12:12:40] [main/DEBUG] [cp.mo.mo.TransformationServicesHandler/MODLAUNCHER]: Found transformer services : [mixin,fml]
[12:12:40] [main/DEBUG] [cp.mo.mo.TransformationServicesHandler/MODLAUNCHER]: Transformation services loading
[12:12:40] [main/DEBUG] [cp.mo.mo.TransformationServiceDecorator/MODLAUNCHER]: Loading service mixin
[12:12:40] [main/DEBUG] [cp.mo.mo.TransformationServiceDecorator/MODLAUNCHER]: Loaded service mixin
[12:12:40] [main/DEBUG] [cp.mo.mo.TransformationServiceDecorator/MODLAUNCHER]: Loading service fml
[12:12:40] [main/DEBUG] [ne.ne.fm.lo.FMLLoader/CORE]: FML 4.0.29 loading
[12:12:40] [main/DEBUG] [ne.ne.fm.lo.FMLLoader/CORE]: FML found ModLauncher version : 11.0.4+main.d2e20e43
[12:12:40] [main/DEBUG] [ne.ne.fm.lo.FMLLoader/CORE]: FML found AccessTransformer version : 10.0.1+139da711
[12:12:40] [main/DEBUG] [ne.ne.fm.lo.FMLLoader/CORE]: FML found EventBus version : null
[12:12:40] [main/DEBUG] [ne.ne.fm.lo.FMLLoader/CORE]: Found Runtime Dist Cleaner
[12:12:40] [main/DEBUG] [cp.mo.mo.TransformationServiceDecorator/MODLAUNCHER]: Loaded service fml
[12:12:40] [main/DEBUG] [cp.mo.mo.TransformationServicesHandler/MODLAUNCHER]: Configuring option handling for services
[12:12:40] [main/DEBUG] [ne.ne.fm.lo.FMLServiceProvider/CORE]: Received command line version data  : VersionInfo[neoForgeVersion=21.1.72, fmlVersion=4.0.29, mcVersion=1.21.1, neoFormVersion=20240808.144430]
[12:12:40] [main/DEBUG] [cp.mo.mo.TransformationServicesHandler/MODLAUNCHER]: Transformation services initializing
[12:12:40] [main/DEBUG] [cp.mo.mo.TransformationServiceDecorator/MODLAUNCHER]: Initializing transformation service mixin
[12:12:40] [main/DEBUG] [mixin/]: MixinService [ModLauncher] was successfully booted in cpw.mods.cl.ModuleClassLoader@2d6eabae
[12:12:40] [main/INFO] [mixin/]: SpongePowered MIXIN Subsystem Version=0.8.7 Source=union:/Users/quzzar/.gradle/caches/modules-2/files-2.1/net.fabricmc/sponge-mixin/0.15.2+mixin.0.8.7/2af2f021d8e02a0220dc27a7a72b4666d66d44ca/sponge-mixin-0.15.2+mixin.0.8.7.jar%2387!/ Service=ModLauncher Env=SERVER
[12:12:40] [main/DEBUG] [mixin/]: Initialising Mixin Platform Manager
[12:12:40] [main/DEBUG] [mixin/]: Adding mixin platform agents for container ModLauncher Root Container(ModLauncher:4f56a0a2)
[12:12:40] [main/DEBUG] [mixin/]: Instancing new MixinPlatformAgentMinecraftForge for ModLauncher Root Container(ModLauncher:4f56a0a2)
[12:12:40] [main/DEBUG] [mixin/]: MixinPlatformAgentMinecraftForge rejected container ModLauncher Root Container(ModLauncher:4f56a0a2)
[12:12:40] [main/DEBUG] [mixin/]: Instancing new MixinPlatformAgentDefault for ModLauncher Root Container(ModLauncher:4f56a0a2)
[12:12:40] [main/DEBUG] [mixin/]: MixinPlatformAgentDefault accepted container ModLauncher Root Container(ModLauncher:4f56a0a2)
[12:12:40] [main/DEBUG] [cp.mo.mo.TransformationServiceDecorator/MODLAUNCHER]: Initialized transformation service mixin
[12:12:40] [main/DEBUG] [cp.mo.mo.TransformationServiceDecorator/MODLAUNCHER]: Initializing transformation service fml
[12:12:41] [main/DEBUG] [ne.ne.fm.lo.FMLServiceProvider/CORE]: Setting up basic FML game directories
[12:12:41] [main/DEBUG] [ne.ne.fm.lo.FMLPaths/CORE]: Path GAMEDIR is /Users/quzzar/Projects/vestige/run
[12:12:41] [main/DEBUG] [ne.ne.fm.lo.FMLPaths/CORE]: Path MODSDIR is /Users/quzzar/Projects/vestige/run/mods
[12:12:41] [main/DEBUG] [ne.ne.fm.lo.FMLPaths/CORE]: Path CONFIGDIR is /Users/quzzar/Projects/vestige/run/config
[12:12:41] [main/DEBUG] [ne.ne.fm.lo.FMLPaths/CORE]: Path FMLCONFIG is /Users/quzzar/Projects/vestige/run/config/fml.toml
[12:12:41] [main/DEBUG] [ne.ne.fm.lo.FMLServiceProvider/CORE]: Loading configuration
[12:12:41] [main/DEBUG] [ne.ne.fm.lo.FMLServiceProvider/CORE]: Preparing launch handler
[12:12:41] [main/DEBUG] [ne.ne.fm.lo.FMLLoader/CORE]: Using forgeserveruserdev as launch service
[12:12:41] [main/DEBUG] [cp.mo.mo.TransformationServiceDecorator/MODLAUNCHER]: Initialized transformation service fml
[12:12:41] [main/DEBUG] [cp.mo.mo.TransformationServicesHandler/MODLAUNCHER]: Transformation services begin scanning
[12:12:41] [main/DEBUG] [cp.mo.mo.TransformationServiceDecorator/MODLAUNCHER]: Beginning scan trigger - transformation service mixin
[12:12:41] [main/DEBUG] [cp.mo.mo.TransformationServiceDecorator/MODLAUNCHER]: End scan trigger - transformation service mixin
[12:12:41] [main/DEBUG] [cp.mo.mo.TransformationServiceDecorator/MODLAUNCHER]: Beginning scan trigger - transformation service fml
[12:12:41] [main/DEBUG] [ne.ne.fm.lo.FMLServiceProvider/CORE]: Initiating mod scan
[12:12:41] [main/DEBUG] [ne.ne.fm.lo.ta.CommonLaunchHandler/CORE]: Got mod coordinates vestige%%/Users/quzzar/Projects/vestige/build/standing-prototype-build/classes/java/main:vestige%%/Users/quzzar/Projects/vestige/build/standing-prototype-build/resources/main from env
[12:12:41] [main/DEBUG] [ne.ne.fm.lo.ta.CommonLaunchHandler/CORE]: Found supplied mod coordinates [{vestige=[/Users/quzzar/Projects/vestige/build/standing-prototype-build/classes/java/main, /Users/quzzar/Projects/vestige/build/standing-prototype-build/resources/main]}]
[12:12:41] [main/DEBUG] [ne.ne.fm.ut.ServiceLoaderUtil/CORE]: Found 4 implementations of IModFileCandidateLocator:
[12:12:41] [main/DEBUG] [ne.ne.fm.ut.ServiceLoaderUtil/CORE]: 	       0 - [built-in] net.neoforged.fml.loading.moddiscovery.locators.NeoForgeDevProvider from loader-4.0.29.jar
[12:12:41] [main/DEBUG] [ne.ne.fm.ut.ServiceLoaderUtil/CORE]: 	       0 - net.neoforged.fml.loading.moddiscovery.locators.ModsFolderLocator from loader-4.0.29.jar
[12:12:41] [main/DEBUG] [ne.ne.fm.ut.ServiceLoaderUtil/CORE]: 	       0 - net.neoforged.fml.loading.moddiscovery.locators.MavenDirectoryLocator from loader-4.0.29.jar
[12:12:41] [main/DEBUG] [ne.ne.fm.ut.ServiceLoaderUtil/CORE]: 	   -1000 - [built-in] net.neoforged.fml.loading.moddiscovery.locators.UserdevLocator from loader-4.0.29.jar
[12:12:41] [main/DEBUG] [ne.ne.fm.ut.ServiceLoaderUtil/CORE]: Found 2 implementations of IModFileReader:
[12:12:41] [main/DEBUG] [ne.ne.fm.ut.ServiceLoaderUtil/CORE]: 	       0 - net.neoforged.fml.loading.moddiscovery.readers.JarModsDotTomlModFileReader from loader-4.0.29.jar
[12:12:41] [main/DEBUG] [ne.ne.fm.ut.ServiceLoaderUtil/CORE]: 	   -1000 - net.neoforged.fml.loading.moddiscovery.readers.NestedLibraryModReader from loader-4.0.29.jar
[12:12:41] [main/DEBUG] [ne.ne.fm.ut.ServiceLoaderUtil/CORE]: Found 1 implementations of IDependencyLocator:
[12:12:41] [main/DEBUG] [ne.ne.fm.ut.ServiceLoaderUtil/CORE]: 	       0 - net.neoforged.fml.loading.moddiscovery.locators.JarInJarDependencyLocator from loader-4.0.29.jar
[12:12:41] [main/DEBUG] [ne.ne.fm.lo.mo.ModFileInfo/LOADING]: Found valid mod file neoforge-21.1.72-minecraft.jar with {minecraft} mods - versions {1.21.1}
[12:12:41] [main/DEBUG] [ne.ne.fm.lo.mo.ModFileParser/LOADING]: Considering mod file candidate /Users/quzzar/Projects/vestige/build/standing-prototype-build/moddev/artifacts/neoforge-21.1.72-minecraft.jar
[12:12:41] [main/DEBUG] [ne.ne.fm.lo.mo.ModFileInfo/LOADING]: Found valid mod file neoforge-21.1.72-minecraft.jar with {neoforge} mods - versions {21.1.72}
[12:12:41] [main/DEBUG] [ne.ne.fm.lo.mo.ModListHandler/CORE]: Found mod coordinates from lists: []
[12:12:41] [main/DEBUG] [ne.ne.fm.lo.mo.ModFileParser/LOADING]: Considering mod file candidate /Users/quzzar/Projects/vestige/build/standing-prototype-build/classes/java/main
[12:12:41] [main/DEBUG] [ne.ne.fm.lo.mo.ModFileInfo/LOADING]: Found valid mod file main with {vestige} mods - versions {0.1.0}
[12:12:41] [main/DEBUG] [ne.ne.fm.lo.mo.ModFileParser/LOADING]: Considering mod file candidate /Users/quzzar/Projects/kithkyn/build/libs/kithkyn-1.0.0.jar
[12:12:41] [main/DEBUG] [ne.ne.fm.lo.mo.ModFileInfo/LOADING]: Found valid mod file kithkyn-1.0.0.jar with {kithkyn} mods - versions {1.0.0}
[12:12:41] [main/DEBUG] [ne.ne.fm.lo.mo.ModFileParser/LOADING]: Considering mod file candidate /Users/quzzar/Projects/vestige/build/standing-prototype-build/moddev/artifacts/neoforge-21.1.72-minecraft.jar
[12:12:41] [main/DEBUG] [ne.ne.fm.lo.mo.ModFileInfo/LOADING]: Found valid mod file neoforge-21.1.72-minecraft.jar with {neoforge} mods - versions {21.1.72}
[12:12:41] [main/DEBUG] [ne.ne.fm.lo.mo.ModDiscoverer/]: Skipping /Users/quzzar/.gradle/caches/modules-2/files-2.1/net.neoforged.fancymodloader/earlydisplay/4.0.29/1edc5420c37dde59a5c8b12a842f3ea22cd6139e/earlydisplay-4.0.29.jar because it was already located earlier
[12:12:41] [main/DEBUG] [ne.ne.fm.lo.mo.ModDiscoverer/]: Skipping /Users/quzzar/.gradle/caches/modules-2/files-2.1/net.neoforged.fancymodloader/loader/4.0.29/d18deaf54bafe631f281d4adb5b905308e0a271e/loader-4.0.29.jar because it was already located earlier
[12:12:41] [main/DEBUG] [ne.ne.fm.lo.mo.ModDiscoverer/]: Skipping /Users/quzzar/.gradle/caches/modules-2/files-2.1/net.neoforged/coremods/7.0.3/9147e6f638b4272b3bd5fc8f92ad37802512c6c/coremods-7.0.3.jar because it was already located earlier
[12:12:41] [main/DEBUG] [ne.ne.fm.lo.mo.ModDiscoverer/]: Skipping /Users/quzzar/.gradle/caches/modules-2/files-2.1/cpw.mods/modlauncher/11.0.4/6619d4812a3c092310d521ebc4c9503727563df7/modlauncher-11.0.4.jar because it was already located earlier
[12:12:41] [main/DEBUG] [ne.ne.fm.lo.mo.ModDiscoverer/]: Skipping /Users/quzzar/.gradle/caches/modules-2/files-2.1/net.neoforged.accesstransformers/at-modlauncher/10.0.1/5aba50202aceead086bc09fbc2751c9f05cb4890/at-modlauncher-10.0.1.jar because it was already located earlier
[12:12:41] [main/DEBUG] [ne.ne.fm.lo.mo.ModDiscoverer/]: Skipping /Users/quzzar/.gradle/caches/modules-2/files-2.1/net.neoforged/accesstransformers/10.0.1/fd83b5725f76eae9115e9355fa1c456a6a441400/accesstransformers-10.0.1.jar because it was already located earlier
[12:12:41] [main/DEBUG] [ne.ne.fm.lo.mo.ModDiscoverer/]: Skipping /Users/quzzar/.gradle/caches/modules-2/files-2.1/org.openjdk.nashorn/nashorn-core/15.4/f67f5ffaa5f5130cf6fb9b133da00c7df3b532a5/nashorn-core-15.4.jar because it was already located earlier
[12:12:41] [main/DEBUG] [ne.ne.fm.lo.mo.ModDiscoverer/]: Skipping /Users/quzzar/.gradle/caches/modules-2/files-2.1/net.neoforged/mergetool/2.0.3/1275202cbbb248f49345cf6787ce299afd9a02fb/mergetool-2.0.3-api.jar because it was already located earlier
[12:12:41] [main/DEBUG] [ne.ne.fm.lo.mo.ModDiscoverer/]: Skipping /Users/quzzar/.gradle/caches/modules-2/files-2.1/net.neoforged/bus/8.0.2/163c9ef7c4bcca6d850c34e95261b606af91fe06/bus-8.0.2.jar because it was already located earlier
[12:12:41] [main/DEBUG] [ne.ne.fm.lo.mo.ModDiscoverer/]: Skipping /Users/quzzar/.gradle/caches/modules-2/files-2.1/com.electronwill.night-config/toml/3.8.0/861dbcf2757dd6701c98b3949198549ccb5f62ff/toml-3.8.0.jar because it was already located earlier
[12:12:41] [main/DEBUG] [ne.ne.fm.lo.mo.ModDiscoverer/]: Skipping /Users/quzzar/.gradle/caches/modules-2/files-2.1/com.electronwill.night-config/core/3.8.0/2498dd2b3120dd49e963e2feab8fa5d0c5f80e0a/core-3.8.0.jar because it was already located earlier
[12:12:41] [main/DEBUG] [ne.ne.fm.lo.mo.ModDiscoverer/]: Skipping /Users/quzzar/.gradle/caches/modules-2/files-2.1/net.neoforged/JarJarSelector/0.4.1/fb3cc7a58af22ad2880adb98af6d518128c47dae/JarJarSelector-0.4.1.jar because it was already located earlier
[12:12:41] [main/DEBUG] [ne.ne.fm.lo.mo.ModDiscoverer/]: Skipping /Users/quzzar/.gradle/caches/modules-2/files-2.1/net.neoforged/JarJarMetadata/0.4.1/f8da03683dc81694556dc3e177c5e3bb77ae6fcb/JarJarMetadata-0.4.1.jar because it was already located earlier
[12:12:41] [main/DEBUG] [ne.ne.fm.lo.mo.ModDiscoverer/]: Skipping /Users/quzzar/.gradle/caches/modules-2/files-2.1/org.apache.maven/maven-artifact/3.8.5/4433f50c07debefaed0553bd0068f4f48d449313/maven-artifact-3.8.5.jar because it was already located earlier
[12:12:41] [main/DEBUG] [ne.ne.fm.lo.mo.ModDiscoverer/]: Skipping /Users/quzzar/.gradle/caches/modules-2/files-2.1/net.jodah/typetools/0.6.3/a01aaa6ddaea9ec07ec4f209487b7a46a526283a/typetools-0.6.3.jar because it was already located earlier
[12:12:41] [main/DEBUG] [ne.ne.fm.lo.mo.ModDiscoverer/]: Skipping /Users/quzzar/.gradle/caches/modules-2/files-2.1/net.minecrell/terminalconsoleappender/1.3.0/b562e9bb61235c9520e26282cdee71f8f802d1fc/terminalconsoleappender-1.3.0.jar because it was already located earlier
[12:12:41] [main/DEBUG] [ne.ne.fm.lo.mo.ModDiscoverer/]: Skipping /Users/quzzar/.gradle/caches/modules-2/files-2.1/net.fabricmc/sponge-mixin/0.15.2+mixin.0.8.7/2af2f021d8e02a0220dc27a7a72b4666d66d44ca/sponge-mixin-0.15.2+mixin.0.8.7.jar because it was already located earlier
[12:12:41] [main/DEBUG] [ne.ne.fm.lo.mo.ModDiscoverer/]: Skipping /Users/quzzar/.gradle/caches/modules-2/files-2.1/org.apache.commons/commons-lang3/3.14.0/1ed471194b02f2c6cb734a0cd6f6f107c673afae/commons-lang3-3.14.0.jar because it was already located earlier
[12:12:41] [main/DEBUG] [ne.ne.fm.lo.mo.ModDiscoverer/]: Skipping /Users/quzzar/.gradle/caches/modules-2/files-2.1/com.mojang/logging/1.2.7/24cb95ffb0e3433fd6e844c04e68009e504ca1c0/logging-1.2.7.jar because it was already located earlier
[12:12:41] [main/DEBUG] [ne.ne.fm.lo.mo.ModDiscoverer/]: Skipping /Users/quzzar/.gradle/caches/modules-2/files-2.1/org.apache.logging.log4j/log4j-slf4j2-impl/2.22.1/d7e6693c2606cb7e7335047d7bb96dec52db5665/log4j-slf4j2-impl-2.22.1.jar because it was already located earlier
[12:12:41] [main/DEBUG] [ne.ne.fm.lo.mo.ModDiscoverer/]: Skipping /Users/quzzar/.gradle/caches/modules-2/files-2.1/org.apache.logging.log4j/log4j-core/2.22.1/7183a25510a02ad00cc6a95d3b3d2a7d3c5a8dc4/log4j-core-2.22.1.jar because it was already located earlier
[12:12:41] [main/DEBUG] [ne.ne.fm.lo.mo.ModDiscoverer/]: Skipping /Users/quzzar/.gradle/caches/modules-2/files-2.1/org.apache.logging.log4j/log4j-api/2.22.1/bea6fede6328fabafd7e68363161a7ea6605abd1/log4j-api-2.22.1.jar because it was already located earlier
[12:12:41] [main/DEBUG] [ne.ne.fm.lo.mo.ModDiscoverer/]: Skipping /Users/quzzar/.gradle/caches/modules-2/files-2.1/net.sf.jopt-simple/jopt-simple/5.0.4/4fdac2fbe92dfad86aa6e9301736f6b4342a3f5c/jopt-simple-5.0.4.jar because it was already located earlier
[12:12:41] [main/DEBUG] [ne.ne.fm.lo.mo.ModDiscoverer/]: Skipping /Users/quzzar/.gradle/caches/modules-2/files-2.1/commons-io/commons-io/2.15.1/f11560da189ab563a5c8e351941415430e9304ea/commons-io-2.15.1.jar because it was already located earlier
[12:12:41] [main/DEBUG] [ne.ne.fm.lo.mo.ModDiscoverer/]: Skipping /Users/quzzar/.gradle/caches/modules-2/files-2.1/com.google.guava/guava/32.1.2-jre/5e64ec7e056456bef3a4bc4c6fdaef71e8ab6318/guava-32.1.2-jre.jar because it was already located earlier
[12:12:41] [main/DEBUG] [ne.ne.fm.lo.mo.ModDiscoverer/]: Skipping /Users/quzzar/.gradle/caches/modules-2/files-2.1/com.google.code.gson/gson/2.10.1/b3add478d4382b78ea20b1671390a858002feb6c/gson-2.10.1.jar because it was already located earlier
[12:12:41] [main/DEBUG] [ne.ne.fm.lo.mo.ModDiscoverer/]: Skipping /Users/quzzar/.gradle/caches/modules-2/files-2.1/org.slf4j/slf4j-api/2.0.9/7cf2726fdcfbc8610f9a71fb3ed639871f315340/slf4j-api-2.0.9.jar because it was already located earlier
[12:12:41] [main/DEBUG] [ne.ne.fm.lo.mo.ModDiscoverer/]: Skipping /Users/quzzar/.gradle/caches/modules-2/files-2.1/org.antlr/antlr4-runtime/4.13.1/17125bae1d965624e265ef49552f6465a2bfa307/antlr4-runtime-4.13.1.jar because it was already located earlier
[12:12:41] [main/DEBUG] [ne.ne.fm.lo.mo.ModDiscoverer/]: Skipping /Users/quzzar/.gradle/caches/modules-2/files-2.1/net.minecraftforge/srgutils/0.4.15/ca408b131759478f164e010fae0d73997e125fb5/srgutils-0.4.15.jar because it was already located earlier
[12:12:41] [main/DEBUG] [ne.ne.fm.lo.mo.ModDiscoverer/]: Skipping /Users/quzzar/.gradle/caches/modules-2/files-2.1/org.codehaus.plexus/plexus-utils/3.3.0/cf43b5391de623b36fe066a21127baef82c64022/plexus-utils-3.3.0.jar because it was already located earlier
[12:12:41] [main/DEBUG] [ne.ne.fm.lo.mo.ModDiscoverer/]: Skipping /Users/quzzar/.gradle/caches/modules-2/files-2.1/org.jline/jline-reader/3.20.0/8f15415b022a25b473e8e16c28ae913186ffb9c4/jline-reader-3.20.0.jar because it was already located earlier
[12:12:41] [main/DEBUG] [ne.ne.fm.lo.mo.ModDiscoverer/]: Skipping /Users/quzzar/.gradle/caches/modules-2/files-2.1/com.machinezoo.noexception/noexception/1.7.1/b65330c98e38a1f915fa54a6e5eca496505e3f0a/noexception-1.7.1.jar because it was already located earlier
[12:12:41] [main/DEBUG] [ne.ne.fm.lo.mo.ModDiscoverer/]: Skipping /Users/quzzar/.gradle/caches/modules-2/files-2.1/com.github.oshi/oshi-core/6.4.10/b1d8ab82d11d92fd639b56d639f8f46f739dd5fa/oshi-core-6.4.10.jar because it was already located earlier
[12:12:41] [main/DEBUG] [ne.ne.fm.lo.mo.ModDiscoverer/]: Skipping /Users/quzzar/.gradle/caches/modules-2/files-2.1/com.google.guava/failureaccess/1.0.1/1dcf1de382a0bf95a3d8b0849546c88bac1292c9/failureaccess-1.0.1.jar because it was already located earlier
[12:12:41] [main/DEBUG] [ne.ne.fm.lo.mo.ModDiscoverer/]: Skipping /Users/quzzar/.gradle/caches/modules-2/files-2.1/com.mojang/authlib/6.0.54/de8bc95660e1b2fe8793fd427a7a10dcec5b3ea7/authlib-6.0.54.jar because it was already located earlier
[12:12:41] [main/DEBUG] [ne.ne.fm.lo.mo.ModDiscoverer/]: Skipping /Users/quzzar/.gradle/caches/modules-2/files-2.1/com.mojang/brigadier/1.3.10/d15b53a14cf20fdcaa98f731af5dda654452c010/brigadier-1.3.10.jar because it was already located earlier
[12:12:41] [main/DEBUG] [ne.ne.fm.lo.mo.ModDiscoverer/]: Skipping /Users/quzzar/.gradle/caches/modules-2/files-2.1/com.mojang/datafixerupper/8.0.16/67d4de6d7f95d89bcf5862995fb854ebaec02a34/datafixerupper-8.0.16.jar because it was already located earlier
[12:12:41] [main/DEBUG] [ne.ne.fm.lo.mo.ModDiscoverer/]: Skipping /Users/quzzar/.gradle/caches/modules-2/files-2.1/io.netty/netty-buffer/4.1.97.Final/f8f3d8644afa5e6e1a40a3a6aeb9d9aa970ecb4f/netty-buffer-4.1.97.Final.jar because it was already located earlier
[12:12:41] [main/DEBUG] [ne.ne.fm.lo.mo.ModDiscoverer/]: Skipping /Users/quzzar/.gradle/caches/modules-2/files-2.1/io.netty/netty-codec/4.1.97.Final/384ba4d75670befbedb45c4d3b497a93639c206d/netty-codec-4.1.97.Final.jar because it was already located earlier
[12:12:41] [main/DEBUG] [ne.ne.fm.lo.mo.ModDiscoverer/]: Skipping /Users/quzzar/.gradle/caches/modules-2/files-2.1/io.netty/netty-common/4.1.97.Final/7cceacaf11df8dc63f23d0fb58e9d4640fc88404/netty-common-4.1.97.Final.jar because it was already located earlier
[12:12:41] [main/DEBUG] [ne.ne.fm.lo.mo.ModDiscoverer/]: Skipping /Users/quzzar/.gradle/caches/modules-2/files-2.1/io.netty/netty-handler/4.1.97.Final/abb86c6906bf512bf2b797a41cd7d2e8d3cd7c36/netty-handler-4.1.97.Final.jar because it was already located earlier
[12:12:41] [main/DEBUG] [ne.ne.fm.lo.mo.ModDiscoverer/]: Skipping /Users/quzzar/.gradle/caches/modules-2/files-2.1/io.netty/netty-resolver/4.1.97.Final/cec8348108dc76c47cf87c669d514be52c922144/netty-resolver-4.1.97.Final.jar because it was already located earlier
[12:12:41] [main/DEBUG] [ne.ne.fm.lo.mo.ModDiscoverer/]: Skipping /Users/quzzar/.gradle/caches/modules-2/files-2.1/io.netty/netty-transport-classes-epoll/4.1.97.Final/795da37ded759e862457a82d9d92c4d39ce8ecee/netty-transport-classes-epoll-4.1.97.Final.jar because it was already located earlier
[12:12:41] [main/DEBUG] [ne.ne.fm.lo.mo.ModDiscoverer/]: Skipping /Users/quzzar/.gradle/caches/modules-2/files-2.1/io.netty/netty-transport-native-unix-common/4.1.97.Final/d469d84265ab70095b01b40886cabdd433b6e664/netty-transport-native-unix-common-4.1.97.Final.jar because it was already located earlier
[12:12:41] [main/DEBUG] [ne.ne.fm.lo.mo.ModDiscoverer/]: Skipping /Users/quzzar/.gradle/caches/modules-2/files-2.1/io.netty/netty-transport/4.1.97.Final/f37380d23c9bb079bc702910833b2fd532c9abd0/netty-transport-4.1.97.Final.jar because it was already located earlier
[12:12:41] [main/DEBUG] [ne.ne.fm.lo.mo.ModDiscoverer/]: Skipping /Users/quzzar/.gradle/caches/modules-2/files-2.1/it.unimi.dsi/fastutil/8.5.12/c24946d46824bd528054bface3231d2ecb7e95e8/fastutil-8.5.12.jar because it was already located earlier
[12:12:41] [main/DEBUG] [ne.ne.fm.lo.mo.ModDiscoverer/]: Skipping /Users/quzzar/.gradle/caches/modules-2/files-2.1/net.java.dev.jna/jna-platform/5.14.0/28934d48aed814f11e4c584da55c49fa7032b31b/jna-platform-5.14.0.jar because it was already located earlier
[12:12:41] [main/DEBUG] [ne.ne.fm.lo.mo.ModDiscoverer/]: Skipping /Users/quzzar/.gradle/caches/modules-2/files-2.1/net.java.dev.jna/jna/5.14.0/67bf3eaea4f0718cb376a181a629e5f88fa1c9dd/jna-5.14.0.jar because it was already located earlier
[12:12:41] [main/DEBUG] [ne.ne.fm.lo.mo.ModDiscoverer/]: Skipping /Users/quzzar/.gradle/caches/modules-2/files-2.1/org.joml/joml/1.10.5/22566d58af70ad3d72308bab63b8339906deb649/joml-1.10.5.jar because it was already located earlier
[12:12:41] [main/DEBUG] [ne.ne.fm.lo.mo.ModDiscoverer/]: Skipping /Users/quzzar/.gradle/caches/modules-2/files-2.1/org.lz4/lz4-java/1.8.0/4b986a99445e49ea5fbf5d149c4b63f6ed6c6780/lz4-java-1.8.0.jar because it was already located earlier
[12:12:41] [main/DEBUG] [ne.ne.fm.lo.mo.ModDiscoverer/]: Skipping /Users/quzzar/.gradle/caches/modules-2/files-2.1/org.jline/jline-terminal/3.20.0/d0ddcc708ddf527a3454c941b7b9225cc83a15ff/jline-terminal-3.20.0.jar because it was already located earlier
[12:12:41] [main/DEBUG] [ne.ne.fm.lo.mo.ModDiscoverer/]: Skipping /Users/quzzar/.gradle/caches/modules-2/files-2.1/com.google.guava/listenablefuture/9999.0-empty-to-avoid-conflict-with-guava/b421526c5f297295adef1c886e5246c39d4ac629/listenablefuture-9999.0-empty-to-avoid-conflict-with-guava.jar because it was already located earlier
[12:12:41] [main/DEBUG] [ne.ne.fm.lo.mo.ModDiscoverer/]: Skipping /Users/quzzar/.gradle/caches/modules-2/files-2.1/com.google.code.findbugs/jsr305/3.0.2/25ea2e8b0c338a877313bd4672d3fe056ea78f0d/jsr305-3.0.2.jar because it was already located earlier
[12:12:41] [main/DEBUG] [ne.ne.fm.lo.mo.ModDiscoverer/]: Skipping /Users/quzzar/.gradle/caches/modules-2/files-2.1/org.checkerframework/checker-qual/3.33.0/de2b60b62da487644fc11f734e73c8b0b431238f/checker-qual-3.33.0.jar because it was already located earlier
[12:12:41] [main/DEBUG] [ne.ne.fm.lo.mo.ModDiscoverer/]: Skipping /Users/quzzar/.gradle/caches/modules-2/files-2.1/com.google.errorprone/error_prone_annotations/2.18.0/89b684257096f548fa39a7df9fdaa409d4d4df91/error_prone_annotations-2.18.0.jar because it was already located earlier
[12:12:41] [main/DEBUG] [ne.ne.fm.lo.mo.ModDiscoverer/]: Skipping /Users/quzzar/.gradle/caches/modules-2/files-2.1/com.google.j2objc/j2objc-annotations/2.8/c85270e307e7b822f1086b93689124b89768e273/j2objc-annotations-2.8.jar because it was already located earlier
[12:12:41] [main/DEBUG] [ne.ne.fm.lo.UniqueModListBuilder/]: Found 2 mods for first modid neoforge, selecting most recent based on version data
[12:12:41] [main/DEBUG] [ne.ne.fm.lo.UniqueModListBuilder/]: Selected file neoforge-21.1.72-minecraft.jar for modid neoforge with version 21.1.72
[12:12:41] [main/INFO] [ne.ne.fm.lo.mo.lo.JarInJarDependencyLocator/]: Found 2 dependencies adding them to mods collection
[12:12:41] [main/INFO] [ne.ne.fm.lo.mo.ModDiscoverer/]: 
     Mod List:
		Name Version (Mod Id)

		Kithkyn 1.0.0 (kithkyn)
		Minecraft 1.21.1 (minecraft)
		NeoForge 21.1.72 (neoforge)
		Vestige: Traditions of Lost Magic 0.1.0 (vestige)
[12:12:41] [main/DEBUG] [ne.ne.fm.lo.mo.ModFileInfo/LOADING]: Found valid mod file neoforge-21.1.72-minecraft.jar with {minecraft} mods - versions {1.21.1}
[12:12:41] [main/DEBUG] [ne.ne.fm.lo.mo.ModFile/LOADING]: Loading mod file /Users/quzzar/Projects/vestige/build/standing-prototype-build/moddev/artifacts/neoforge-21.1.72-minecraft.jar with languages [LanguageSpec[languageName=minecraft, acceptedVersions=1]]
[12:12:41] [main/DEBUG] [ne.ne.fm.lo.mo.ModFileParser/LOADING]: Considering mod file candidate /Users/quzzar/Projects/vestige/build/standing-prototype-build/classes/java/main
[12:12:41] [main/DEBUG] [ne.ne.fm.lo.mo.ModFileInfo/LOADING]: Found valid mod file main with {vestige} mods - versions {0.1.0}
[12:12:41] [main/DEBUG] [ne.ne.fm.lo.mo.ModFile/LOADING]: Loading mod file /Users/quzzar/Projects/vestige/build/standing-prototype-build/classes/java/main with languages [LanguageSpec[languageName=javafml, acceptedVersions=[4,)]]
[12:12:41] [main/DEBUG] [ne.ne.fm.lo.mo.ModFileParser/LOADING]: Considering mod file candidate /Users/quzzar/Projects/kithkyn/build/libs/kithkyn-1.0.0.jar
[12:12:41] [main/DEBUG] [ne.ne.fm.lo.mo.ModFileInfo/LOADING]: Found valid mod file kithkyn-1.0.0.jar with {kithkyn} mods - versions {1.0.0}
[12:12:41] [main/DEBUG] [ne.ne.fm.lo.mo.ModFile/LOADING]: Loading mod file /Users/quzzar/Projects/kithkyn/build/libs/kithkyn-1.0.0.jar with languages [LanguageSpec[languageName=javafml, acceptedVersions=[4,)]]
[12:12:41] [main/DEBUG] [ne.ne.fm.lo.mo.ModFileParser/LOADING]: Considering mod file candidate /Users/quzzar/Projects/vestige/build/standing-prototype-build/moddev/artifacts/neoforge-21.1.72-minecraft.jar
[12:12:41] [main/DEBUG] [ne.ne.fm.lo.mo.ModFileInfo/LOADING]: Found valid mod file neoforge-21.1.72-minecraft.jar with {neoforge} mods - versions {21.1.72}
[12:12:41] [main/DEBUG] [ne.ne.fm.lo.mo.ModFile/LOADING]: Loading mod file /Users/quzzar/Projects/vestige/build/standing-prototype-build/moddev/artifacts/neoforge-21.1.72-minecraft.jar with languages [LanguageSpec[languageName=javafml, acceptedVersions=[3,]]]
[12:12:41] [main/DEBUG] [ne.ne.fm.lo.mo.ModFile/LOADING]: Found mixin config neoforge.mixins.json
[12:12:41] [main/DEBUG] [ne.ne.fm.lo.mo.ModFile/LOADING]: Loading mod file  with languages []
[12:12:41] [main/DEBUG] [cp.mo.mo.TransformationServiceDecorator/MODLAUNCHER]: End scan trigger - transformation service fml
[12:12:41] [main/DEBUG] [ne.ne.fm.ut.ServiceLoaderUtil/CORE]: Found 3 implementations of IModLanguageLoader:
[12:12:41] [main/DEBUG] [ne.ne.fm.ut.ServiceLoaderUtil/CORE]: 	net.neoforged.fml.javafmlmod.FMLJavaModLanguageProvider from loader-4.0.29.jar
[12:12:41] [main/DEBUG] [ne.ne.fm.ut.ServiceLoaderUtil/CORE]: 	net.neoforged.fml.lowcodemod.LowCodeModLanguageProvider from loader-4.0.29.jar
[12:12:41] [main/DEBUG] [ne.ne.fm.ut.ServiceLoaderUtil/CORE]: 	net.neoforged.fml.mclanguageprovider.MinecraftModLanguageProvider from loader-4.0.29.jar
[12:12:41] [main/DEBUG] [ne.ne.fm.lo.LanguageProviderLoader/CORE]: Found language provider javafml, version 4.0.29
[12:12:41] [main/DEBUG] [ne.ne.fm.lo.LanguageProviderLoader/CORE]: Found language provider lowcodefml, version 4.0.29
[12:12:41] [main/DEBUG] [ne.ne.fm.lo.LanguageProviderLoader/CORE]: Found language provider minecraft, version 4.0.29
[12:12:41] [main/DEBUG] [ne.ne.fm.lo.ModSorter/]: Configured system mods: [minecraft, neoforge]
[12:12:41] [main/DEBUG] [ne.ne.fm.lo.ModSorter/]: Found system mod: minecraft
[12:12:41] [main/DEBUG] [ne.ne.fm.lo.ModSorter/]: Found system mod: neoforge
[12:12:41] [main/DEBUG] [ne.ne.fm.lo.ModSorter/LOADING]: Found 5 mod requirements (4 mandatory, 1 optional)
[12:12:41] [main/DEBUG] [ne.ne.fm.lo.ModSorter/LOADING]: Found 0 mod requirements missing (0 mandatory, 0 optional)
[12:12:42] [main/DEBUG] [mixin/]: Adding mixin platform agents for container net.neoforged.fml.loading.mixin.FMLMixinContainerHandle@6ceb7b5e
[12:12:42] [main/DEBUG] [mixin/]: Instancing new MixinPlatformAgentMinecraftForge for net.neoforged.fml.loading.mixin.FMLMixinContainerHandle@6ceb7b5e
[12:12:42] [main/DEBUG] [mixin/]: MixinPlatformAgentMinecraftForge rejected container net.neoforged.fml.loading.mixin.FMLMixinContainerHandle@6ceb7b5e
[12:12:42] [main/DEBUG] [mixin/]: Instancing new MixinPlatformAgentDefault for net.neoforged.fml.loading.mixin.FMLMixinContainerHandle@6ceb7b5e
[12:12:42] [main/DEBUG] [mixin/]: MixinPlatformAgentDefault accepted container net.neoforged.fml.loading.mixin.FMLMixinContainerHandle@6ceb7b5e
[12:12:42] [main/DEBUG] [mixin/]: Instancing new FMLMixinPlatformAgent for net.neoforged.fml.loading.mixin.FMLMixinContainerHandle@6ceb7b5e
[12:12:42] [main/DEBUG] [mixin/]: FMLMixinPlatformAgent accepted container net.neoforged.fml.loading.mixin.FMLMixinContainerHandle@6ceb7b5e
[12:12:42] [main/DEBUG] [cp.mo.mo.TransformationServicesHandler/MODLAUNCHER]: Transformation services loading transformers
[12:12:42] [main/DEBUG] [cp.mo.mo.TransformationServiceDecorator/MODLAUNCHER]: Initializing transformers for transformation service mixin
[12:12:42] [main/DEBUG] [cp.mo.mo.TransformationServiceDecorator/MODLAUNCHER]: Initialized transformers for transformation service mixin
[12:12:42] [main/DEBUG] [cp.mo.mo.TransformationServiceDecorator/MODLAUNCHER]: Initializing transformers for transformation service fml
[12:12:42] [main/DEBUG] [ne.ne.fm.lo.FMLServiceProvider/LOADING]: Loading coremod transformers
[12:12:42] [main/DEBUG] [ne.ne.fm.lo.FMLServiceProvider/CORE]: Not loading coremod script-engine since no mod requested it
[12:12:42] [main/DEBUG] [ne.ne.fm.ut.ServiceLoaderUtil/CORE]: Found 1 implementations of ICoreMod:
[12:12:42] [main/DEBUG] [ne.ne.fm.ut.ServiceLoaderUtil/CORE]: 	net.neoforged.neoforge.coremods.NeoForgeCoreMod from neoforge-21.1.72-minecraft.jar > neoforge-coremods-21.1.72.jar
[12:12:42] [main/DEBUG] [ne.ne.fm.lo.FMLServiceProvider/CORE]: Adding [Target[className=net.minecraft.world.level.biome.Biome, elementName=, elementDescriptor=, targetType=cpw.mods.modlauncher.api.TargetType@1199fe66]] transformer from core-mod net.neoforged.neoforge.coremods.NeoForgeCoreMod@67001148 in neoforge-21.1.72-minecraft.jar > neoforge-coremods-21.1.72.jar
[12:12:42] [main/DEBUG] [ne.ne.fm.lo.FMLServiceProvider/CORE]: Adding [Target[className=net.minecraft.world.level.levelgen.structure.Structure, elementName=, elementDescriptor=, targetType=cpw.mods.modlauncher.api.TargetType@1199fe66]] transformer from core-mod net.neoforged.neoforge.coremods.NeoForgeCoreMod@67001148 in neoforge-21.1.72-minecraft.jar > neoforge-coremods-21.1.72.jar
[12:12:42] [main/DEBUG] [ne.ne.fm.lo.FMLServiceProvider/CORE]: Adding [Target[className=net.minecraft.world.level.block.FlowerPotBlock, elementName=, elementDescriptor=, targetType=cpw.mods.modlauncher.api.TargetType@1199fe66]] transformer from core-mod net.neoforged.neoforge.coremods.NeoForgeCoreMod@67001148 in neoforge-21.1.72-minecraft.jar > neoforge-coremods-21.1.72.jar
[12:12:42] [main/DEBUG] [ne.ne.fm.lo.FMLServiceProvider/CORE]: Adding [Target[className=net/minecraft/world/level/levelgen/structure/structures/SwampHutPiece, elementName=, elementDescriptor=, targetType=cpw.mods.modlauncher.api.TargetType@1199fe66], Target[className=net/minecraft/world/entity/animal/frog/Tadpole, elementName=, elementDescriptor=, targetType=cpw.mods.modlauncher.api.TargetType@1199fe66], Target[className=net/minecraft/world/level/levelgen/structure/structures/OceanMonumentPieces$OceanMonumentPiece, elementName=, elementDescriptor=, targetType=cpw.mods.modlauncher.api.TargetType@1199fe66], Target[className=net/minecraft/world/level/levelgen/structure/templatesystem/StructureTemplate, elementName=, elementDescriptor=, targetType=cpw.mods.modlauncher.api.TargetType@1199fe66], Target[className=net/minecraft/world/entity/raid/Raid, elementName=, elementDescriptor=, targetType=cpw.mods.modlauncher.api.TargetType@1199fe66], Target[className=net/minecraft/world/level/levelgen/structure/structures/OceanRuinPieces$OceanRuinPiece, elementName=, elementDescriptor=, targetType=cpw.mods.modlauncher.api.TargetType@1199fe66], Target[className=net/minecraft/world/entity/monster/Zombie, elementName=, elementDescriptor=, targetType=cpw.mods.modlauncher.api.TargetType@1199fe66], Target[className=net/minecraft/world/entity/monster/ZombieVillager, elementName=, elementDescriptor=, targetType=cpw.mods.modlauncher.api.TargetType@1199fe66], Target[className=net/minecraft/world/entity/monster/Spider, elementName=, elementDescriptor=, targetType=cpw.mods.modlauncher.api.TargetType@1199fe66], Target[className=net/minecraft/world/entity/npc/Villager, elementName=, elementDescriptor=, targetType=cpw.mods.modlauncher.api.TargetType@1199fe66], Target[className=net/minecraft/world/level/levelgen/PhantomSpawner, elementName=, elementDescriptor=, targetType=cpw.mods.modlauncher.api.TargetType@1199fe66], Target[className=net/minecraft/world/entity/ai/village/VillageSiege, elementName=, elementDescriptor=, targetType=cpw.mods.modlauncher.api.TargetType@1199fe66], Target[className=net/minecraft/world/level/NaturalSpawner, elementName=, elementDescriptor=, targetType=cpw.mods.modlauncher.api.TargetType@1199fe66], Target[className=net/minecraft/server/commands/RaidCommand, elementName=, elementDescriptor=, targetType=cpw.mods.modlauncher.api.TargetType@1199fe66], Target[className=net/minecraft/world/level/levelgen/PatrolSpawner, elementName=, elementDescriptor=, targetType=cpw.mods.modlauncher.api.TargetType@1199fe66], Target[className=net/minecraft/server/commands/SummonCommand, elementName=, elementDescriptor=, targetType=cpw.mods.modlauncher.api.TargetType@1199fe66], Target[className=net/minecraft/world/entity/EntityType, elementName=, elementDescriptor=, targetType=cpw.mods.modlauncher.api.TargetType@1199fe66], Target[className=net/minecraft/world/entity/monster/Strider, elementName=, elementDescriptor=, targetType=cpw.mods.modlauncher.api.TargetType@1199fe66], Target[className=net/minecraft/world/level/levelgen/structure/structures/WoodlandMansionPieces$WoodlandMansionPiece, elementName=, elementDescriptor=, targetType=cpw.mods.modlauncher.api.TargetType@1199fe66], Target[className=net/minecraft/world/entity/monster/Evoker$EvokerSummonSpellGoal, elementName=, elementDescriptor=, targetType=cpw.mods.modlauncher.api.TargetType@1199fe66], Target[className=net/minecraft/world/entity/animal/horse/SkeletonTrapGoal, elementName=, elementDescriptor=, targetType=cpw.mods.modlauncher.api.TargetType@1199fe66], Target[className=net/minecraft/world/entity/npc/CatSpawner, elementName=, elementDescriptor=, targetType=cpw.mods.modlauncher.api.TargetType@1199fe66]] transformer from core-mod net.neoforged.neoforge.coremods.NeoForgeCoreMod@67001148 in neoforge-21.1.72-minecraft.jar > neoforge-coremods-21.1.72.jar
[12:12:42] [main/DEBUG] [cp.mo.mo.TransformStore/MODLAUNCHER]: Adding transformer net.neoforged.neoforge.coremods.ReplaceFieldWithGetterAccess@2fc07784 to Target : cpw.mods.modlauncher.api.TargetType@1199fe66 {Lnet/minecraft/world/level/biome/Biome;} {} {V}
[12:12:42] [main/DEBUG] [cp.mo.mo.TransformStore/MODLAUNCHER]: Adding transformer net.neoforged.neoforge.coremods.ReplaceFieldWithGetterAccess@226b143b to Target : cpw.mods.modlauncher.api.TargetType@1199fe66 {Lnet/minecraft/world/level/levelgen/structure/Structure;} {} {V}
[12:12:42] [main/DEBUG] [cp.mo.mo.TransformStore/MODLAUNCHER]: Adding transformer net.neoforged.neoforge.coremods.ReplaceFieldWithGetterAccess@682bd3c4 to Target : cpw.mods.modlauncher.api.TargetType@1199fe66 {Lnet/minecraft/world/level/block/FlowerPotBlock;} {} {V}
[12:12:42] [main/DEBUG] [cp.mo.mo.TransformStore/MODLAUNCHER]: Adding transformer net.neoforged.neoforge.coremods.MethodRedirector@f2e4acf to Target : cpw.mods.modlauncher.api.TargetType@1199fe66 {Lnet/minecraft/world/level/levelgen/structure/structures/SwampHutPiece;} {} {V}
[12:12:42] [main/DEBUG] [cp.mo.mo.TransformStore/MODLAUNCHER]: Adding transformer net.neoforged.neoforge.coremods.MethodRedirector@f2e4acf to Target : cpw.mods.modlauncher.api.TargetType@1199fe66 {Lnet/minecraft/world/entity/animal/frog/Tadpole;} {} {V}
[12:12:42] [main/DEBUG] [cp.mo.mo.TransformStore/MODLAUNCHER]: Adding transformer net.neoforged.neoforge.coremods.MethodRedirector@f2e4acf to Target : cpw.mods.modlauncher.api.TargetType@1199fe66 {Lnet/minecraft/world/level/levelgen/structure/structures/OceanMonumentPieces$OceanMonumentPiece;} {} {V}
[12:12:42] [main/DEBUG] [cp.mo.mo.TransformStore/MODLAUNCHER]: Adding transformer net.neoforged.neoforge.coremods.MethodRedirector@f2e4acf to Target : cpw.mods.modlauncher.api.TargetType@1199fe66 {Lnet/minecraft/world/level/levelgen/structure/templatesystem/StructureTemplate;} {} {V}
[12:12:42] [main/DEBUG] [cp.mo.mo.TransformStore/MODLAUNCHER]: Adding transformer net.neoforged.neoforge.coremods.MethodRedirector@f2e4acf to Target : cpw.mods.modlauncher.api.TargetType@1199fe66 {Lnet/minecraft/world/entity/raid/Raid;} {} {V}
[12:12:42] [main/DEBUG] [cp.mo.mo.TransformStore/MODLAUNCHER]: Adding transformer net.neoforged.neoforge.coremods.MethodRedirector@f2e4acf to Target : cpw.mods.modlauncher.api.TargetType@1199fe66 {Lnet/minecraft/world/level/levelgen/structure/structures/OceanRuinPieces$OceanRuinPiece;} {} {V}
[12:12:42] [main/DEBUG] [cp.mo.mo.TransformStore/MODLAUNCHER]: Adding transformer net.neoforged.neoforge.coremods.MethodRedirector@f2e4acf to Target : cpw.mods.modlauncher.api.TargetType@1199fe66 {Lnet/minecraft/world/entity/monster/Zombie;} {} {V}
[12:12:42] [main/DEBUG] [cp.mo.mo.TransformStore/MODLAUNCHER]: Adding transformer net.neoforged.neoforge.coremods.MethodRedirector@f2e4acf to Target : cpw.mods.modlauncher.api.TargetType@1199fe66 {Lnet/minecraft/world/entity/monster/ZombieVillager;} {} {V}
[12:12:42] [main/DEBUG] [cp.mo.mo.TransformStore/MODLAUNCHER]: Adding transformer net.neoforged.neoforge.coremods.MethodRedirector@f2e4acf to Target : cpw.mods.modlauncher.api.TargetType@1199fe66 {Lnet/minecraft/world/entity/monster/Spider;} {} {V}
[12:12:42] [main/DEBUG] [cp.mo.mo.TransformStore/MODLAUNCHER]: Adding transformer net.neoforged.neoforge.coremods.MethodRedirector@f2e4acf to Target : cpw.mods.modlauncher.api.TargetType@1199fe66 {Lnet/minecraft/world/entity/npc/Villager;} {} {V}
[12:12:42] [main/DEBUG] [cp.mo.mo.TransformStore/MODLAUNCHER]: Adding transformer net.neoforged.neoforge.coremods.MethodRedirector@f2e4acf to Target : cpw.mods.modlauncher.api.TargetType@1199fe66 {Lnet/minecraft/world/level/levelgen/PhantomSpawner;} {} {V}
[12:12:42] [main/DEBUG] [cp.mo.mo.TransformStore/MODLAUNCHER]: Adding transformer net.neoforged.neoforge.coremods.MethodRedirector@f2e4acf to Target : cpw.mods.modlauncher.api.TargetType@1199fe66 {Lnet/minecraft/world/entity/ai/village/VillageSiege;} {} {V}
[12:12:42] [main/DEBUG] [cp.mo.mo.TransformStore/MODLAUNCHER]: Adding transformer net.neoforged.neoforge.coremods.MethodRedirector@f2e4acf to Target : cpw.mods.modlauncher.api.TargetType@1199fe66 {Lnet/minecraft/world/level/NaturalSpawner;} {} {V}
[12:12:42] [main/DEBUG] [cp.mo.mo.TransformStore/MODLAUNCHER]: Adding transformer net.neoforged.neoforge.coremods.MethodRedirector@f2e4acf to Target : cpw.mods.modlauncher.api.TargetType@1199fe66 {Lnet/minecraft/server/commands/RaidCommand;} {} {V}
[12:12:42] [main/DEBUG] [cp.mo.mo.TransformStore/MODLAUNCHER]: Adding transformer net.neoforged.neoforge.coremods.MethodRedirector@f2e4acf to Target : cpw.mods.modlauncher.api.TargetType@1199fe66 {Lnet/minecraft/world/level/levelgen/PatrolSpawner;} {} {V}
[12:12:42] [main/DEBUG] [cp.mo.mo.TransformStore/MODLAUNCHER]: Adding transformer net.neoforged.neoforge.coremods.MethodRedirector@f2e4acf to Target : cpw.mods.modlauncher.api.TargetType@1199fe66 {Lnet/minecraft/server/commands/SummonCommand;} {} {V}
[12:12:42] [main/DEBUG] [cp.mo.mo.TransformStore/MODLAUNCHER]: Adding transformer net.neoforged.neoforge.coremods.MethodRedirector@f2e4acf to Target : cpw.mods.modlauncher.api.TargetType@1199fe66 {Lnet/minecraft/world/entity/EntityType;} {} {V}
[12:12:42] [main/DEBUG] [cp.mo.mo.TransformStore/MODLAUNCHER]: Adding transformer net.neoforged.neoforge.coremods.MethodRedirector@f2e4acf to Target : cpw.mods.modlauncher.api.TargetType@1199fe66 {Lnet/minecraft/world/entity/monster/Strider;} {} {V}
[12:12:42] [main/DEBUG] [cp.mo.mo.TransformStore/MODLAUNCHER]: Adding transformer net.neoforged.neoforge.coremods.MethodRedirector@f2e4acf to Target : cpw.mods.modlauncher.api.TargetType@1199fe66 {Lnet/minecraft/world/level/levelgen/structure/structures/WoodlandMansionPieces$WoodlandMansionPiece;} {} {V}
[12:12:42] [main/DEBUG] [cp.mo.mo.TransformStore/MODLAUNCHER]: Adding transformer net.neoforged.neoforge.coremods.MethodRedirector@f2e4acf to Target : cpw.mods.modlauncher.api.TargetType@1199fe66 {Lnet/minecraft/world/entity/monster/Evoker$EvokerSummonSpellGoal;} {} {V}
[12:12:42] [main/DEBUG] [cp.mo.mo.TransformStore/MODLAUNCHER]: Adding transformer net.neoforged.neoforge.coremods.MethodRedirector@f2e4acf to Target : cpw.mods.modlauncher.api.TargetType@1199fe66 {Lnet/minecraft/world/entity/animal/horse/SkeletonTrapGoal;} {} {V}
[12:12:42] [main/DEBUG] [cp.mo.mo.TransformStore/MODLAUNCHER]: Adding transformer net.neoforged.neoforge.coremods.MethodRedirector@f2e4acf to Target : cpw.mods.modlauncher.api.TargetType@1199fe66 {Lnet/minecraft/world/entity/npc/CatSpawner;} {} {V}
[12:12:42] [main/DEBUG] [cp.mo.mo.TransformationServiceDecorator/MODLAUNCHER]: Initialized transformers for transformation service fml
[12:12:43] [main/DEBUG] [mixin/]: Processing prepare() for PlatformAgent[MixinPlatformAgentDefault:ModLauncher Root Container(ModLauncher:4f56a0a2)]
[12:12:43] [main/DEBUG] [mixin/]: Processing prepare() for PlatformAgent[MixinPlatformAgentDefault:net.neoforged.fml.loading.mixin.FMLMixinContainerHandle@6ceb7b5e]
[12:12:43] [main/DEBUG] [mixin/]: Processing prepare() for PlatformAgent[FMLMixinPlatformAgent:null]
[12:12:43] [main/DEBUG] [mixin/]: Processing launch tasks for PlatformAgent[MixinPlatformAgentDefault:ModLauncher Root Container(ModLauncher:4f56a0a2)]
[12:12:43] [main/DEBUG] [mixin/]: Adding mixin platform agents for container SecureJarResource(mixin_synthetic)
[12:12:43] [main/DEBUG] [mixin/]: Instancing new MixinPlatformAgentMinecraftForge for SecureJarResource(mixin_synthetic)
[12:12:43] [main/DEBUG] [mixin/]: MixinPlatformAgentMinecraftForge rejected container SecureJarResource(mixin_synthetic)
[12:12:43] [main/DEBUG] [mixin/]: Instancing new MixinPlatformAgentDefault for SecureJarResource(mixin_synthetic)
[12:12:43] [main/DEBUG] [mixin/]: MixinPlatformAgentDefault accepted container SecureJarResource(mixin_synthetic)
[12:12:43] [main/DEBUG] [mixin/]: Instancing new FMLMixinPlatformAgent for SecureJarResource(mixin_synthetic)
[12:12:43] [main/DEBUG] [mixin/]: FMLMixinPlatformAgent rejected container SecureJarResource(mixin_synthetic)
[12:12:43] [main/DEBUG] [mixin/]: Processing prepare() for PlatformAgent[MixinPlatformAgentDefault:SecureJarResource(mixin_synthetic)]
[12:12:43] [main/DEBUG] [mixin/]: Adding mixin platform agents for container SecureJarResource(minecraft)
[12:12:43] [main/DEBUG] [mixin/]: Instancing new MixinPlatformAgentMinecraftForge for SecureJarResource(minecraft)
[12:12:43] [main/DEBUG] [mixin/]: MixinPlatformAgentMinecraftForge rejected container SecureJarResource(minecraft)
[12:12:43] [main/DEBUG] [mixin/]: Instancing new MixinPlatformAgentDefault for SecureJarResource(minecraft)
[12:12:43] [main/DEBUG] [mixin/]: MixinPlatformAgentDefault accepted container SecureJarResource(minecraft)
[12:12:43] [main/DEBUG] [mixin/]: Instancing new FMLMixinPlatformAgent for SecureJarResource(minecraft)
[12:12:43] [main/DEBUG] [mixin/]: FMLMixinPlatformAgent rejected container SecureJarResource(minecraft)
[12:12:43] [main/DEBUG] [mixin/]: Processing prepare() for PlatformAgent[MixinPlatformAgentDefault:SecureJarResource(minecraft)]
[12:12:43] [main/DEBUG] [mixin/]: Adding mixin platform agents for container SecureJarResource(kithkyn)
[12:12:43] [main/DEBUG] [mixin/]: Instancing new MixinPlatformAgentMinecraftForge for SecureJarResource(kithkyn)
[12:12:43] [main/DEBUG] [mixin/]: MixinPlatformAgentMinecraftForge rejected container SecureJarResource(kithkyn)
[12:12:43] [main/DEBUG] [mixin/]: Instancing new MixinPlatformAgentDefault for SecureJarResource(kithkyn)
[12:12:43] [main/DEBUG] [mixin/]: MixinPlatformAgentDefault accepted container SecureJarResource(kithkyn)
[12:12:43] [main/DEBUG] [mixin/]: Instancing new FMLMixinPlatformAgent for SecureJarResource(kithkyn)
[12:12:43] [main/DEBUG] [mixin/]: FMLMixinPlatformAgent rejected container SecureJarResource(kithkyn)
[12:12:43] [main/DEBUG] [mixin/]: Processing prepare() for PlatformAgent[MixinPlatformAgentDefault:SecureJarResource(kithkyn)]
[12:12:43] [main/DEBUG] [mixin/]: Adding mixin platform agents for container SecureJarResource(vestige)
[12:12:43] [main/DEBUG] [mixin/]: Instancing new MixinPlatformAgentMinecraftForge for SecureJarResource(vestige)
[12:12:43] [main/DEBUG] [mixin/]: MixinPlatformAgentMinecraftForge rejected container SecureJarResource(vestige)
[12:12:43] [main/DEBUG] [mixin/]: Instancing new MixinPlatformAgentDefault for SecureJarResource(vestige)
[12:12:43] [main/DEBUG] [mixin/]: MixinPlatformAgentDefault accepted container SecureJarResource(vestige)
[12:12:43] [main/DEBUG] [mixin/]: Instancing new FMLMixinPlatformAgent for SecureJarResource(vestige)
[12:12:43] [main/DEBUG] [mixin/]: FMLMixinPlatformAgent rejected container SecureJarResource(vestige)
[12:12:43] [main/DEBUG] [mixin/]: Processing prepare() for PlatformAgent[MixinPlatformAgentDefault:SecureJarResource(vestige)]
[12:12:43] [main/DEBUG] [mixin/]: Adding mixin platform agents for container SecureJarResource(mixinextras.neoforge)
[12:12:43] [main/DEBUG] [mixin/]: Instancing new MixinPlatformAgentMinecraftForge for SecureJarResource(mixinextras.neoforge)
[12:12:43] [main/DEBUG] [mixin/]: MixinPlatformAgentMinecraftForge rejected container SecureJarResource(mixinextras.neoforge)
[12:12:43] [main/DEBUG] [mixin/]: Instancing new MixinPlatformAgentDefault for SecureJarResource(mixinextras.neoforge)
[12:12:43] [main/DEBUG] [mixin/]: MixinPlatformAgentDefault accepted container SecureJarResource(mixinextras.neoforge)
[12:12:43] [main/DEBUG] [mixin/]: Instancing new FMLMixinPlatformAgent for SecureJarResource(mixinextras.neoforge)
[12:12:43] [main/DEBUG] [mixin/]: FMLMixinPlatformAgent rejected container SecureJarResource(mixinextras.neoforge)
[12:12:43] [main/DEBUG] [mixin/]: Processing prepare() for PlatformAgent[MixinPlatformAgentDefault:SecureJarResource(mixinextras.neoforge)]
[12:12:43] [main/DEBUG] [mixin/]: Registering mixin config: mixinextras.init.mixins.json source=SecureJarResource(mixinextras.neoforge)
[12:12:43] [main/DEBUG] [mixin/]: inject() running with 7 agents
[12:12:43] [main/DEBUG] [mixin/]: Processing inject() for PlatformAgent[MixinPlatformAgentDefault:ModLauncher Root Container(ModLauncher:4f56a0a2)]
[12:12:43] [main/DEBUG] [mixin/]: Processing inject() for PlatformAgent[MixinPlatformAgentDefault:net.neoforged.fml.loading.mixin.FMLMixinContainerHandle@6ceb7b5e]
[12:12:43] [main/DEBUG] [mixin/]: Processing inject() for PlatformAgent[FMLMixinPlatformAgent:null]
[12:12:43] [main/DEBUG] [mixin/]: Processing inject() for PlatformAgent[MixinPlatformAgentDefault:SecureJarResource(mixin_synthetic)]
[12:12:43] [main/DEBUG] [mixin/]: Processing inject() for PlatformAgent[MixinPlatformAgentDefault:SecureJarResource(minecraft)]
[12:12:43] [main/DEBUG] [mixin/]: Processing inject() for PlatformAgent[MixinPlatformAgentDefault:SecureJarResource(kithkyn)]
[12:12:43] [main/DEBUG] [mixin/]: Processing inject() for PlatformAgent[MixinPlatformAgentDefault:SecureJarResource(vestige)]
[12:12:43] [main/DEBUG] [mixin/]: Processing inject() for PlatformAgent[MixinPlatformAgentDefault:SecureJarResource(mixinextras.neoforge)]
[12:12:43] [main/INFO] [cp.mo.mo.LaunchServiceHandler/MODLAUNCHER]: Launching target 'forgeserveruserdev' with arguments [--gameDir, .]
[12:12:43] [main/DEBUG] [mixin/]: Preparing mixins for MixinEnvironment[DEFAULT]
[12:12:43] [main/DEBUG] [mixin/]: Selecting config neoforge.mixins.json
[12:12:43] [main/DEBUG] [mixin/]: Selecting config mixinextras.init.mixins.json
[12:12:43] [main/DEBUG] [MixinExtras|Service/]: com.llamalad7.mixinextras.service.MixinExtrasServiceImpl(version=0.4.1) is taking over from null
[12:12:43] [main/DEBUG] [mixin/]: Registering new injector for @Inject with org.spongepowered.asm.mixin.injection.struct.CallbackInjectionInfo
[12:12:43] [main/DEBUG] [mixin/]: Registering new injector for @ModifyArg with org.spongepowered.asm.mixin.injection.struct.ModifyArgInjectionInfo
[12:12:43] [main/DEBUG] [mixin/]: Registering new injector for @ModifyArgs with org.spongepowered.asm.mixin.injection.struct.ModifyArgsInjectionInfo
[12:12:43] [main/DEBUG] [mixin/]: Registering new injector for @Redirect with org.spongepowered.asm.mixin.injection.struct.RedirectInjectionInfo
[12:12:43] [main/DEBUG] [mixin/]: Registering new injector for @ModifyVariable with org.spongepowered.asm.mixin.injection.struct.ModifyVariableInjectionInfo
[12:12:43] [main/DEBUG] [mixin/]: Registering new injector for @ModifyConstant with org.spongepowered.asm.mixin.injection.struct.ModifyConstantInjectionInfo
[12:12:43] [main/DEBUG] [mixin/]: Preparing neoforge.mixins.json (2)
[12:12:43] [main/DEBUG] [mixin/]: Preparing mixinextras.init.mixins.json (0)
[12:12:43] [main/DEBUG] [mixin/]: Prepared 2 mixins in 0.376 sec (188.0ms avg) (0ms load, 0ms transform, 0ms plugin)
[12:12:44] [main/DEBUG] [io.ne.ut.in.lo.InternalLoggerFactory/]: Using SLF4J as the default logging framework
[12:12:44] [main/DEBUG] [io.ne.ut.ResourceLeakDetector/]: -Dio.netty.leakDetection.level: simple
[12:12:44] [main/DEBUG] [io.ne.ut.ResourceLeakDetector/]: -Dio.netty.leakDetection.targetRecords: 4
[12:12:45] [main/DEBUG] [os.ut.FileUtil/]: No oshi.properties file found from ClassLoader cpw.mods.modlauncher.TransformingClassLoader@1e9804b9
[12:12:45] [main/DEBUG] [os.ut.FileUtil/]: No oshi.architecture.properties file found from ClassLoader cpw.mods.modlauncher.TransformingClassLoader@1e9804b9
[12:12:46] [main/INFO] [MixinExtras|Service/]: Initializing MixinExtras via com.llamalad7.mixinextras.service.MixinExtrasServiceImpl(version=0.4.1).
[12:12:46] [main/DEBUG] [mixin/]: Registering new injector for @SugarWrapper with com.llamalad7.mixinextras.sugar.impl.SugarWrapperInjectionInfo
[12:12:46] [main/DEBUG] [mixin/]: Registering new injector for @FactoryRedirectWrapper with com.llamalad7.mixinextras.wrapper.factory.FactoryRedirectWrapperInjectionInfo
[12:12:46] [main/DEBUG] [mixin/]: Mixing MappedRegistryAccessor from neoforge.mixins.json into net.minecraft.core.MappedRegistry
[12:12:46] [main/DEBUG] [mixin/]: neoforge.mixins.json:MappedRegistryAccessor from mod neoforge: Class version 65 required is higher than the class version supported by the current version of Mixin (JAVA_16 supports class version 60)
[12:12:49] [main/DEBUG] [mixin/]: Mixing BlockEntityTypeAccessor from neoforge.mixins.json into net.minecraft.world.level.block.entity.BlockEntityType
[12:12:49] [main/DEBUG] [mixin/]: neoforge.mixins.json:BlockEntityTypeAccessor from mod neoforge: Class version 65 required is higher than the class version supported by the current version of Mixin (JAVA_16 supports class version 60)
[12:12:53] [main/DEBUG] [io.ne.ut.in.PlatformDependent0/]: -Dio.netty.noUnsafe: false
[12:12:53] [main/DEBUG] [io.ne.ut.in.PlatformDependent0/]: Java version: 21
[12:12:53] [main/DEBUG] [io.ne.ut.in.PlatformDependent0/]: sun.misc.Unsafe.theUnsafe: available
[12:12:53] [main/DEBUG] [io.ne.ut.in.PlatformDependent0/]: sun.misc.Unsafe.copyMemory: available
[12:12:53] [main/DEBUG] [io.ne.ut.in.PlatformDependent0/]: sun.misc.Unsafe.storeFence: available
[12:12:53] [main/DEBUG] [io.ne.ut.in.PlatformDependent0/]: java.nio.Buffer.address: available
[12:12:53] [main/DEBUG] [io.ne.ut.in.PlatformDependent0/]: direct buffer constructor: unavailable: Reflective setAccessible(true) disabled
[12:12:53] [main/DEBUG] [io.ne.ut.in.PlatformDependent0/]: java.nio.Bits.unaligned: available, true
[12:12:53] [main/DEBUG] [io.ne.ut.in.PlatformDependent0/]: jdk.internal.misc.Unsafe.allocateUninitializedArray(int): unavailable: class io.netty.util.internal.PlatformDependent0$7 (in module io.netty.common) cannot access class jdk.internal.misc.Unsafe (in module java.base) because module java.base does not export jdk.internal.misc to module io.netty.common
[12:12:53] [main/DEBUG] [io.ne.ut.in.PlatformDependent0/]: java.nio.DirectByteBuffer.<init>(long, {int,long}): unavailable
[12:12:53] [main/DEBUG] [io.ne.ut.in.PlatformDependent/]: sun.misc.Unsafe: available
[12:12:53] [main/DEBUG] [io.ne.ut.in.PlatformDependent/]: maxDirectMemory: 8589934592 bytes (maybe)
[12:12:53] [main/DEBUG] [io.ne.ut.in.PlatformDependent/]: -Dio.netty.tmpdir: /var/folders/x7/my3yq15j6c1gf4m_rm5k2b8c0000gn/T (java.io.tmpdir)
[12:12:53] [main/DEBUG] [io.ne.ut.in.PlatformDependent/]: -Dio.netty.bitMode: 64 (sun.arch.data.model)
[12:12:53] [main/DEBUG] [io.ne.ut.in.PlatformDependent/]: Platform: MacOS
[12:12:53] [main/DEBUG] [io.ne.ut.in.PlatformDependent/]: -Dio.netty.maxDirectMemory: -1 bytes
[12:12:53] [main/DEBUG] [io.ne.ut.in.PlatformDependent/]: -Dio.netty.uninitializedArrayAllocationThreshold: -1
[12:12:53] [main/DEBUG] [io.ne.ut.in.CleanerJava9/]: java.nio.ByteBuffer.cleaner(): available
[12:12:53] [main/DEBUG] [io.ne.ut.in.PlatformDependent/]: -Dio.netty.noPreferDirect: false
[12:12:59] [main/WARN] [minecraft/Commands]: Ambiguity between arguments [teleport, location] and [teleport, destination] with inputs: [0.1 -0.5 .9, 0 0 0]
[12:12:59] [main/WARN] [minecraft/Commands]: Ambiguity between arguments [teleport, location] and [teleport, targets] with inputs: [0.1 -0.5 .9, 0 0 0]
[12:12:59] [main/WARN] [minecraft/Commands]: Ambiguity between arguments [teleport, destination] and [teleport, targets] with inputs: [Player, 0123, @e, dd12be42-52a9-4a91-a8a1-11c01849e498]
[12:12:59] [main/WARN] [minecraft/Commands]: Ambiguity between arguments [teleport, targets] and [teleport, destination] with inputs: [Player, 0123, dd12be42-52a9-4a91-a8a1-11c01849e498]
[12:12:59] [main/WARN] [minecraft/Commands]: Ambiguity between arguments [teleport, targets, location] and [teleport, targets, destination] with inputs: [0.1 -0.5 .9, 0 0 0]
[12:12:59] [main/DEBUG] [ne.ne.fm.ModWorkManager/LOADING]: Using 10 threads for parallel mod-loading
[12:12:59] [main/DEBUG] [ne.ne.fm.ja.FMLModContainer/LOADING]: Creating FMLModContainer instance for [com.quzzar.kithkyn.Kithkyn]
[12:12:59] [main/DEBUG] [ne.ne.fm.ja.FMLModContainer/LOADING]: Creating FMLModContainer instance for [com.quzzar.vestige.VestigeMod]
[12:12:59] [main/DEBUG] [ne.ne.fm.ja.FMLModContainer/LOADING]: Creating FMLModContainer instance for [net.neoforged.neoforge.common.NeoForgeMod]
[12:12:59] [modloading-worker-0/DEBUG] [ne.ne.ne.in.ve.ne.NeoForgeVersion/CORE]: Found NeoForge version 21.1.72
[12:12:59] [modloading-worker-0/DEBUG] [ne.ne.ne.in.ve.ne.NeoForgeVersion/CORE]: Found FML version 4.0.29
[12:12:59] [modloading-worker-0/INFO] [ne.ne.ne.co.NeoForgeMod/NEOFORGE-MOD]: NeoForge mod loading, version 21.1.72, for MC 1.21.1
[12:12:59] [modloading-worker-0/DEBUG] [ne.ne.fm.co.ConfigTracker/CONFIG]: Config file neoforge-client.toml for neoforge tracking
[12:12:59] [modloading-worker-0/DEBUG] [ne.ne.fm.co.ConfigTracker/CONFIG]: Config file kithkyn-common.toml for kithkyn tracking
[12:12:59] [modloading-worker-0/DEBUG] [ne.ne.fm.co.ConfigTracker/CONFIG]: Config file neoforge-server.toml for neoforge tracking
[12:12:59] [modloading-worker-0/DEBUG] [ne.ne.fm.co.ConfigTracker/CONFIG]: Config file kithkyn-advanced.toml for kithkyn tracking
[12:12:59] [modloading-worker-0/DEBUG] [ne.ne.fm.co.ConfigTracker/CONFIG]: Config file neoforge-common.toml for neoforge tracking
[12:12:59] [modloading-worker-0/DEBUG] [ne.ne.fm.ja.AutomaticEventSubscriber/LOADING]: Attempting to inject @EventBusSubscriber classes into the eventbus for kithkyn
[12:12:59] [modloading-worker-0/DEBUG] [ne.ne.fm.ja.AutomaticEventSubscriber/LOADING]: Auto-subscribing com.quzzar.kithkyn.entities.ai.goals.work.ContainerVisit to GAME
[12:12:59] [modloading-worker-0/DEBUG] [ne.ne.fm.ja.AutomaticEventSubscriber/LOADING]: Auto-subscribing com.quzzar.kithkyn.events.CoreEvents to GAME
[12:12:59] [modloading-worker-0/DEBUG] [ne.ne.fm.ja.AutomaticEventSubscriber/LOADING]: Auto-subscribing com.quzzar.kithkyn.events.GolemEvents to GAME
[12:12:59] [modloading-worker-0/DEBUG] [ne.ne.fm.ja.AutomaticEventSubscriber/LOADING]: Auto-subscribing com.quzzar.kithkyn.events.AllayEvents to GAME
[12:12:59] [modloading-worker-0/DEBUG] [ne.ne.fm.ja.AutomaticEventSubscriber/LOADING]: Attempting to inject @EventBusSubscriber classes into the eventbus for neoforge
[12:12:59] [modloading-worker-0/DEBUG] [ne.ne.fm.ja.AutomaticEventSubscriber/LOADING]: Auto-subscribing com.quzzar.kithkyn.events.RepairEvents to GAME
[12:12:59] [modloading-worker-0/DEBUG] [ne.ne.fm.ja.AutomaticEventSubscriber/LOADING]: Auto-subscribing net.neoforged.neoforge.network.filters.GenericPacketSplitter to MOD
[12:12:59] [modloading-worker-0/DEBUG] [ne.ne.fm.ja.AutomaticEventSubscriber/LOADING]: Auto-subscribing com.quzzar.kithkyn.events.BlockPlacementEvents to GAME
[12:12:59] [modloading-worker-0/DEBUG] [ne.ne.fm.ja.AutomaticEventSubscriber/LOADING]: Auto-subscribing com.quzzar.kithkyn.events.VillageEntryTitle to GAME
[12:12:59] [modloading-worker-0/DEBUG] [ne.ne.fm.ja.AutomaticEventSubscriber/LOADING]: Auto-subscribing com.quzzar.kithkyn.events.CustodyEvents to GAME
[12:12:59] [modloading-worker-0/DEBUG] [ne.ne.fm.ja.AutomaticEventSubscriber/LOADING]: Auto-subscribing com.quzzar.kithkyn.events.KithkynCommands to GAME
[12:12:59] [modloading-worker-0/DEBUG] [ne.ne.fm.ja.AutomaticEventSubscriber/LOADING]: Auto-subscribing com.quzzar.kithkyn.dev.BirchVillageVerification to GAME
[12:12:59] [modloading-worker-0/DEBUG] [ne.ne.fm.ja.AutomaticEventSubscriber/LOADING]: Auto-subscribing com.quzzar.kithkyn.dev.CastleRolesVerification to GAME
[12:12:59] [modloading-worker-0/DEBUG] [ne.ne.fm.ja.AutomaticEventSubscriber/LOADING]: Auto-subscribing com.quzzar.kithkyn.dev.BuildingPlacementVerification to GAME
[12:12:59] [modloading-worker-0/DEBUG] [io.ne.bu.AbstractByteBuf/]: -Dio.netty.buffer.checkAccessible: true
[12:12:59] [modloading-worker-0/DEBUG] [io.ne.bu.AbstractByteBuf/]: -Dio.netty.buffer.checkBounds: true
[12:12:59] [modloading-worker-0/DEBUG] [io.ne.ut.ResourceLeakDetectorFactory/]: Loaded default ResourceLeakDetector: io.netty.util.ResourceLeakDetector@5af1fd3a
[12:12:59] [modloading-worker-0/DEBUG] [ne.ne.fm.ja.AutomaticEventSubscriber/LOADING]: Auto-subscribing com.quzzar.kithkyn.dev.AccessoryEvidenceVerification to GAME
[12:12:59] [modloading-worker-0/DEBUG] [ne.ne.fm.ja.AutomaticEventSubscriber/LOADING]: Auto-subscribing com.quzzar.kithkyn.dev.ChestTakeOutVerification to GAME
[12:12:59] [modloading-worker-0/DEBUG] [ne.ne.fm.ja.AutomaticEventSubscriber/LOADING]: Auto-subscribing com.quzzar.kithkyn.dev.CastleConstructionVerification to GAME
[12:12:59] [modloading-worker-0/DEBUG] [ne.ne.fm.ja.AutomaticEventSubscriber/LOADING]: Auto-subscribing com.quzzar.kithkyn.dev.WallFoundationVerification to GAME
[12:12:59] [modloading-worker-0/DEBUG] [io.ne.ut.in.InternalThreadLocalMap/]: -Dio.netty.threadLocalMap.stringBuilder.initialSize: 1024
[12:12:59] [modloading-worker-0/DEBUG] [io.ne.ut.in.InternalThreadLocalMap/]: -Dio.netty.threadLocalMap.stringBuilder.maxSize: 4096
[12:12:59] [modloading-worker-0/DEBUG] [ne.ne.fm.ja.AutomaticEventSubscriber/LOADING]: Auto-subscribing com.quzzar.kithkyn.dev.WorkerRecoveryVerification to GAME
[12:12:59] [modloading-worker-0/DEBUG] [io.ne.bu.PooledByteBufAllocator/]: -Dio.netty.allocator.numHeapArenas: 20
[12:12:59] [modloading-worker-0/DEBUG] [io.ne.bu.PooledByteBufAllocator/]: -Dio.netty.allocator.numDirectArenas: 20
[12:12:59] [modloading-worker-0/DEBUG] [io.ne.bu.PooledByteBufAllocator/]: -Dio.netty.allocator.pageSize: 8192
[12:12:59] [modloading-worker-0/DEBUG] [io.ne.bu.PooledByteBufAllocator/]: -Dio.netty.allocator.maxOrder: 9
[12:12:59] [modloading-worker-0/DEBUG] [io.ne.bu.PooledByteBufAllocator/]: -Dio.netty.allocator.chunkSize: 4194304
[12:12:59] [modloading-worker-0/DEBUG] [io.ne.bu.PooledByteBufAllocator/]: -Dio.netty.allocator.smallCacheSize: 256
[12:12:59] [modloading-worker-0/DEBUG] [io.ne.bu.PooledByteBufAllocator/]: -Dio.netty.allocator.normalCacheSize: 64
[12:12:59] [modloading-worker-0/DEBUG] [io.ne.bu.PooledByteBufAllocator/]: -Dio.netty.allocator.maxCachedBufferCapacity: 32768
[12:12:59] [modloading-worker-0/DEBUG] [io.ne.bu.PooledByteBufAllocator/]: -Dio.netty.allocator.cacheTrimInterval: 8192
[12:12:59] [modloading-worker-0/DEBUG] [io.ne.bu.PooledByteBufAllocator/]: -Dio.netty.allocator.cacheTrimIntervalMillis: 0
[12:12:59] [modloading-worker-0/DEBUG] [io.ne.bu.PooledByteBufAllocator/]: -Dio.netty.allocator.useCacheForAllThreads: false
[12:12:59] [modloading-worker-0/DEBUG] [io.ne.bu.PooledByteBufAllocator/]: -Dio.netty.allocator.maxCachedByteBuffersPerChunk: 1023
[12:12:59] [modloading-worker-0/DEBUG] [io.ne.bu.ByteBufUtil/]: -Dio.netty.allocator.type: pooled
[12:12:59] [modloading-worker-0/DEBUG] [io.ne.bu.ByteBufUtil/]: -Dio.netty.threadLocalDirectBufferSize: 0
[12:12:59] [modloading-worker-0/DEBUG] [io.ne.bu.ByteBufUtil/]: -Dio.netty.maxThreadLocalCharBufferSize: 16384
[12:12:59] [modloading-worker-0/DEBUG] [ne.ne.fm.ja.AutomaticEventSubscriber/LOADING]: Auto-subscribing com.quzzar.kithkyn.dev.VillageCleanup to GAME
[12:12:59] [modloading-worker-0/DEBUG] [ne.ne.fm.ja.AutomaticEventSubscriber/LOADING]: Auto-subscribing com.quzzar.kithkyn.dev.LowPassageVerification to GAME
[12:12:59] [modloading-worker-0/DEBUG] [ne.ne.fm.ja.AutomaticEventSubscriber/LOADING]: Auto-subscribing com.quzzar.kithkyn.dev.RedevelopmentBenchmark to GAME
[12:12:59] [modloading-worker-0/DEBUG] [ne.ne.fm.ja.AutomaticEventSubscriber/LOADING]: Auto-subscribing com.quzzar.kithkyn.dev.BadlandsVillageVerification to GAME
[12:12:59] [modloading-worker-0/DEBUG] [ne.ne.fm.ja.AutomaticEventSubscriber/LOADING]: Auto-subscribing com.quzzar.kithkyn.dev.VinePassageVerification to GAME
[12:12:59] [modloading-worker-0/DEBUG] [ne.ne.fm.ja.AutomaticEventSubscriber/LOADING]: Auto-subscribing net.neoforged.neoforge.network.NetworkInitialization to MOD
[12:12:59] [modloading-worker-0/DEBUG] [ne.ne.fm.ja.AutomaticEventSubscriber/LOADING]: Auto-subscribing com.quzzar.kithkyn.dev.AllayVerification to GAME
[12:12:59] [modloading-worker-0/DEBUG] [ne.ne.fm.ja.AutomaticEventSubscriber/LOADING]: Auto-subscribing net.neoforged.neoforge.network.ConfigurationInitialization to MOD
[12:12:59] [modloading-worker-0/DEBUG] [ne.ne.fm.ja.AutomaticEventSubscriber/LOADING]: Auto-subscribing com.quzzar.kithkyn.dev.RedevelopmentVerification to GAME
[12:12:59] [modloading-worker-0/DEBUG] [ne.ne.fm.ja.AutomaticEventSubscriber/LOADING]: Auto-subscribing net.neoforged.neoforge.common.MonsterRoomHooks to GAME
[12:12:59] [modloading-worker-0/DEBUG] [ne.ne.fm.ja.AutomaticEventSubscriber/LOADING]: Auto-subscribing net.neoforged.neoforge.common.DeferredSpawnEggItem$CommonHandler to MOD
[12:12:59] [modloading-worker-0/DEBUG] [ne.ne.fm.ja.AutomaticEventSubscriber/LOADING]: Auto-subscribing com.quzzar.kithkyn.dev.BellRecallVerification to GAME
[12:12:59] [modloading-worker-0/DEBUG] [ne.ne.fm.ja.AutomaticEventSubscriber/LOADING]: Auto-subscribing net.neoforged.neoforge.attachment.AttachmentInternals to GAME
[12:12:59] [modloading-worker-0/DEBUG] [ne.ne.fm.ja.AutomaticEventSubscriber/LOADING]: Auto-subscribing com.quzzar.kithkyn.dev.RepairVerification to GAME
[12:12:59] [modloading-worker-0/DEBUG] [ne.ne.fm.ja.AutomaticEventSubscriber/LOADING]: Auto-subscribing com.quzzar.kithkyn.dev.VillageAudit to GAME
[12:13:00] [modloading-worker-0/DEBUG] [ne.ne.fm.ja.AutomaticEventSubscriber/LOADING]: Auto-subscribing com.quzzar.kithkyn.dev.GateBannerVerification to GAME
[12:13:00] [modloading-worker-0/DEBUG] [ne.ne.fm.ja.AutomaticEventSubscriber/LOADING]: Auto-subscribing com.quzzar.kithkyn.dev.CompanionPetVerification to GAME
[12:13:00] [modloading-worker-0/DEBUG] [ne.ne.fm.ja.AutomaticEventSubscriber/LOADING]: Auto-subscribing com.quzzar.kithkyn.dev.ApprovedHouseVerification to GAME
[12:13:00] [modloading-worker-0/DEBUG] [ne.ne.fm.ja.AutomaticEventSubscriber/LOADING]: Auto-subscribing com.quzzar.kithkyn.dev.GateAccessVerification to GAME
[12:13:00] [modloading-worker-0/DEBUG] [ne.ne.fm.ja.AutomaticEventSubscriber/LOADING]: Auto-subscribing com.quzzar.kithkyn.dev.FoundingGrowthVerification to GAME
[12:13:00] [modloading-worker-0/DEBUG] [ne.ne.fm.ja.AutomaticEventSubscriber/LOADING]: Auto-subscribing com.quzzar.kithkyn.dev.QuartermasterVisitVerification to GAME
[12:13:00] [modloading-worker-0/DEBUG] [ne.ne.fm.ja.AutomaticEventSubscriber/LOADING]: Auto-subscribing com.quzzar.kithkyn.dev.CastleMerchantVerification to GAME
[12:13:00] [modloading-worker-0/DEBUG] [ne.ne.fm.ja.AutomaticEventSubscriber/LOADING]: Auto-subscribing com.quzzar.kithkyn.dev.GuardCombatVerification to GAME
[12:13:00] [modloading-worker-0/DEBUG] [ne.ne.fm.ja.AutomaticEventSubscriber/LOADING]: Auto-subscribing com.quzzar.kithkyn.dev.LongRetryVerification to GAME
[12:13:00] [modloading-worker-0/DEBUG] [ne.ne.fm.ja.AutomaticEventSubscriber/LOADING]: Auto-subscribing com.quzzar.kithkyn.dev.CustodyVerification to GAME
[12:13:00] [modloading-worker-0/DEBUG] [ne.ne.fm.ja.AutomaticEventSubscriber/LOADING]: Auto-subscribing com.quzzar.kithkyn.dev.VillageTimelapse to GAME
[12:13:00] [modloading-worker-0/DEBUG] [ne.ne.fm.ja.AutomaticEventSubscriber/LOADING]: Auto-subscribing com.quzzar.kithkyn.dev.CampfireAccessVerification to GAME
[12:13:00] [modloading-worker-0/DEBUG] [ne.ne.fm.ja.AutomaticEventSubscriber/LOADING]: Auto-subscribing com.quzzar.kithkyn.dev.ConstructionClearanceVerification to GAME
[12:13:00] [modloading-worker-0/DEBUG] [ne.ne.fm.ja.AutomaticEventSubscriber/LOADING]: Auto-subscribing com.quzzar.kithkyn.dev.FoundingProbe to GAME
[12:13:00] [modloading-worker-0/DEBUG] [ne.ne.fm.ja.AutomaticEventSubscriber/LOADING]: Auto-subscribing com.quzzar.kithkyn.dev.OccupationWorkVerification to GAME
[12:13:00] [modloading-worker-0/DEBUG] [ne.ne.fm.ja.AutomaticEventSubscriber/LOADING]: Auto-subscribing com.quzzar.kithkyn.dev.GuardNightVerification to GAME
[12:13:00] [modloading-worker-0/DEBUG] [ne.ne.fm.ja.AutomaticEventSubscriber/LOADING]: Auto-subscribing com.quzzar.kithkyn.dev.CastleOperationsVerification to GAME
[12:13:00] [modloading-worker-0/DEBUG] [ne.ne.fm.ja.AutomaticEventSubscriber/LOADING]: Auto-subscribing com.quzzar.kithkyn.dev.ApprovedCenterVerification to GAME
[12:13:00] [modloading-worker-0/DEBUG] [ne.ne.fm.ja.AutomaticEventSubscriber/LOADING]: Auto-subscribing com.quzzar.kithkyn.dev.DevCommands to GAME
[12:13:00] [modloading-worker-0/DEBUG] [ne.ne.fm.ja.AutomaticEventSubscriber/LOADING]: Auto-subscribing com.quzzar.kithkyn.dev.UnhousedBedtimeVerification to GAME
[12:13:00] [modloading-worker-0/DEBUG] [ne.ne.fm.ja.AutomaticEventSubscriber/LOADING]: Auto-subscribing com.quzzar.kithkyn.dev.TreeFellingVerification to GAME
[12:13:00] [modloading-worker-0/DEBUG] [ne.ne.fm.ja.AutomaticEventSubscriber/LOADING]: Auto-subscribing com.quzzar.kithkyn.dev.GuardEquipmentVerification to GAME
[12:13:00] [modloading-worker-0/DEBUG] [ne.ne.fm.ja.AutomaticEventSubscriber/LOADING]: Auto-subscribing com.quzzar.kithkyn.dev.GolemVerification to GAME
[12:13:00] [modloading-worker-0/DEBUG] [ne.ne.fm.ja.AutomaticEventSubscriber/LOADING]: Auto-subscribing com.quzzar.kithkyn.other.KithkynItems to MOD
[12:13:00] [modloading-worker-0/DEBUG] [ne.ne.fm.ja.AutomaticEventSubscriber/LOADING]: Auto-subscribing com.quzzar.kithkyn.wrongdoing.TheftEvents to GAME
[12:13:00] [modloading-worker-0/DEBUG] [ne.ne.fm.ja.AutomaticEventSubscriber/LOADING]: Auto-subscribing com.quzzar.kithkyn.village.VillageChunkLoader to GAME
[12:13:00] [modloading-worker-0/DEBUG] [ne.ne.fm.ja.AutomaticEventSubscriber/LOADING]: Auto-subscribing com.quzzar.kithkyn.village.JobAptitudeLoader to GAME
[12:13:00] [modloading-worker-0/DEBUG] [ne.ne.fm.ja.AutomaticEventSubscriber/LOADING]: Auto-subscribing com.quzzar.kithkyn.village.tiers.VillageTierLoader to GAME
[12:13:00] [modloading-worker-0/DEBUG] [ne.ne.fm.ja.AutomaticEventSubscriber/LOADING]: Auto-subscribing com.quzzar.kithkyn.village.buildings.BuildingDefinitionLoader to GAME
[12:13:00] [modloading-worker-0/DEBUG] [ne.ne.fm.ja.AutomaticEventSubscriber/LOADING]: Auto-subscribing com.quzzar.kithkyn.llm.LlmEvents to GAME
[12:13:00] [modloading-worker-0/DEBUG] [ne.ne.fm.ja.AutomaticEventSubscriber/LOADING]: Auto-subscribing com.quzzar.kithkyn.economy.ItemValueLoader to GAME
[12:13:00] [modloading-worker-0/DEBUG] [ne.ne.fm.ja.AutomaticEventSubscriber/LOADING]: Auto-subscribing com.quzzar.kithkyn.configuration.KithkynConfig to MOD
[12:13:00] [modloading-worker-0/DEBUG] [ne.ne.fm.ja.AutomaticEventSubscriber/LOADING]: Attempting to inject @EventBusSubscriber classes into the eventbus for vestige
[12:13:00] [modloading-worker-0/DEBUG] [ne.ne.fm.ja.AutomaticEventSubscriber/LOADING]: Auto-subscribing com.quzzar.vestige.magic.world.NativeMagic to GAME
[12:13:00] [modloading-worker-0/DEBUG] [ne.ne.fm.ja.AutomaticEventSubscriber/LOADING]: Auto-subscribing com.quzzar.vestige.magic.world.SpellEntities to MOD
[12:13:00] [modloading-worker-0/DEBUG] [ne.ne.fm.ja.AutomaticEventSubscriber/LOADING]: Auto-subscribing com.quzzar.vestige.magic.presentation.SpellVisualNetwork to MOD
[12:13:00] [modloading-worker-0/DEBUG] [ne.ne.fm.ja.AutomaticEventSubscriber/LOADING]: Auto-subscribing com.quzzar.vestige.apparatus.ScrollCasting to GAME
[12:13:00] [modloading-worker-0/DEBUG] [ne.ne.fm.ja.AutomaticEventSubscriber/LOADING]: Auto-subscribing com.quzzar.vestige.apparatus.SpellKnowledge to GAME
[12:13:00] [modloading-worker-0/DEBUG] [ne.ne.fm.ja.AutomaticEventSubscriber/LOADING]: Auto-subscribing com.quzzar.vestige.apparatus.RitualCrafting to GAME
[12:13:00] [modloading-worker-0/DEBUG] [ne.ne.fm.ja.AutomaticEventSubscriber/LOADING]: Auto-subscribing com.quzzar.vestige.apparatus.ApparatusBlocks to MOD
[12:13:00] [modloading-worker-0/DEBUG] [ne.ne.fm.ja.AutomaticEventSubscriber/LOADING]: Auto-subscribing com.quzzar.vestige.apparatus.ScrollItems to MOD
[12:13:00] [modloading-worker-0/DEBUG] [ne.ne.fm.ja.AutomaticEventSubscriber/LOADING]: Auto-subscribing com.quzzar.vestige.apparatus.ScrollRecastPayload to MOD
[12:13:00] [modloading-worker-0/DEBUG] [ne.ne.fm.ja.AutomaticEventSubscriber/LOADING]: Auto-subscribing com.quzzar.vestige.apparatus.recipeviewer.RitualDisplayPayload$Sync to GAME
[12:13:00] [modloading-worker-0/DEBUG] [ne.ne.fm.ja.AutomaticEventSubscriber/LOADING]: Auto-subscribing com.quzzar.vestige.apparatus.recipeviewer.RitualDisplayPayload$Registration to MOD
[12:13:00] [modloading-worker-0/DEBUG] [ne.ne.fm.ja.AutomaticEventSubscriber/LOADING]: Auto-subscribing com.quzzar.vestige.travel.StoneTravelPayloads to MOD
[12:13:00] [modloading-worker-0/DEBUG] [ne.ne.fm.ja.AutomaticEventSubscriber/LOADING]: Auto-subscribing com.quzzar.vestige.travel.StoneTravel to GAME
[12:13:00] [modloading-worker-0/DEBUG] [ne.ne.fm.ja.AutomaticEventSubscriber/LOADING]: Auto-subscribing com.quzzar.vestige.travel.StandingStones to MOD
[12:13:05] [modloading-sync-worker/DEBUG] [ne.ne.fm.co.ConfigTracker/CONFIG]: Loading configs type COMMON
[12:13:05] [modloading-sync-worker/DEBUG] [ne.ne.fm.co.ConfigTracker/CONFIG]: Loaded TOML config file /Users/quzzar/Projects/vestige/run/config/kithkyn-common.toml
[12:13:05] [modloading-sync-worker/DEBUG] [ne.ne.fm.co.ConfigTracker/CONFIG]: Watching TOML config file /Users/quzzar/Projects/vestige/run/config/kithkyn-common.toml for changes
[12:13:05] [modloading-sync-worker/DEBUG] [ne.ne.fm.co.ConfigTracker/CONFIG]: Loaded TOML config file /Users/quzzar/Projects/vestige/run/config/kithkyn-advanced.toml
[12:13:05] [modloading-sync-worker/DEBUG] [ne.ne.fm.co.ConfigTracker/CONFIG]: Watching TOML config file /Users/quzzar/Projects/vestige/run/config/kithkyn-advanced.toml for changes
[12:13:05] [modloading-sync-worker/DEBUG] [ne.ne.ne.co.NeoForgeConfig/FORGEMOD]: Loaded NeoForge config file neoforge-common.toml
[12:13:05] [modloading-sync-worker/DEBUG] [ne.ne.fm.co.ConfigTracker/CONFIG]: Loaded TOML config file /Users/quzzar/Projects/vestige/run/config/neoforge-common.toml
[12:13:05] [modloading-sync-worker/DEBUG] [ne.ne.fm.co.ConfigTracker/CONFIG]: Watching TOML config file /Users/quzzar/Projects/vestige/run/config/neoforge-common.toml for changes
[12:13:05] [modloading-worker-0/INFO] [co.qu.ki.Kithkyn/]: Kithkyn setup!
[12:13:05] [modloading-sync-worker/DEBUG] [ne.ne.fm.DeferredWorkQueue/LOADING]: Dispatching synchronous work for work queue Common setup: 1 jobs
[12:13:05] [modloading-sync-worker/DEBUG] [ne.ne.fm.DeferredWorkQueue/LOADING]: Synchronous work queue completed in 651.4 μs
[12:13:05] [main/INFO] [mojang/YggdrasilAuthenticationService]: Environment: Environment[sessionHost=https://sessionserver.mojang.com, servicesHost=https://api.minecraftservices.com, name=PROD]
[12:13:05] [main/WARN] [minecraft/VanillaPackResourcesBuilder]: Assets URL 'union:/Users/quzzar/Projects/vestige/build/standing-prototype-build/moddev/artifacts/neoforge-21.1.72-minecraft.jar%23119!/assets/.mcassetsroot' uses unexpected schema
[12:13:05] [main/WARN] [minecraft/VanillaPackResourcesBuilder]: Assets URL 'union:/Users/quzzar/Projects/vestige/build/standing-prototype-build/moddev/artifacts/neoforge-21.1.72-minecraft.jar%23119!/data/.mcassetsroot' uses unexpected schema

> Task :test
> Task :check
> Task :build

> Task :runGameTestServer
[12:13:08] [main/INFO] [minecraft/RecipeManager]: Loaded 1364 recipes
[12:13:09] [main/INFO] [minecraft/AdvancementTree]: Loaded 1474 advancements
[12:13:09] [main/INFO] [co.qu.ki.Kithkyn/]: Loaded 12 job aptitude profiles
[12:13:09] [main/INFO] [co.qu.ki.Kithkyn/]: Loaded 6 village tiers
[12:13:09] [main/INFO] [co.qu.ki.Kithkyn/]: Loaded 23 village building definitions
[12:13:09] [main/INFO] [co.qu.ki.Kithkyn/]: Loaded 76 item values and 7 tag fallbacks
[12:13:11] [main/DEBUG] [ne.ne.ne.co.CommonHooks/WP]: Gathered mod list to write to world save Test Level
[12:13:11] [main/INFO] [ne.ne.ne.ga.GameTestHooks/]: Enabled Gametest Namespaces: [vestige]
[12:13:12] [main/INFO] [minecraft/RecipeManager]: Loaded 1364 recipes
[12:13:13] [main/INFO] [minecraft/AdvancementTree]: Loaded 1474 advancements
[12:13:13] [main/INFO] [co.qu.ki.Kithkyn/]: Loaded 12 job aptitude profiles
[12:13:13] [main/INFO] [co.qu.ki.Kithkyn/]: Loaded 6 village tiers
[12:13:13] [main/INFO] [co.qu.ki.Kithkyn/]: Loaded 23 village building definitions
[12:13:13] [main/INFO] [co.qu.ki.Kithkyn/]: Loaded 76 item values and 7 tag fallbacks
[12:13:14] [Server thread/DEBUG] [ne.ne.fm.co.ConfigTracker/CONFIG]: Loading configs type SERVER
[12:13:14] [Server thread/DEBUG] [ne.ne.ne.co.NeoForgeConfig/FORGEMOD]: Loaded NeoForge config file neoforge-server.toml
[12:13:14] [Server thread/DEBUG] [ne.ne.fm.co.ConfigTracker/CONFIG]: Loaded TOML config file /Users/quzzar/Projects/vestige/run/config/neoforge-server.toml
[12:13:14] [Server thread/DEBUG] [ne.ne.fm.co.ConfigTracker/CONFIG]: Watching TOML config file /Users/quzzar/Projects/vestige/run/config/neoforge-server.toml for changes
[12:13:14] [Server thread/INFO] [co.qu.ki.Kithkyn/]: LLM calls are recorded in full in logs/llm.log
[12:13:14] [Server thread/INFO] [co.qu.ki.Kithkyn/]: LLM provider: local
[12:13:15] [kithkyn-llama-out/DEBUG] [co.qu.ki.Kithkyn/]: [llama-server] 0.00.151.512 I cmn  common_param: common_params_print_info: verbosity = 3 (adjust with the `-lv N` CLI arg)
[12:13:15] [kithkyn-llama-out/DEBUG] [co.qu.ki.Kithkyn/]: [llama-server] 0.00.154.700 W srv  llama_server: -----------------
[12:13:15] [kithkyn-llama-out/DEBUG] [co.qu.ki.Kithkyn/]: [llama-server] 0.00.154.703 W srv  llama_server: CORS is set to allow all origins ('*') and no API key is set
[12:13:15] [kithkyn-llama-out/DEBUG] [co.qu.ki.Kithkyn/]: [llama-server] 0.00.154.704 W srv  llama_server: this can be a security risk (cross-origin attacks)
[12:13:15] [kithkyn-llama-out/DEBUG] [co.qu.ki.Kithkyn/]: [llama-server] 0.00.154.704 W srv  llama_server: more info: https://github.com/ggml-org/llama.cpp/pull/25655
[12:13:15] [kithkyn-llama-out/DEBUG] [co.qu.ki.Kithkyn/]: [llama-server] 0.00.154.704 W srv  llama_server: -----------------
[12:13:15] [kithkyn-llama-out/DEBUG] [co.qu.ki.Kithkyn/]: [llama-server] 0.00.157.622 I srv    load_model: loading model '/Users/quzzar/Projects/vestige/run/kithkyn/models/Llama-3.2-3B-Instruct-Q4_K_M.gguf'
[12:13:15] [Server thread/INFO] [minecraft/MinecraftServer]: Preparing start region for dimension minecraft:overworld
[12:13:16] [worldgen/INFO] [minecraft/LoggerChunkProgressListener]: Preparing spawn area: 2%
[12:13:16] [worldgen/INFO] [minecraft/LoggerChunkProgressListener]: Preparing spawn area: 32%
[12:13:16] [Server thread/INFO] [minecraft/LoggerChunkProgressListener]: Time elapsed: 617 ms
[12:13:16] [Server thread/INFO] [minecraft/GameTestServer]: Started game test server
[12:13:16] [Server thread/DEBUG] [ne.ne.ne.se.LanguageHook/]: Loaded 5 language files for en_us
[12:13:16] [Server thread/INFO] [ne.ne.ne.se.pe.PermissionAPI/]: Successfully initialized permission handler neoforge:default_handler
[12:13:16] [Server thread/INFO] [minecraft/GameTestServer]: 164 tests are now running at position 7844422, -59, 514777!
[12:13:18] [Server thread/INFO] [minecraft/GameTestRunner]: Running test batch 'ice_dispose:0' (1 tests)...
[12:13:19] [Server thread/INFO] [minecraft/GameTestServer]: [                                                                                                                                                                    ]
[12:13:19] [Server thread/INFO] [minecraft/GameTestServer]: [                                                                                                                                                                    ]
[12:13:19] [Server thread/INFO] [minecraft/GameTestServer]: [                                                                                                                                                                    ]
[12:13:19] [kithkyn-llama-out/DEBUG] [co.qu.ki.Kithkyn/]: [llama-server] 0.05.057.658 I cmn          init: llama threadpool init, n_threads = 4
[12:13:20] [kithkyn-llama-out/DEBUG] [co.qu.ki.Kithkyn/]: [llama-server] 0.05.290.321 I srv    load_model: initializing, n_slots = 2, n_ctx_slot = 4096, kv_unified = 'false'
[12:13:20] [kithkyn-llama-out/DEBUG] [co.qu.ki.Kithkyn/]: [llama-server] 0.05.308.020 I srv  llama_server: model loaded
[12:13:20] [kithkyn-llama-out/DEBUG] [co.qu.ki.Kithkyn/]: [llama-server] 0.05.308.034 I srv  llama_server: listening on http://127.0.0.1:8127
[12:13:20] [Server thread/INFO] [minecraft/GameTestServer]: [_                                                                                                                                                                   ]
[12:13:21] [kithkyn-llama-launcher/INFO] [co.qu.ki.Kithkyn/]: Local runtime ready: Llama-3.2-3B-Instruct on llama.cpp
[12:13:21] [Server thread/INFO] [minecraft/GameTestServer]: [_                                                                                                                                                                   ]
[12:13:21] [Server thread/INFO] [minecraft/GameTestRunner]: Running test batch 'shaping_decode:0' (1 tests)...
[12:13:21] [Server thread/INFO] [minecraft/GameTestServer]: [+                                                                                                                                                                   ]
[12:13:21] [Server thread/INFO] [minecraft/GameTestServer]: [+                                                                                                                                                                   ]
[12:13:21] [Server thread/INFO] [minecraft/GameTestRunner]: Running test batch 'spellshaping_craft:0' (1 tests)...
[12:13:22] [Server thread/INFO] [minecraft/GameTestServer]: [++                                                                                                                                                                  ]
[12:13:22] [Server thread/INFO] [minecraft/GameTestServer]: [++                                                                                                                                                                  ]
[12:13:22] [Server thread/INFO] [minecraft/GameTestServer]: [++                                                                                                                                                                  ]
[12:13:22] [Server thread/INFO] [minecraft/GameTestServer]: [++_                                                                                                                                                                 ]
[12:13:22] [Server thread/INFO] [minecraft/GameTestServer]: [++_                                                                                                                                                                 ]
[12:13:22] [Server thread/INFO] [minecraft/GameTestServer]: [++_                                                                                                                                                                 ]
[12:13:22] [Server thread/INFO] [minecraft/GameTestRunner]: Running test batch 'expansion_figment:0' (1 tests)...
[12:13:22] [Server thread/INFO] [minecraft/GameTestServer]: [+++                                                                                                                                                                 ]
[12:13:22] [Server thread/INFO] [minecraft/GameTestServer]: [+++_                                                                                                                                                                ]
[12:13:23] [Server thread/INFO] [minecraft/GameTestRunner]: Running test batch 'leyline_cosmetic_recipe:0' (1 tests)...
[12:13:23] [Server thread/INFO] [minecraft/GameTestServer]: [++++                                                                                                                                                                ]
[12:13:23] [Server thread/INFO] [minecraft/GameTestServer]: [++++                                                                                                                                                                ]
[12:13:23] [Server thread/INFO] [minecraft/GameTestServer]: [++++_                                                                                                                                                               ]
[12:13:23] [Server thread/INFO] [minecraft/GameTestServer]: [++++_                                                                                                                                                               ]
[12:13:23] [Server thread/INFO] [minecraft/GameTestServer]: [++++_                                                                                                                                                               ]
[12:13:23] [Server thread/INFO] [minecraft/GameTestRunner]: Running test batch 'plinth_column_placement:0' (1 tests)...
[12:13:23] [Server thread/INFO] [minecraft/GameTestServer]: [+++++                                                                                                                                                               ]
[12:13:23] [Server thread/INFO] [minecraft/GameTestServer]: [+++++                                                                                                                                                               ]
[12:13:23] [Server thread/INFO] [minecraft/GameTestRunner]: Running test batch 'attunement_imbuement_colors:0' (1 tests)...
[12:13:23] [Server thread/INFO] [minecraft/GameTestServer]: [++++++                                                                                                                                                              ]
[12:13:23] [Server thread/INFO] [minecraft/GameTestServer]: [++++++                                                                                                                                                              ]
[12:13:23] [Server thread/INFO] [minecraft/GameTestServer]: [++++++                                                                                                                                                              ]
[12:13:24] [Server thread/INFO] [minecraft/GameTestServer]: [++++++_                                                                                                                                                             ]
[12:13:24] [Server thread/INFO] [minecraft/GameTestServer]: [++++++_                                                                                                                                                             ]
[12:13:24] [Server thread/INFO] [minecraft/GameTestServer]: [++++++_                                                                                                                                                             ]
[12:13:24] [Server thread/INFO] [minecraft/GameTestRunner]: Running test batch 'shaping_contacts:0' (1 tests)...
[12:13:24] [Server thread/INFO] [minecraft/GameTestServer]: [+++++++                                                                                                                                                             ]
[12:13:24] [Server thread/INFO] [minecraft/GameTestServer]: [+++++++_                                                                                                                                                            ]
[12:13:24] [Server thread/INFO] [minecraft/GameTestServer]: [+++++++_                                                                                                                                                            ]
[12:13:24] [Server thread/INFO] [minecraft/GameTestServer]: [+++++++_                                                                                                                                                            ]
[12:13:24] [Server thread/INFO] [minecraft/GameTestServer]: [+++++++_                                                                                                                                                            ]
[12:13:24] [Server thread/INFO] [minecraft/GameTestServer]: [+++++++_                                                                                                                                                            ]
[12:13:24] [Server thread/INFO] [minecraft/GameTestRunner]: Running test batch 'balance:0' (5 tests)...
[12:13:25] [Server thread/INFO] [minecraft/GameTestServer]: [++++++++                                                                                                                                                            ]
[12:13:25] [Server thread/INFO] [minecraft/GameTestServer]: [++++++++                                                                                                                                                            ]
[12:13:25] [Server thread/INFO] [minecraft/GameTestServer]: [++++++++_____                                                                                                                                                       ]
[12:13:25] [Server thread/INFO] [minecraft/GameTestServer]: [++++++++____+                                                                                                                                                       ]
[12:13:25] [Server thread/INFO] [minecraft/GameTestServer]: [++++++++++__+                                                                                                                                                       ]
[12:13:25] [Server thread/INFO] [minecraft/GameTestServer]: [+++++++++++_+                                                                                                                                                       ]
[12:13:25] [Server thread/INFO] [minecraft/GameTestServer]: [+++++++++++_+                                                                                                                                                       ]
[12:13:25] [Server thread/INFO] [minecraft/GameTestServer]: [+++++++++++_+                                                                                                                                                       ]
[12:13:25] [Server thread/INFO] [minecraft/GameTestServer]: [+++++++++++_+                                                                                                                                                       ]
[12:13:26] [Server thread/INFO] [minecraft/GameTestRunner]: Running test batch 'leyline_outer:0' (1 tests)...
[12:13:26] [Server thread/INFO] [minecraft/GameTestServer]: [+++++++++++++                                                                                                                                                       ]
[12:13:26] [Server thread/INFO] [minecraft/GameTestServer]: [+++++++++++++                                                                                                                                                       ]
[12:13:26] [Server thread/INFO] [minecraft/GameTestServer]: [+++++++++++++_                                                                                                                                                      ]
[12:13:26] [Server thread/INFO] [minecraft/GameTestServer]: [+++++++++++++_                                                                                                                                                      ]
[12:13:26] [Server thread/INFO] [minecraft/GameTestServer]: [+++++++++++++_                                                                                                                                                      ]
[12:13:26] [Server thread/INFO] [minecraft/GameTestServer]: [+++++++++++++_                                                                                                                                                      ]
[12:13:26] [Server thread/INFO] [minecraft/GameTestRunner]: Running test batch 'utility_support:0' (1 tests)...
[12:13:26] [Server thread/INFO] [minecraft/GameTestServer]: [++++++++++++++                                                                                                                                                      ]
[12:13:26] [Server thread/INFO] [minecraft/GameTestServer]: [++++++++++++++_                                                                                                                                                     ]
[12:13:26] [Server thread/INFO] [minecraft/GameTestServer]: [++++++++++++++_                                                                                                                                                     ]
[12:13:26] [Server thread/INFO] [minecraft/GameTestServer]: [++++++++++++++_                                                                                                                                                     ]
[12:13:26] [Server thread/INFO] [minecraft/GameTestServer]: [++++++++++++++_                                                                                                                                                     ]
[12:13:27] [Server thread/INFO] [minecraft/GameTestRunner]: Running test batch 'ritual_catalog:0' (1 tests)...
[12:13:27] [Server thread/INFO] [minecraft/GameTestServer]: [+++++++++++++++                                                                                                                                                     ]
[12:13:27] [Server thread/INFO] [minecraft/GameTestServer]: [+++++++++++++++                                                                                                                                                     ]
[12:13:28] [Server thread/INFO] [minecraft/GameTestRunner]: Running test batch 'spatial:0' (1 tests)...
[12:13:28] [Server thread/INFO] [minecraft/GameTestServer]: [++++++++++++++++                                                                                                                                                    ]
[12:13:28] [Server thread/INFO] [minecraft/GameTestServer]: [++++++++++++++++                                                                                                                                                    ]
[12:13:29] [Server thread/INFO] [minecraft/GameTestRunner]: Running test batch 'apparatus_waterlogging:0' (1 tests)...
[12:13:29] [Server thread/INFO] [minecraft/GameTestServer]: [+++++++++++++++++                                                                                                                                                   ]
[12:13:29] [Server thread/INFO] [minecraft/GameTestRunner]: Running test batch 'ice_shutdown:0' (1 tests)...
[12:13:29] [Server thread/INFO] [minecraft/GameTestServer]: [++++++++++++++++++                                                                                                                                                  ]
[12:13:29] [Server thread/INFO] [minecraft/GameTestServer]: [++++++++++++++++++_                                                                                                                                                 ]
[12:13:29] [Server thread/INFO] [minecraft/GameTestServer]: [++++++++++++++++++_                                                                                                                                                 ]
[12:13:29] [Server thread/INFO] [minecraft/GameTestServer]: [++++++++++++++++++_                                                                                                                                                 ]
[12:13:29] [Server thread/INFO] [minecraft/GameTestServer]: [++++++++++++++++++_                                                                                                                                                 ]
[12:13:29] [Server thread/INFO] [minecraft/GameTestServer]: [++++++++++++++++++_                                                                                                                                                 ]
[12:13:29] [Server thread/INFO] [minecraft/GameTestServer]: [++++++++++++++++++_                                                                                                                                                 ]
[12:13:29] [Server thread/INFO] [minecraft/GameTestServer]: [++++++++++++++++++_                                                                                                                                                 ]
[12:13:29] [Server thread/INFO] [minecraft/GameTestServer]: [++++++++++++++++++_                                                                                                                                                 ]
[12:13:29] [Server thread/INFO] [minecraft/GameTestServer]: [++++++++++++++++++_                                                                                                                                                 ]
[12:13:29] [Server thread/INFO] [minecraft/GameTestServer]: [++++++++++++++++++_                                                                                                                                                 ]
[12:13:29] [Server thread/INFO] [minecraft/GameTestRunner]: Running test batch 'pathfinder_regeneration:0' (1 tests)...
[12:13:29] [Server thread/INFO] [minecraft/GameTestServer]: [+++++++++++++++++++                                                                                                                                                 ]
[12:13:29] [Server thread/INFO] [minecraft/GameTestServer]: [+++++++++++++++++++_                                                                                                                                                ]
[12:13:29] [Server thread/INFO] [minecraft/GameTestServer]: [+++++++++++++++++++_                                                                                                                                                ]
[12:13:29] [Server thread/INFO] [minecraft/GameTestServer]: [+++++++++++++++++++_                                                                                                                                                ]
[12:13:29] [Server thread/INFO] [minecraft/GameTestServer]: [+++++++++++++++++++_                                                                                                                                                ]
[12:13:29] [Server thread/INFO] [minecraft/GameTestServer]: [+++++++++++++++++++_                                                                                                                                                ]
[12:13:29] [Server thread/INFO] [minecraft/GameTestServer]: [+++++++++++++++++++_                                                                                                                                                ]
[12:13:29] [Server thread/INFO] [minecraft/GameTestServer]: [+++++++++++++++++++_                                                                                                                                                ]
[12:13:29] [Server thread/INFO] [minecraft/GameTestServer]: [+++++++++++++++++++_                                                                                                                                                ]
[12:13:29] [Server thread/INFO] [minecraft/GameTestServer]: [+++++++++++++++++++_                                                                                                                                                ]
[12:13:29] [Server thread/INFO] [minecraft/GameTestServer]: [+++++++++++++++++++_                                                                                                                                                ]
[12:13:29] [Server thread/INFO] [minecraft/GameTestRunner]: Running test batch 'pathfinder_control_overlap:0' (1 tests)...
[12:13:29] [Server thread/INFO] [minecraft/GameTestServer]: [++++++++++++++++++++                                                                                                                                                ]
[12:13:29] [Server thread/INFO] [minecraft/GameTestServer]: [++++++++++++++++++++_                                                                                                                                               ]
[12:13:29] [Server thread/INFO] [minecraft/GameTestServer]: [++++++++++++++++++++_                                                                                                                                               ]
[12:13:29] [Server thread/INFO] [minecraft/GameTestServer]: [++++++++++++++++++++_                                                                                                                                               ]
[12:13:29] [Server thread/INFO] [minecraft/GameTestServer]: [++++++++++++++++++++_                                                                                                                                               ]
[12:13:29] [Server thread/INFO] [minecraft/GameTestServer]: [++++++++++++++++++++_                                                                                                                                               ]
[12:13:29] [Server thread/INFO] [minecraft/GameTestServer]: [++++++++++++++++++++_                                                                                                                                               ]
[12:13:29] [Server thread/INFO] [minecraft/GameTestServer]: [++++++++++++++++++++_                                                                                                                                               ]
[12:13:29] [Server thread/INFO] [minecraft/GameTestServer]: [++++++++++++++++++++_                                                                                                                                               ]
[12:13:29] [Server thread/INFO] [minecraft/GameTestServer]: [++++++++++++++++++++_                                                                                                                                               ]
[12:13:30] [Server thread/INFO] [minecraft/GameTestServer]: [++++++++++++++++++++_                                                                                                                                               ]
[12:13:30] [Server thread/INFO] [minecraft/GameTestRunner]: Running test batch 'ritual_cancel:0' (1 tests)...
[12:13:30] [Server thread/INFO] [minecraft/GameTestServer]: [+++++++++++++++++++++                                                                                                                                               ]
[12:13:30] [Server thread/INFO] [minecraft/GameTestServer]: [+++++++++++++++++++++                                                                                                                                               ]
[12:13:30] [Server thread/INFO] [minecraft/GameTestServer]: [+++++++++++++++++++++                                                                                                                                               ]
[12:13:30] [Server thread/INFO] [minecraft/GameTestServer]: [+++++++++++++++++++++_                                                                                                                                              ]
[12:13:30] [Server thread/INFO] [minecraft/GameTestServer]: [+++++++++++++++++++++_                                                                                                                                              ]
[12:13:30] [Server thread/INFO] [minecraft/GameTestServer]: [+++++++++++++++++++++_                                                                                                                                              ]
[12:13:30] [Server thread/INFO] [minecraft/GameTestRunner]: Running test batch 'ice_ceiling:0' (1 tests)...
[12:13:30] [Server thread/INFO] [minecraft/GameTestServer]: [++++++++++++++++++++++                                                                                                                                              ]
[12:13:30] [Server thread/INFO] [minecraft/GameTestRunner]: Running test batch 'utility_ice:0' (1 tests)...
[12:13:30] [Server thread/INFO] [minecraft/GameTestServer]: [+++++++++++++++++++++++                                                                                                                                             ]
[12:13:30] [Server thread/INFO] [minecraft/GameTestRunner]: Running test batch 'expansion_external_invisibility:0' (1 tests)...
[12:13:30] [Server thread/INFO] [minecraft/GameTestServer]: [++++++++++++++++++++++++                                                                                                                                            ]
[12:13:30] [Server thread/INFO] [minecraft/GameTestServer]: [++++++++++++++++++++++++                                                                                                                                            ]
[12:13:30] [Server thread/INFO] [minecraft/GameTestRunner]: Running test batch 'apparatus_offering:0' (1 tests)...
[12:13:30] [Server thread/INFO] [minecraft/GameTestServer]: [+++++++++++++++++++++++++                                                                                                                                           ]
[12:13:30] [Server thread/INFO] [minecraft/GameTestRunner]: Running test batch 'leyline_spatial:0' (1 tests)...
[12:13:30] [Server thread/INFO] [minecraft/GameTestServer]: [++++++++++++++++++++++++++                                                                                                                                          ]
[12:13:30] [Server thread/INFO] [minecraft/GameTestServer]: [++++++++++++++++++++++++++                                                                                                                                          ]
[12:13:30] [Server thread/INFO] [minecraft/GameTestServer]: [++++++++++++++++++++++++++                                                                                                                                          ]
[12:13:30] [Server thread/INFO] [minecraft/GameTestServer]: [++++++++++++++++++++++++++                                                                                                                                          ]
[12:13:30] [Server thread/INFO] [minecraft/GameTestServer]: [++++++++++++++++++++++++++                                                                                                                                          ]
[12:13:30] [Server thread/INFO] [minecraft/GameTestServer]: [++++++++++++++++++++++++++                                                                                                                                          ]
[12:13:30] [Server thread/INFO] [minecraft/GameTestServer]: [++++++++++++++++++++++++++                                                                                                                                          ]
[12:13:30] [Server thread/INFO] [minecraft/GameTestServer]: [++++++++++++++++++++++++++                                                                                                                                          ]
[12:13:30] [Server thread/INFO] [minecraft/GameTestServer]: [++++++++++++++++++++++++++                                                                                                                                          ]
[12:13:30] [Server thread/INFO] [minecraft/GameTestServer]: [++++++++++++++++++++++++++                                                                                                                                          ]
[12:13:30] [Server thread/INFO] [minecraft/GameTestServer]: [++++++++++++++++++++++++++                                                                                                                                          ]
[12:13:30] [Server thread/INFO] [minecraft/GameTestServer]: [++++++++++++++++++++++++++                                                                                                                                          ]
[12:13:30] [Server thread/INFO] [minecraft/GameTestServer]: [++++++++++++++++++++++++++                                                                                                                                          ]
[12:13:30] [Server thread/INFO] [minecraft/GameTestServer]: [++++++++++++++++++++++++++                                                                                                                                          ]
[12:13:30] [Server thread/INFO] [minecraft/GameTestServer]: [++++++++++++++++++++++++++                                                                                                                                          ]
[12:13:30] [Server thread/INFO] [minecraft/GameTestServer]: [++++++++++++++++++++++++++                                                                                                                                          ]
[12:13:30] [Server thread/INFO] [minecraft/GameTestServer]: [++++++++++++++++++++++++++                                                                                                                                          ]
[12:13:30] [Server thread/INFO] [minecraft/GameTestServer]: [++++++++++++++++++++++++++                                                                                                                                          ]
[12:13:30] [Server thread/INFO] [minecraft/GameTestServer]: [++++++++++++++++++++++++++                                                                                                                                          ]
[12:13:30] [Server thread/INFO] [minecraft/GameTestServer]: [++++++++++++++++++++++++++                                                                                                                                          ]
[12:13:30] [Server thread/INFO] [minecraft/GameTestServer]: [++++++++++++++++++++++++++                                                                                                                                          ]
[12:13:30] [Server thread/INFO] [minecraft/GameTestServer]: [++++++++++++++++++++++++++                                                                                                                                          ]
[12:13:30] [Server thread/INFO] [minecraft/GameTestServer]: [++++++++++++++++++++++++++                                                                                                                                          ]
[12:13:30] [Server thread/INFO] [minecraft/GameTestServer]: [++++++++++++++++++++++++++                                                                                                                                          ]
[12:13:30] [Server thread/INFO] [minecraft/GameTestServer]: [++++++++++++++++++++++++++                                                                                                                                          ]
[12:13:30] [Server thread/INFO] [minecraft/GameTestServer]: [++++++++++++++++++++++++++                                                                                                                                          ]
[12:13:30] [Server thread/INFO] [minecraft/GameTestServer]: [++++++++++++++++++++++++++                                                                                                                                          ]
[12:13:30] [Server thread/INFO] [minecraft/GameTestServer]: [++++++++++++++++++++++++++                                                                                                                                          ]
[12:13:30] [Server thread/INFO] [minecraft/GameTestServer]: [++++++++++++++++++++++++++                                                                                                                                          ]
[12:13:30] [Server thread/INFO] [minecraft/GameTestServer]: [++++++++++++++++++++++++++                                                                                                                                          ]
[12:13:30] [Server thread/INFO] [minecraft/GameTestServer]: [++++++++++++++++++++++++++                                                                                                                                          ]
[12:13:30] [Server thread/INFO] [minecraft/GameTestServer]: [++++++++++++++++++++++++++                                                                                                                                          ]
[12:13:30] [Server thread/INFO] [minecraft/GameTestServer]: [++++++++++++++++++++++++++                                                                                                                                          ]
[12:13:30] [Server thread/INFO] [minecraft/GameTestServer]: [++++++++++++++++++++++++++                                                                                                                                          ]
[12:13:30] [Server thread/INFO] [minecraft/GameTestServer]: [++++++++++++++++++++++++++                                                                                                                                          ]
[12:13:30] [Server thread/INFO] [minecraft/GameTestServer]: [++++++++++++++++++++++++++                                                                                                                                          ]
[12:13:30] [Server thread/INFO] [minecraft/GameTestServer]: [++++++++++++++++++++++++++                                                                                                                                          ]
[12:13:30] [Server thread/INFO] [minecraft/GameTestServer]: [++++++++++++++++++++++++++                                                                                                                                          ]
[12:13:30] [Server thread/INFO] [minecraft/GameTestServer]: [++++++++++++++++++++++++++                                                                                                                                          ]
[12:13:30] [Server thread/INFO] [minecraft/GameTestServer]: [++++++++++++++++++++++++++                                                                                                                                          ]
[12:13:30] [Server thread/INFO] [minecraft/GameTestServer]: [++++++++++++++++++++++++++                                                                                                                                          ]
[12:13:30] [Server thread/INFO] [minecraft/GameTestServer]: [++++++++++++++++++++++++++                                                                                                                                          ]
[12:13:30] [Server thread/INFO] [minecraft/GameTestServer]: [++++++++++++++++++++++++++                                                                                                                                          ]
[12:13:30] [Server thread/INFO] [minecraft/GameTestServer]: [++++++++++++++++++++++++++                                                                                                                                          ]
[12:13:30] [Server thread/INFO] [minecraft/GameTestServer]: [++++++++++++++++++++++++++                                                                                                                                          ]
[12:13:30] [Server thread/INFO] [minecraft/GameTestServer]: [++++++++++++++++++++++++++                                                                                                                                          ]
[12:13:30] [Server thread/INFO] [minecraft/GameTestServer]: [++++++++++++++++++++++++++                                                                                                                                          ]
[12:13:30] [Server thread/INFO] [minecraft/GameTestServer]: [++++++++++++++++++++++++++                                                                                                                                          ]
[12:13:30] [Server thread/INFO] [minecraft/GameTestServer]: [++++++++++++++++++++++++++                                                                                                                                          ]
[12:13:30] [Server thread/INFO] [minecraft/GameTestServer]: [++++++++++++++++++++++++++                                                                                                                                          ]
[12:13:30] [Server thread/INFO] [minecraft/GameTestServer]: [++++++++++++++++++++++++++                                                                                                                                          ]
[12:13:30] [Server thread/INFO] [minecraft/GameTestRunner]: Running test batch 'spellshaping_colored_wool:0' (1 tests)...
[12:13:31] [Server thread/INFO] [minecraft/GameTestServer]: [+++++++++++++++++++++++++++                                                                                                                                         ]
[12:13:31] [Server thread/INFO] [minecraft/GameTestServer]: [+++++++++++++++++++++++++++_                                                                                                                                        ]
[12:13:31] [Server thread/INFO] [minecraft/GameTestServer]: [+++++++++++++++++++++++++++_                                                                                                                                        ]
[12:13:31] [Server thread/INFO] [minecraft/GameTestServer]: [+++++++++++++++++++++++++++_                                                                                                                                        ]
[12:13:31] [Server thread/INFO] [minecraft/GameTestServer]: [+++++++++++++++++++++++++++_                                                                                                                                        ]
[12:13:31] [Server thread/INFO] [minecraft/GameTestRunner]: Running test batch 'visual_ward:0' (1 tests)...
[12:13:31] [Server thread/INFO] [minecraft/GameTestServer]: [++++++++++++++++++++++++++++                                                                                                                                        ]
[12:13:31] [Server thread/INFO] [minecraft/GameTestRunner]: Running test batch 'utility_food:0' (1 tests)...
[12:13:31] [Server thread/INFO] [minecraft/GameTestServer]: [+++++++++++++++++++++++++++++                                                                                                                                       ]
[12:13:31] [Server thread/INFO] [minecraft/GameTestServer]: [+++++++++++++++++++++++++++++_                                                                                                                                      ]
[12:13:31] [Server thread/INFO] [minecraft/GameTestServer]: [+++++++++++++++++++++++++++++_                                                                                                                                      ]
[12:13:31] [Server thread/INFO] [minecraft/GameTestServer]: [+++++++++++++++++++++++++++++_                                                                                                                                      ]
[12:13:31] [Server thread/INFO] [minecraft/GameTestServer]: [+++++++++++++++++++++++++++++_                                                                                                                                      ]
[12:13:31] [Server thread/INFO] [minecraft/GameTestServer]: [+++++++++++++++++++++++++++++_                                                                                                                                      ]
[12:13:31] [Server thread/INFO] [minecraft/GameTestServer]: [+++++++++++++++++++++++++++++_                                                                                                                                      ]
[12:13:31] [Server thread/INFO] [minecraft/GameTestServer]: [+++++++++++++++++++++++++++++_                                                                                                                                      ]
[12:13:31] [Server thread/INFO] [minecraft/GameTestRunner]: Running test batch 'private_spaces:0' (1 tests)...
[12:13:31] [Server thread/INFO] [minecraft/GameTestServer]: [++++++++++++++++++++++++++++++                                                                                                                                      ]
[12:13:31] [Server thread/INFO] [minecraft/GameTestServer]: [++++++++++++++++++++++++++++++                                                                                                                                      ]
[12:13:31] [Server thread/INFO] [minecraft/PlayerList]: test-mock-player[embedded] logged in with entity id 326 at (2.5, -60.0, 6.5)
[12:13:31] [Server thread/DEBUG] [io.ne.ut.Recycler/]: -Dio.netty.recycler.maxCapacityPerThread: 4096
[12:13:31] [Server thread/DEBUG] [io.ne.ut.Recycler/]: -Dio.netty.recycler.ratio: 8
[12:13:31] [Server thread/DEBUG] [io.ne.ut.Recycler/]: -Dio.netty.recycler.chunkSize: 32
[12:13:31] [Server thread/DEBUG] [io.ne.ut.Recycler/]: -Dio.netty.recycler.blocking: false
[12:13:31] [Server thread/DEBUG] [io.ne.ut.Recycler/]: -Dio.netty.recycler.batchFastThreadLocalOnly: true
[12:13:31] [Server thread/DEBUG] [io.ne.ut.in.PlatformDependent/]: org.jctools-core.MpscChunkedArrayQueue: available
[12:13:32] [Server thread/INFO] [minecraft/MinecraftServer]: test-mock-player joined the game
[12:13:32] [Server thread/INFO] [minecraft/PlayerList]: test-mock-player[embedded] logged in with entity id 327 at (10.5, -60.0, -2.5)
[12:13:32] [Server thread/INFO] [minecraft/MinecraftServer]: test-mock-player joined the game
[12:13:33] [Server thread/INFO] [minecraft/MinecraftServer]: test-mock-player has made the advancement [The End?]
[12:13:34] [Server thread/INFO] [minecraft/MinecraftServer]: test-mock-player has made the advancement [The End?]
[12:13:34] [Server thread/INFO] [minecraft/GameTestRunner]: Running test batch 'plinth_column_state:0' (1 tests)...
[12:13:36] [Server thread/INFO] [minecraft/GameTestServer]: [+++++++++++++++++++++++++++++++                                                                                                                                     ]
[12:13:36] [Server thread/INFO] [minecraft/GameTestRunner]: Running test batch 'ritual_known:0' (1 tests)...
[12:13:36] [Server thread/INFO] [minecraft/GameTestServer]: [++++++++++++++++++++++++++++++++                                                                                                                                    ]
[12:13:36] [Server thread/INFO] [minecraft/GameTestServer]: [++++++++++++++++++++++++++++++++                                                                                                                                    ]
[12:13:36] [Server thread/INFO] [minecraft/GameTestRunner]: Running test batch 'shaping_healing:0' (1 tests)...
[12:13:36] [Server thread/INFO] [minecraft/GameTestServer]: [+++++++++++++++++++++++++++++++++                                                                                                                                   ]
[12:13:36] [Server thread/INFO] [minecraft/GameTestServer]: [+++++++++++++++++++++++++++++++++                                                                                                                                   ]
[12:13:36] [Server thread/INFO] [minecraft/GameTestServer]: [+++++++++++++++++++++++++++++++++_                                                                                                                                  ]
[12:13:36] [Server thread/INFO] [minecraft/GameTestServer]: [+++++++++++++++++++++++++++++++++_                                                                                                                                  ]
[12:13:36] [Server thread/INFO] [minecraft/GameTestServer]: [+++++++++++++++++++++++++++++++++_                                                                                                                                  ]
[12:13:36] [Server thread/INFO] [minecraft/GameTestServer]: [+++++++++++++++++++++++++++++++++_                                                                                                                                  ]
[12:13:36] [Server thread/INFO] [minecraft/GameTestServer]: [+++++++++++++++++++++++++++++++++_                                                                                                                                  ]
[12:13:36] [Server thread/INFO] [minecraft/GameTestServer]: [+++++++++++++++++++++++++++++++++_                                                                                                                                  ]
[12:13:36] [Server thread/INFO] [minecraft/GameTestRunner]: Running test batch 'ritual_blast:0' (1 tests)...
[12:13:36] [Server thread/INFO] [minecraft/GameTestServer]: [++++++++++++++++++++++++++++++++++                                                                                                                                  ]
[12:13:36] [Server thread/INFO] [minecraft/GameTestServer]: [++++++++++++++++++++++++++++++++++_                                                                                                                                 ]
[12:13:36] [Server thread/INFO] [minecraft/GameTestServer]: [++++++++++++++++++++++++++++++++++_                                                                                                                                 ]
[12:13:36] [Server thread/INFO] [minecraft/GameTestRunner]: Running test batch 'ritual_foundations:0' (1 tests)...
[12:13:36] [Server thread/INFO] [minecraft/GameTestServer]: [+++++++++++++++++++++++++++++++++++                                                                                                                                 ]
[12:13:36] [Server thread/INFO] [minecraft/GameTestServer]: [+++++++++++++++++++++++++++++++++++                                                                                                                                 ]
[12:13:36] [Server thread/INFO] [minecraft/GameTestServer]: [+++++++++++++++++++++++++++++++++++_                                                                                                                                ]
[12:13:36] [Server thread/INFO] [minecraft/GameTestServer]: [+++++++++++++++++++++++++++++++++++_                                                                                                                                ]
[12:13:36] [Server thread/INFO] [minecraft/GameTestServer]: [+++++++++++++++++++++++++++++++++++_                                                                                                                                ]
[12:13:36] [Server thread/INFO] [minecraft/GameTestRunner]: Running test batch 'pathfinder_control:0' (1 tests)...
[12:13:37] [Server thread/INFO] [minecraft/GameTestServer]: [++++++++++++++++++++++++++++++++++++                                                                                                                                ]
[12:13:37] [Server thread/INFO] [minecraft/GameTestServer]: [++++++++++++++++++++++++++++++++++++_                                                                                                                               ]
[12:13:37] [Server thread/INFO] [minecraft/GameTestServer]: [++++++++++++++++++++++++++++++++++++_                                                                                                                               ]
[12:13:37] [Server thread/INFO] [minecraft/GameTestServer]: [++++++++++++++++++++++++++++++++++++_                                                                                                                               ]
[12:13:37] [Server thread/INFO] [minecraft/GameTestServer]: [++++++++++++++++++++++++++++++++++++_                                                                                                                               ]
[12:13:37] [Server thread/INFO] [minecraft/GameTestServer]: [++++++++++++++++++++++++++++++++++++_                                                                                                                               ]
[12:13:37] [Server thread/INFO] [minecraft/GameTestServer]: [++++++++++++++++++++++++++++++++++++_                                                                                                                               ]
[12:13:37] [Server thread/INFO] [minecraft/GameTestServer]: [++++++++++++++++++++++++++++++++++++_                                                                                                                               ]
[12:13:37] [Server thread/INFO] [minecraft/GameTestServer]: [++++++++++++++++++++++++++++++++++++_                                                                                                                               ]
[12:13:37] [Server thread/INFO] [minecraft/GameTestServer]: [++++++++++++++++++++++++++++++++++++_                                                                                                                               ]
[12:13:37] [Server thread/INFO] [minecraft/GameTestRunner]: Running test batch 'standing_stone_ritual:0' (1 tests)...
[12:13:37] [Server thread/INFO] [minecraft/GameTestServer]: [+++++++++++++++++++++++++++++++++++++                                                                                                                               ]
[12:13:37] [Server thread/INFO] [minecraft/GameTestServer]: [+++++++++++++++++++++++++++++++++++++                                                                                                                               ]
[12:13:37] [Server thread/INFO] [minecraft/GameTestServer]: [+++++++++++++++++++++++++++++++++++++_                                                                                                                              ]
[12:13:37] [Server thread/INFO] [minecraft/GameTestServer]: [+++++++++++++++++++++++++++++++++++++_                                                                                                                              ]
[12:13:37] [Server thread/INFO] [minecraft/GameTestServer]: [+++++++++++++++++++++++++++++++++++++_                                                                                                                              ]
[12:13:37] [Server thread/INFO] [minecraft/GameTestServer]: [+++++++++++++++++++++++++++++++++++++_                                                                                                                              ]
[12:13:37] [Server thread/INFO] [minecraft/GameTestRunner]: Running test batch 'utility_passage:0' (1 tests)...
[12:13:37] [Server thread/INFO] [minecraft/GameTestServer]: [++++++++++++++++++++++++++++++++++++++                                                                                                                              ]
[12:13:37] [Server thread/INFO] [minecraft/GameTestRunner]: Running test batch 'expansion_sensing:0' (1 tests)...
[12:13:37] [Server thread/INFO] [minecraft/GameTestServer]: [+++++++++++++++++++++++++++++++++++++++                                                                                                                             ]
[12:13:37] [Server thread/INFO] [minecraft/GameTestRunner]: Running test batch 'leyline_cast:0' (1 tests)...
[12:13:37] [Server thread/INFO] [minecraft/GameTestServer]: [++++++++++++++++++++++++++++++++++++++++                                                                                                                            ]
[12:13:37] [Server thread/INFO] [minecraft/GameTestServer]: [++++++++++++++++++++++++++++++++++++++++                                                                                                                            ]
[12:13:37] [Server thread/INFO] [minecraft/GameTestServer]: [++++++++++++++++++++++++++++++++++++++++_                                                                                                                           ]
[12:13:37] [Server thread/INFO] [minecraft/GameTestServer]: [++++++++++++++++++++++++++++++++++++++++_                                                                                                                           ]
[12:13:37] [Server thread/INFO] [minecraft/GameTestRunner]: Running test batch 'expansion_breeze:0' (1 tests)...
[12:13:37] [Server thread/INFO] [minecraft/GameTestServer]: [+++++++++++++++++++++++++++++++++++++++++                                                                                                                           ]
[12:13:37] [Server thread/INFO] [minecraft/GameTestServer]: [+++++++++++++++++++++++++++++++++++++++++_                                                                                                                          ]
[12:13:37] [Server thread/INFO] [minecraft/GameTestServer]: [+++++++++++++++++++++++++++++++++++++++++_                                                                                                                          ]
[12:13:37] [Server thread/INFO] [minecraft/GameTestServer]: [+++++++++++++++++++++++++++++++++++++++++_                                                                                                                          ]
[12:13:37] [Server thread/INFO] [minecraft/GameTestServer]: [+++++++++++++++++++++++++++++++++++++++++_                                                                                                                          ]
[12:13:37] [Server thread/INFO] [minecraft/GameTestServer]: [+++++++++++++++++++++++++++++++++++++++++_                                                                                                                          ]
[12:13:37] [Server thread/INFO] [minecraft/GameTestServer]: [+++++++++++++++++++++++++++++++++++++++++_                                                                                                                          ]
[12:13:37] [Server thread/INFO] [minecraft/GameTestRunner]: Running test batch 'apparatus_cover_cancellation:0' (1 tests)...
[12:13:37] [Server thread/INFO] [minecraft/GameTestServer]: [++++++++++++++++++++++++++++++++++++++++++                                                                                                                          ]
[12:13:37] [Server thread/INFO] [minecraft/GameTestServer]: [++++++++++++++++++++++++++++++++++++++++++                                                                                                                          ]
[12:13:37] [Server thread/INFO] [minecraft/GameTestServer]: [++++++++++++++++++++++++++++++++++++++++++                                                                                                                          ]
[12:13:38] [Server thread/INFO] [minecraft/GameTestServer]: [++++++++++++++++++++++++++++++++++++++++++                                                                                                                          ]
[12:13:38] [Server thread/INFO] [minecraft/GameTestServer]: [++++++++++++++++++++++++++++++++++++++++++_                                                                                                                         ]
[12:13:38] [Server thread/INFO] [minecraft/GameTestServer]: [++++++++++++++++++++++++++++++++++++++++++_                                                                                                                         ]
[12:13:38] [Server thread/INFO] [minecraft/GameTestServer]: [++++++++++++++++++++++++++++++++++++++++++_                                                                                                                         ]
[12:13:38] [Server thread/INFO] [minecraft/GameTestRunner]: Running test batch 'expansion_swarm:0' (1 tests)...
[12:13:38] [Server thread/INFO] [minecraft/GameTestServer]: [+++++++++++++++++++++++++++++++++++++++++++                                                                                                                         ]
[12:13:38] [Server thread/INFO] [minecraft/GameTestServer]: [+++++++++++++++++++++++++++++++++++++++++++_                                                                                                                        ]
[12:13:38] [Server thread/INFO] [minecraft/GameTestServer]: [+++++++++++++++++++++++++++++++++++++++++++_                                                                                                                        ]
[12:13:38] [Server thread/INFO] [minecraft/GameTestServer]: [+++++++++++++++++++++++++++++++++++++++++++_                                                                                                                        ]
[12:13:38] [Server thread/INFO] [minecraft/GameTestServer]: [+++++++++++++++++++++++++++++++++++++++++++_                                                                                                                        ]
[12:13:38] [Server thread/INFO] [minecraft/GameTestServer]: [+++++++++++++++++++++++++++++++++++++++++++_                                                                                                                        ]
[12:13:38] [Server thread/INFO] [minecraft/GameTestServer]: [+++++++++++++++++++++++++++++++++++++++++++_                                                                                                                        ]
[12:13:38] [Server thread/INFO] [minecraft/GameTestRunner]: Running test batch 'pathfinder_armament:0' (1 tests)...
[12:13:38] [Server thread/INFO] [minecraft/GameTestServer]: [++++++++++++++++++++++++++++++++++++++++++++                                                                                                                        ]
[12:13:38] [Server thread/INFO] [minecraft/GameTestServer]: [++++++++++++++++++++++++++++++++++++++++++++_                                                                                                                       ]
[12:13:38] [Server thread/INFO] [minecraft/GameTestServer]: [++++++++++++++++++++++++++++++++++++++++++++_                                                                                                                       ]
[12:13:38] [Server thread/INFO] [minecraft/GameTestServer]: [++++++++++++++++++++++++++++++++++++++++++++_                                                                                                                       ]
[12:13:38] [Server thread/INFO] [minecraft/GameTestServer]: [++++++++++++++++++++++++++++++++++++++++++++_                                                                                                                       ]
[12:13:38] [Server thread/INFO] [minecraft/GameTestServer]: [++++++++++++++++++++++++++++++++++++++++++++_                                                                                                                       ]
[12:13:38] [Server thread/INFO] [minecraft/GameTestServer]: [++++++++++++++++++++++++++++++++++++++++++++_                                                                                                                       ]
[12:13:38] [Server thread/INFO] [minecraft/GameTestRunner]: Running test batch 'visual_projectile:0' (1 tests)...
[12:13:38] [Server thread/INFO] [minecraft/GameTestServer]: [+++++++++++++++++++++++++++++++++++++++++++++                                                                                                                       ]
[12:13:38] [Server thread/INFO] [minecraft/GameTestRunner]: Running test batch 'apparatus_variant_storage:0' (1 tests)...
[12:13:38] [Server thread/INFO] [minecraft/GameTestServer]: [++++++++++++++++++++++++++++++++++++++++++++++                                                                                                                      ]
[12:13:38] [Server thread/INFO] [minecraft/GameTestRunner]: Running test batch 'attunement_craft:0' (1 tests)...
[12:13:38] [Server thread/INFO] [minecraft/GameTestServer]: [+++++++++++++++++++++++++++++++++++++++++++++++                                                                                                                     ]
[12:13:38] [Server thread/INFO] [minecraft/GameTestServer]: [+++++++++++++++++++++++++++++++++++++++++++++++                                                                                                                     ]
[12:13:38] [Server thread/INFO] [minecraft/GameTestServer]: [+++++++++++++++++++++++++++++++++++++++++++++++                                                                                                                     ]
[12:13:38] [Server thread/INFO] [minecraft/GameTestServer]: [+++++++++++++++++++++++++++++++++++++++++++++++                                                                                                                     ]
[12:13:38] [Server thread/INFO] [minecraft/GameTestServer]: [+++++++++++++++++++++++++++++++++++++++++++++++                                                                                                                     ]
[12:13:38] [Server thread/INFO] [minecraft/GameTestServer]: [+++++++++++++++++++++++++++++++++++++++++++++++                                                                                                                     ]
[12:13:38] [Server thread/INFO] [minecraft/GameTestServer]: [+++++++++++++++++++++++++++++++++++++++++++++++_                                                                                                                    ]
[12:13:38] [Server thread/INFO] [minecraft/GameTestServer]: [+++++++++++++++++++++++++++++++++++++++++++++++_                                                                                                                    ]
[12:13:38] [Server thread/INFO] [minecraft/GameTestServer]: [+++++++++++++++++++++++++++++++++++++++++++++++_                                                                                                                    ]
[12:13:38] [Server thread/INFO] [minecraft/GameTestServer]: [+++++++++++++++++++++++++++++++++++++++++++++++_                                                                                                                    ]
[12:13:38] [Server thread/INFO] [minecraft/GameTestServer]: [+++++++++++++++++++++++++++++++++++++++++++++++_                                                                                                                    ]
[12:13:38] [Server thread/INFO] [minecraft/GameTestServer]: [+++++++++++++++++++++++++++++++++++++++++++++++_                                                                                                                    ]
[12:13:38] [Server thread/INFO] [minecraft/GameTestRunner]: Running test batch 'expansion_vitality:0' (1 tests)...
[12:13:38] [Server thread/INFO] [minecraft/GameTestServer]: [++++++++++++++++++++++++++++++++++++++++++++++++                                                                                                                    ]
[12:13:38] [Server thread/INFO] [minecraft/GameTestRunner]: Running test batch 'expansion_flicker:0' (1 tests)...
[12:13:38] [Server thread/INFO] [minecraft/GameTestServer]: [+++++++++++++++++++++++++++++++++++++++++++++++++                                                                                                                   ]
[12:13:38] [Server thread/INFO] [minecraft/GameTestServer]: [+++++++++++++++++++++++++++++++++++++++++++++++++_                                                                                                                  ]
[12:13:38] [Server thread/INFO] [minecraft/GameTestServer]: [+++++++++++++++++++++++++++++++++++++++++++++++++_                                                                                                                  ]
[12:13:38] [Server thread/INFO] [minecraft/GameTestRunner]: Running test batch 'ice_expiry:0' (1 tests)...
[12:13:38] [Server thread/INFO] [minecraft/GameTestServer]: [++++++++++++++++++++++++++++++++++++++++++++++++++                                                                                                                  ]
[12:13:38] [Server thread/INFO] [minecraft/GameTestServer]: [++++++++++++++++++++++++++++++++++++++++++++++++++_                                                                                                                 ]
[12:13:38] [Server thread/INFO] [minecraft/GameTestServer]: [++++++++++++++++++++++++++++++++++++++++++++++++++_                                                                                                                 ]
[12:13:38] [Server thread/INFO] [minecraft/GameTestServer]: [++++++++++++++++++++++++++++++++++++++++++++++++++_                                                                                                                 ]
[12:13:38] [Server thread/INFO] [minecraft/GameTestServer]: [++++++++++++++++++++++++++++++++++++++++++++++++++_                                                                                                                 ]
[12:13:38] [Server thread/INFO] [minecraft/GameTestServer]: [++++++++++++++++++++++++++++++++++++++++++++++++++_                                                                                                                 ]
[12:13:38] [Server thread/INFO] [minecraft/GameTestServer]: [++++++++++++++++++++++++++++++++++++++++++++++++++_                                                                                                                 ]
[12:13:38] [Server thread/INFO] [minecraft/GameTestServer]: [++++++++++++++++++++++++++++++++++++++++++++++++++_                                                                                                                 ]
[12:13:38] [Server thread/INFO] [minecraft/GameTestServer]: [++++++++++++++++++++++++++++++++++++++++++++++++++_                                                                                                                 ]
[12:13:38] [Server thread/INFO] [minecraft/GameTestServer]: [++++++++++++++++++++++++++++++++++++++++++++++++++_                                                                                                                 ]
[12:13:38] [Server thread/INFO] [minecraft/GameTestServer]: [++++++++++++++++++++++++++++++++++++++++++++++++++_                                                                                                                 ]
[12:13:38] [Server thread/INFO] [minecraft/GameTestServer]: [++++++++++++++++++++++++++++++++++++++++++++++++++_                                                                                                                 ]
[12:13:38] [Server thread/INFO] [minecraft/GameTestServer]: [++++++++++++++++++++++++++++++++++++++++++++++++++_                                                                                                                 ]
[12:13:38] [Server thread/INFO] [minecraft/GameTestRunner]: Running test batch 'leyline_materials:0' (1 tests)...
[12:13:38] [Server thread/INFO] [minecraft/GameTestServer]: [+++++++++++++++++++++++++++++++++++++++++++++++++++                                                                                                                 ]
[12:13:38] [Server thread/INFO] [minecraft/GameTestRunner]: Running test batch 'utility_waterwall:0' (1 tests)...
[12:13:38] [Server thread/INFO] [minecraft/GameTestServer]: [++++++++++++++++++++++++++++++++++++++++++++++++++++                                                                                                                ]
[12:13:38] [Server thread/INFO] [minecraft/GameTestServer]: [++++++++++++++++++++++++++++++++++++++++++++++++++++_                                                                                                               ]
[12:13:38] [Server thread/INFO] [minecraft/GameTestServer]: [++++++++++++++++++++++++++++++++++++++++++++++++++++_                                                                                                               ]
[12:13:38] [Server thread/INFO] [minecraft/GameTestRunner]: Running test batch 'formation_companion:0' (1 tests)...
[12:13:38] [Server thread/INFO] [minecraft/GameTestServer]: [+++++++++++++++++++++++++++++++++++++++++++++++++++++                                                                                                               ]
[12:13:38] [Server thread/INFO] [minecraft/GameTestServer]: [+++++++++++++++++++++++++++++++++++++++++++++++++++++_                                                                                                              ]
[12:13:38] [Server thread/INFO] [minecraft/GameTestServer]: [+++++++++++++++++++++++++++++++++++++++++++++++++++++_                                                                                                              ]
[12:13:38] [Server thread/INFO] [minecraft/GameTestServer]: [+++++++++++++++++++++++++++++++++++++++++++++++++++++_                                                                                                              ]
[12:13:38] [Server thread/INFO] [minecraft/GameTestServer]: [+++++++++++++++++++++++++++++++++++++++++++++++++++++_                                                                                                              ]
[12:13:38] [Server thread/INFO] [minecraft/GameTestServer]: [+++++++++++++++++++++++++++++++++++++++++++++++++++++_                                                                                                              ]
[12:13:38] [Server thread/INFO] [minecraft/GameTestServer]: [+++++++++++++++++++++++++++++++++++++++++++++++++++++_                                                                                                              ]
[12:13:38] [Server thread/INFO] [minecraft/GameTestServer]: [+++++++++++++++++++++++++++++++++++++++++++++++++++++_                                                                                                              ]
[12:13:38] [Server thread/INFO] [minecraft/GameTestServer]: [+++++++++++++++++++++++++++++++++++++++++++++++++++++_                                                                                                              ]
[12:13:38] [Server thread/INFO] [minecraft/GameTestRunner]: Running test batch 'utility_sensing:0' (1 tests)...
[12:13:38] [Server thread/INFO] [minecraft/GameTestServer]: [++++++++++++++++++++++++++++++++++++++++++++++++++++++                                                                                                              ]
[12:13:38] [Server thread/INFO] [minecraft/GameTestRunner]: Running test batch 'scroll_cast:0' (1 tests)...
[12:13:38] [Server thread/INFO] [minecraft/GameTestServer]: [+++++++++++++++++++++++++++++++++++++++++++++++++++++++                                                                                                             ]
[12:13:39] [Server thread/INFO] [minecraft/GameTestServer]: [+++++++++++++++++++++++++++++++++++++++++++++++++++++++_                                                                                                            ]
[12:13:39] [Server thread/INFO] [minecraft/GameTestServer]: [+++++++++++++++++++++++++++++++++++++++++++++++++++++++_                                                                                                            ]
[12:13:39] [Server thread/INFO] [minecraft/GameTestServer]: [+++++++++++++++++++++++++++++++++++++++++++++++++++++++_                                                                                                            ]
[12:13:39] [Server thread/INFO] [minecraft/GameTestServer]: [+++++++++++++++++++++++++++++++++++++++++++++++++++++++_                                                                                                            ]
[12:13:39] [Server thread/INFO] [minecraft/GameTestRunner]: Running test batch 'plinth_column_ritual:0' (1 tests)...
[12:13:39] [Server thread/INFO] [minecraft/GameTestServer]: [++++++++++++++++++++++++++++++++++++++++++++++++++++++++                                                                                                            ]
[12:13:39] [Server thread/INFO] [minecraft/GameTestServer]: [++++++++++++++++++++++++++++++++++++++++++++++++++++++++                                                                                                            ]
[12:13:39] [Server thread/INFO] [minecraft/GameTestServer]: [++++++++++++++++++++++++++++++++++++++++++++++++++++++++_                                                                                                           ]
[12:13:39] [Server thread/INFO] [minecraft/GameTestServer]: [++++++++++++++++++++++++++++++++++++++++++++++++++++++++_                                                                                                           ]
[12:13:39] [Server thread/INFO] [minecraft/GameTestServer]: [++++++++++++++++++++++++++++++++++++++++++++++++++++++++_                                                                                                           ]
[12:13:39] [Server thread/INFO] [minecraft/GameTestRunner]: Running test batch 'expansion_ground:0' (1 tests)...
[12:13:39] [Server thread/INFO] [minecraft/GameTestServer]: [+++++++++++++++++++++++++++++++++++++++++++++++++++++++++                                                                                                           ]
[12:13:39] [Server thread/INFO] [minecraft/GameTestServer]: [+++++++++++++++++++++++++++++++++++++++++++++++++++++++++                                                                                                           ]
[12:13:39] [Server thread/INFO] [minecraft/GameTestServer]: [+++++++++++++++++++++++++++++++++++++++++++++++++++++++++_                                                                                                          ]
[12:13:39] [Server thread/INFO] [minecraft/GameTestServer]: [+++++++++++++++++++++++++++++++++++++++++++++++++++++++++_                                                                                                          ]
[12:13:39] [Server thread/INFO] [minecraft/GameTestServer]: [+++++++++++++++++++++++++++++++++++++++++++++++++++++++++_                                                                                                          ]
[12:13:39] [Server thread/DEBUG] [ne.ne.ne.co.CommonHooks/WP]: Gathered mod list to write to world save Test Level
[12:13:39] [Server thread/INFO] [minecraft/GameTestServer]: [+++++++++++++++++++++++++++++++++++++++++++++++++++++++++_                                                                                                          ]
[12:13:39] [Server thread/INFO] [minecraft/GameTestServer]: [+++++++++++++++++++++++++++++++++++++++++++++++++++++++++_                                                                                                          ]
[12:13:39] [Server thread/INFO] [minecraft/GameTestServer]: [+++++++++++++++++++++++++++++++++++++++++++++++++++++++++_                                                                                                          ]
[12:13:39] [Server thread/INFO] [minecraft/GameTestServer]: [+++++++++++++++++++++++++++++++++++++++++++++++++++++++++_                                                                                                          ]
[12:13:39] [Server thread/INFO] [minecraft/GameTestServer]: [+++++++++++++++++++++++++++++++++++++++++++++++++++++++++_                                                                                                          ]
[12:13:39] [Server thread/INFO] [minecraft/GameTestRunner]: Running test batch 'shaping_protection:0' (1 tests)...
[12:13:39] [Server thread/INFO] [minecraft/GameTestServer]: [++++++++++++++++++++++++++++++++++++++++++++++++++++++++++                                                                                                          ]
[12:13:39] [Server thread/INFO] [minecraft/GameTestServer]: [++++++++++++++++++++++++++++++++++++++++++++++++++++++++++                                                                                                          ]
[12:13:39] [Server thread/INFO] [minecraft/GameTestServer]: [++++++++++++++++++++++++++++++++++++++++++++++++++++++++++_                                                                                                         ]
[12:13:39] [Server thread/INFO] [minecraft/GameTestServer]: [++++++++++++++++++++++++++++++++++++++++++++++++++++++++++_                                                                                                         ]
[12:13:39] [Server thread/INFO] [minecraft/GameTestServer]: [++++++++++++++++++++++++++++++++++++++++++++++++++++++++++_                                                                                                         ]
[12:13:39] [Server thread/INFO] [minecraft/GameTestServer]: [++++++++++++++++++++++++++++++++++++++++++++++++++++++++++_                                                                                                         ]
[12:13:39] [Server thread/INFO] [minecraft/GameTestServer]: [++++++++++++++++++++++++++++++++++++++++++++++++++++++++++_                                                                                                         ]
[12:13:39] [Server thread/INFO] [minecraft/GameTestRunner]: Running test batch 'utility_water:0' (1 tests)...
[12:13:39] [Server thread/INFO] [minecraft/GameTestServer]: [+++++++++++++++++++++++++++++++++++++++++++++++++++++++++++                                                                                                         ]
[12:13:39] [Server thread/INFO] [minecraft/GameTestRunner]: Running test batch 'apparatus_recipes:0' (1 tests)...
[12:13:39] [Server thread/INFO] [minecraft/GameTestServer]: [++++++++++++++++++++++++++++++++++++++++++++++++++++++++++++                                                                                                        ]
[12:13:39] [Server thread/INFO] [minecraft/GameTestServer]: [++++++++++++++++++++++++++++++++++++++++++++++++++++++++++++                                                                                                        ]
[12:13:39] [Server thread/INFO] [minecraft/GameTestRunner]: Running test batch 'shaping_reflect_lineage:0' (1 tests)...
[12:13:39] [Server thread/INFO] [minecraft/GameTestServer]: [+++++++++++++++++++++++++++++++++++++++++++++++++++++++++++++                                                                                                       ]
[12:13:39] [Server thread/INFO] [minecraft/GameTestServer]: [+++++++++++++++++++++++++++++++++++++++++++++++++++++++++++++                                                                                                       ]
[12:13:39] [Server thread/INFO] [minecraft/GameTestServer]: [+++++++++++++++++++++++++++++++++++++++++++++++++++++++++++++                                                                                                       ]
[12:13:39] [Server thread/INFO] [minecraft/GameTestServer]: [+++++++++++++++++++++++++++++++++++++++++++++++++++++++++++++_                                                                                                      ]
[12:13:39] [Server thread/INFO] [minecraft/GameTestRunner]: Running test batch 'leyline_cosmetic_attunement:0' (1 tests)...
[12:13:39] [Server thread/INFO] [minecraft/GameTestServer]: [++++++++++++++++++++++++++++++++++++++++++++++++++++++++++++++                                                                                                      ]
[12:13:39] [Server thread/INFO] [minecraft/GameTestServer]: [++++++++++++++++++++++++++++++++++++++++++++++++++++++++++++++                                                                                                      ]
[12:13:39] [Server thread/INFO] [minecraft/GameTestServer]: [++++++++++++++++++++++++++++++++++++++++++++++++++++++++++++++                                                                                                      ]
[12:13:39] [Server thread/INFO] [minecraft/GameTestServer]: [++++++++++++++++++++++++++++++++++++++++++++++++++++++++++++++                                                                                                      ]
[12:13:39] [Server thread/INFO] [minecraft/GameTestServer]: [++++++++++++++++++++++++++++++++++++++++++++++++++++++++++++++                                                                                                      ]
[12:13:39] [Server thread/INFO] [minecraft/GameTestServer]: [++++++++++++++++++++++++++++++++++++++++++++++++++++++++++++++                                                                                                      ]
[12:13:39] [Server thread/INFO] [minecraft/GameTestServer]: [++++++++++++++++++++++++++++++++++++++++++++++++++++++++++++++                                                                                                      ]
[12:13:39] [Server thread/INFO] [minecraft/GameTestServer]: [++++++++++++++++++++++++++++++++++++++++++++++++++++++++++++++_                                                                                                     ]
[12:13:39] [Server thread/INFO] [minecraft/GameTestServer]: [++++++++++++++++++++++++++++++++++++++++++++++++++++++++++++++_                                                                                                     ]
[12:13:39] [Server thread/INFO] [minecraft/GameTestServer]: [++++++++++++++++++++++++++++++++++++++++++++++++++++++++++++++_                                                                                                     ]
[12:13:39] [Server thread/INFO] [minecraft/GameTestRunner]: Running test batch 'utility_stone:0' (1 tests)...
[12:13:40] [Server thread/INFO] [minecraft/GameTestServer]: [+++++++++++++++++++++++++++++++++++++++++++++++++++++++++++++++                                                                                                     ]
[12:13:40] [Server thread/INFO] [minecraft/GameTestServer]: [+++++++++++++++++++++++++++++++++++++++++++++++++++++++++++++++                                                                                                     ]
[12:13:40] [Server thread/INFO] [minecraft/GameTestRunner]: Running test batch 'leyline_scroll_data:0' (1 tests)...
[12:13:40] [Server thread/INFO] [minecraft/GameTestServer]: [++++++++++++++++++++++++++++++++++++++++++++++++++++++++++++++++                                                                                                    ]
[12:13:40] [Server thread/INFO] [minecraft/GameTestServer]: [++++++++++++++++++++++++++++++++++++++++++++++++++++++++++++++++                                                                                                    ]
[12:13:40] [Server thread/INFO] [minecraft/GameTestRunner]: Running test batch 'shaping_revealing:0' (1 tests)...
[12:13:40] [Server thread/INFO] [minecraft/GameTestServer]: [+++++++++++++++++++++++++++++++++++++++++++++++++++++++++++++++++                                                                                                   ]
[12:13:40] [Server thread/INFO] [minecraft/GameTestServer]: [+++++++++++++++++++++++++++++++++++++++++++++++++++++++++++++++++                                                                                                   ]
[12:13:40] [Server thread/INFO] [minecraft/GameTestServer]: [+++++++++++++++++++++++++++++++++++++++++++++++++++++++++++++++++_                                                                                                  ]
[12:13:40] [Server thread/INFO] [minecraft/GameTestServer]: [+++++++++++++++++++++++++++++++++++++++++++++++++++++++++++++++++_                                                                                                  ]
[12:13:40] [Server thread/INFO] [minecraft/GameTestServer]: [+++++++++++++++++++++++++++++++++++++++++++++++++++++++++++++++++_                                                                                                  ]
[12:13:40] [Server thread/INFO] [minecraft/GameTestServer]: [+++++++++++++++++++++++++++++++++++++++++++++++++++++++++++++++++_                                                                                                  ]
[12:13:40] [Server thread/INFO] [minecraft/GameTestServer]: [+++++++++++++++++++++++++++++++++++++++++++++++++++++++++++++++++_                                                                                                  ]
[12:13:40] [Server thread/INFO] [minecraft/GameTestServer]: [+++++++++++++++++++++++++++++++++++++++++++++++++++++++++++++++++_                                                                                                  ]
[12:13:40] [Server thread/INFO] [minecraft/GameTestRunner]: Running test batch 'apparatus_persistence:0' (1 tests)...
[12:13:40] [Server thread/INFO] [minecraft/GameTestServer]: [++++++++++++++++++++++++++++++++++++++++++++++++++++++++++++++++++                                                                                                  ]
[12:13:40] [Server thread/INFO] [minecraft/GameTestRunner]: Running test batch 'scroll_recast:0' (1 tests)...
[12:13:40] [Server thread/INFO] [minecraft/GameTestServer]: [+++++++++++++++++++++++++++++++++++++++++++++++++++++++++++++++++++                                                                                                 ]
[12:13:40] [Server thread/INFO] [minecraft/GameTestServer]: [+++++++++++++++++++++++++++++++++++++++++++++++++++++++++++++++++++                                                                                                 ]
[12:13:40] [Server thread/INFO] [minecraft/GameTestServer]: [+++++++++++++++++++++++++++++++++++++++++++++++++++++++++++++++++++_                                                                                                ]
[12:13:40] [Server thread/INFO] [minecraft/GameTestServer]: [+++++++++++++++++++++++++++++++++++++++++++++++++++++++++++++++++++_                                                                                                ]
[12:13:40] [Server thread/INFO] [minecraft/GameTestServer]: [+++++++++++++++++++++++++++++++++++++++++++++++++++++++++++++++++++_                                                                                                ]
[12:13:40] [Server thread/INFO] [minecraft/GameTestRunner]: Running test batch 'pathfinder_arc:0' (1 tests)...
[12:13:40] [Server thread/INFO] [minecraft/GameTestServer]: [++++++++++++++++++++++++++++++++++++++++++++++++++++++++++++++++++++                                                                                                ]
[12:13:40] [Server thread/INFO] [minecraft/GameTestRunner]: Running test batch 'shaping_anchor:0' (1 tests)...
[12:13:40] [Server thread/INFO] [minecraft/GameTestServer]: [+++++++++++++++++++++++++++++++++++++++++++++++++++++++++++++++++++++                                                                                               ]
[12:13:40] [Server thread/INFO] [minecraft/GameTestServer]: [+++++++++++++++++++++++++++++++++++++++++++++++++++++++++++++++++++++                                                                                               ]
[12:13:40] [Server thread/INFO] [minecraft/GameTestServer]: [+++++++++++++++++++++++++++++++++++++++++++++++++++++++++++++++++++++                                                                                               ]
[12:13:40] [Server thread/INFO] [minecraft/GameTestServer]: [+++++++++++++++++++++++++++++++++++++++++++++++++++++++++++++++++++++_                                                                                              ]
[12:13:40] [Server thread/INFO] [minecraft/GameTestServer]: [+++++++++++++++++++++++++++++++++++++++++++++++++++++++++++++++++++++_                                                                                              ]
[12:13:40] [Server thread/INFO] [minecraft/GameTestServer]: [+++++++++++++++++++++++++++++++++++++++++++++++++++++++++++++++++++++_                                                                                              ]
[12:13:40] [Server thread/INFO] [minecraft/GameTestServer]: [+++++++++++++++++++++++++++++++++++++++++++++++++++++++++++++++++++++_                                                                                              ]
[12:13:40] [Server thread/INFO] [minecraft/GameTestServer]: [+++++++++++++++++++++++++++++++++++++++++++++++++++++++++++++++++++++_                                                                                              ]
[12:13:40] [Server thread/INFO] [minecraft/GameTestServer]: [+++++++++++++++++++++++++++++++++++++++++++++++++++++++++++++++++++++_                                                                                              ]
[12:13:40] [Server thread/INFO] [minecraft/GameTestRunner]: Running test batch 'apparatus_tent_collision:0' (1 tests)...
[12:13:40] [Server thread/INFO] [minecraft/GameTestServer]: [++++++++++++++++++++++++++++++++++++++++++++++++++++++++++++++++++++++                                                                                              ]
[12:13:40] [Server thread/INFO] [minecraft/GameTestServer]: [++++++++++++++++++++++++++++++++++++++++++++++++++++++++++++++++++++++                                                                                              ]
[12:13:40] [Server thread/INFO] [minecraft/GameTestRunner]: Running test batch 'balance_caps:0' (2 tests)...
[12:13:40] [Server thread/INFO] [minecraft/GameTestServer]: [+++++++++++++++++++++++++++++++++++++++++++++++++++++++++++++++++++++++                                                                                             ]
[12:13:40] [Server thread/INFO] [minecraft/GameTestServer]: [+++++++++++++++++++++++++++++++++++++++++++++++++++++++++++++++++++++++_                                                                                            ]
[12:13:40] [Server thread/INFO] [minecraft/GameTestServer]: [+++++++++++++++++++++++++++++++++++++++++++++++++++++++++++++++++++++++__                                                                                           ]
[12:13:40] [Server thread/INFO] [minecraft/GameTestServer]: [++++++++++++++++++++++++++++++++++++++++++++++++++++++++++++++++++++++++_                                                                                           ]
[12:13:40] [Server thread/INFO] [minecraft/GameTestServer]: [++++++++++++++++++++++++++++++++++++++++++++++++++++++++++++++++++++++++_                                                                                           ]
[12:13:40] [Server thread/INFO] [minecraft/GameTestServer]: [++++++++++++++++++++++++++++++++++++++++++++++++++++++++++++++++++++++++_                                                                                           ]
[12:13:40] [Server thread/INFO] [minecraft/GameTestServer]: [++++++++++++++++++++++++++++++++++++++++++++++++++++++++++++++++++++++++_                                                                                           ]
[12:13:40] [Server thread/INFO] [minecraft/GameTestRunner]: Running test batch 'pathfinder_vitality:0' (1 tests)...
[12:13:41] [Server thread/INFO] [minecraft/GameTestServer]: [+++++++++++++++++++++++++++++++++++++++++++++++++++++++++++++++++++++++++                                                                                           ]
[12:13:41] [Server thread/INFO] [minecraft/GameTestServer]: [+++++++++++++++++++++++++++++++++++++++++++++++++++++++++++++++++++++++++                                                                                           ]
[12:13:41] [Server thread/INFO] [minecraft/GameTestRunner]: Running test batch 'shaping_payment:0' (1 tests)...
[12:13:41] [Server thread/INFO] [minecraft/GameTestServer]: [++++++++++++++++++++++++++++++++++++++++++++++++++++++++++++++++++++++++++                                                                                          ]
[12:13:41] [Server thread/INFO] [minecraft/GameTestRunner]: Running test batch 'ice_orphan:0' (1 tests)...
[12:13:41] [Server thread/INFO] [minecraft/GameTestServer]: [+++++++++++++++++++++++++++++++++++++++++++++++++++++++++++++++++++++++++++                                                                                         ]
[12:13:41] [Server thread/INFO] [minecraft/GameTestServer]: [+++++++++++++++++++++++++++++++++++++++++++++++++++++++++++++++++++++++++++_                                                                                        ]
[12:13:41] [Server thread/INFO] [minecraft/GameTestRunner]: Running test batch 'utility_transpose:0' (1 tests)...
[12:13:41] [Server thread/INFO] [minecraft/GameTestServer]: [++++++++++++++++++++++++++++++++++++++++++++++++++++++++++++++++++++++++++++                                                                                        ]
[12:13:41] [Server thread/INFO] [minecraft/GameTestServer]: [++++++++++++++++++++++++++++++++++++++++++++++++++++++++++++++++++++++++++++                                                                                        ]
[12:13:41] [Server thread/INFO] [minecraft/GameTestRunner]: Running test batch 'spellshaping_reject:0' (1 tests)...
[12:13:41] [Server thread/INFO] [minecraft/GameTestServer]: [+++++++++++++++++++++++++++++++++++++++++++++++++++++++++++++++++++++++++++++                                                                                       ]
[12:13:41] [Server thread/INFO] [minecraft/GameTestServer]: [+++++++++++++++++++++++++++++++++++++++++++++++++++++++++++++++++++++++++++++                                                                                       ]
[12:13:41] [Server thread/INFO] [minecraft/GameTestServer]: [+++++++++++++++++++++++++++++++++++++++++++++++++++++++++++++++++++++++++++++                                                                                       ]
[12:13:41] [Server thread/INFO] [minecraft/GameTestServer]: [+++++++++++++++++++++++++++++++++++++++++++++++++++++++++++++++++++++++++++++_                                                                                      ]
[12:13:41] [Server thread/INFO] [minecraft/GameTestServer]: [+++++++++++++++++++++++++++++++++++++++++++++++++++++++++++++++++++++++++++++_                                                                                      ]
[12:13:41] [Server thread/INFO] [minecraft/GameTestServer]: [+++++++++++++++++++++++++++++++++++++++++++++++++++++++++++++++++++++++++++++_                                                                                      ]
[12:13:41] [Server thread/INFO] [minecraft/GameTestRunner]: Running test batch 'pathfinder_dispel:0' (1 tests)...
[12:13:41] [Server thread/INFO] [minecraft/GameTestServer]: [++++++++++++++++++++++++++++++++++++++++++++++++++++++++++++++++++++++++++++++                                                                                      ]
[12:13:41] [Server thread/INFO] [minecraft/GameTestServer]: [++++++++++++++++++++++++++++++++++++++++++++++++++++++++++++++++++++++++++++++_                                                                                     ]
[12:13:41] [Server thread/INFO] [minecraft/GameTestRunner]: Running test batch 'expansion_rust:0' (1 tests)...
[12:13:41] [Server thread/INFO] [minecraft/GameTestServer]: [+++++++++++++++++++++++++++++++++++++++++++++++++++++++++++++++++++++++++++++++                                                                                     ]
[12:13:41] [Server thread/INFO] [minecraft/GameTestServer]: [+++++++++++++++++++++++++++++++++++++++++++++++++++++++++++++++++++++++++++++++                                                                                     ]
[12:13:41] [Server thread/INFO] [minecraft/GameTestServer]: [+++++++++++++++++++++++++++++++++++++++++++++++++++++++++++++++++++++++++++++++_                                                                                    ]
[12:13:41] [Server thread/INFO] [minecraft/GameTestServer]: [+++++++++++++++++++++++++++++++++++++++++++++++++++++++++++++++++++++++++++++++_                                                                                    ]
[12:13:41] [Server thread/INFO] [minecraft/GameTestServer]: [+++++++++++++++++++++++++++++++++++++++++++++++++++++++++++++++++++++++++++++++_                                                                                    ]
[12:13:41] [Server thread/INFO] [minecraft/GameTestServer]: [+++++++++++++++++++++++++++++++++++++++++++++++++++++++++++++++++++++++++++++++_                                                                                    ]
[12:13:41] [Server thread/INFO] [minecraft/GameTestServer]: [+++++++++++++++++++++++++++++++++++++++++++++++++++++++++++++++++++++++++++++++_                                                                                    ]
[12:13:41] [Server thread/INFO] [minecraft/GameTestServer]: [+++++++++++++++++++++++++++++++++++++++++++++++++++++++++++++++++++++++++++++++_                                                                                    ]
[12:13:41] [Server thread/INFO] [minecraft/GameTestRunner]: Running test batch 'pathfinder_resistance:0' (1 tests)...
[12:13:41] [Server thread/INFO] [minecraft/GameTestServer]: [++++++++++++++++++++++++++++++++++++++++++++++++++++++++++++++++++++++++++++++++                                                                                    ]
[12:13:41] [Server thread/INFO] [minecraft/GameTestRunner]: Running test batch 'apparatus_clearance:0' (1 tests)...
[12:13:41] [Server thread/INFO] [minecraft/GameTestServer]: [+++++++++++++++++++++++++++++++++++++++++++++++++++++++++++++++++++++++++++++++++                                                                                   ]
[12:13:41] [Server thread/INFO] [minecraft/GameTestRunner]: Running test batch 'ritual_basic:0' (1 tests)...
[12:13:41] [Server thread/INFO] [minecraft/GameTestServer]: [++++++++++++++++++++++++++++++++++++++++++++++++++++++++++++++++++++++++++++++++++                                                                                  ]
[12:13:41] [Server thread/INFO] [minecraft/GameTestServer]: [++++++++++++++++++++++++++++++++++++++++++++++++++++++++++++++++++++++++++++++++++                                                                                  ]
[12:13:41] [Server thread/INFO] [minecraft/GameTestServer]: [++++++++++++++++++++++++++++++++++++++++++++++++++++++++++++++++++++++++++++++++++                                                                                  ]
[12:13:41] [Server thread/INFO] [minecraft/GameTestServer]: [++++++++++++++++++++++++++++++++++++++++++++++++++++++++++++++++++++++++++++++++++_                                                                                 ]
[12:13:41] [Server thread/INFO] [minecraft/GameTestServer]: [++++++++++++++++++++++++++++++++++++++++++++++++++++++++++++++++++++++++++++++++++_                                                                                 ]
[12:13:41] [Server thread/INFO] [minecraft/GameTestServer]: [++++++++++++++++++++++++++++++++++++++++++++++++++++++++++++++++++++++++++++++++++_                                                                                 ]
[12:13:41] [Server thread/INFO] [minecraft/GameTestRunner]: Running test batch 'expansion_translocate:0' (1 tests)...
[12:13:41] [Server thread/INFO] [minecraft/GameTestServer]: [+++++++++++++++++++++++++++++++++++++++++++++++++++++++++++++++++++++++++++++++++++                                                                                 ]
[12:13:41] [Server thread/INFO] [minecraft/GameTestRunner]: Running test batch 'expansion_illusion:0' (1 tests)...
[12:13:41] [Server thread/INFO] [minecraft/GameTestServer]: [++++++++++++++++++++++++++++++++++++++++++++++++++++++++++++++++++++++++++++++++++++                                                                                ]
[12:13:41] [Server thread/INFO] [minecraft/GameTestRunner]: Running test batch 'scroll_forfeit:0' (1 tests)...
[12:13:41] [Server thread/INFO] [minecraft/GameTestServer]: [+++++++++++++++++++++++++++++++++++++++++++++++++++++++++++++++++++++++++++++++++++++                                                                               ]
[12:13:41] [Server thread/INFO] [minecraft/GameTestServer]: [+++++++++++++++++++++++++++++++++++++++++++++++++++++++++++++++++++++++++++++++++++++                                                                               ]
[12:13:41] [Server thread/INFO] [minecraft/GameTestServer]: [+++++++++++++++++++++++++++++++++++++++++++++++++++++++++++++++++++++++++++++++++++++                                                                               ]
[12:13:41] [Server thread/INFO] [minecraft/GameTestServer]: [+++++++++++++++++++++++++++++++++++++++++++++++++++++++++++++++++++++++++++++++++++++                                                                               ]
[12:13:41] [Server thread/INFO] [minecraft/GameTestRunner]: Running test batch 'expansion_animal:0' (1 tests)...
[12:13:42] [Server thread/INFO] [minecraft/GameTestServer]: [++++++++++++++++++++++++++++++++++++++++++++++++++++++++++++++++++++++++++++++++++++++                                                                              ]
[12:13:42] [Server thread/INFO] [minecraft/GameTestRunner]: Running test batch 'pathfinder_shield:0' (1 tests)...
[12:13:42] [Server thread/INFO] [minecraft/GameTestServer]: [+++++++++++++++++++++++++++++++++++++++++++++++++++++++++++++++++++++++++++++++++++++++                                                                             ]
[12:13:42] [Server thread/INFO] [minecraft/GameTestRunner]: Running test batch 'utility_size:0' (1 tests)...
[12:13:42] [Server thread/INFO] [minecraft/GameTestServer]: [++++++++++++++++++++++++++++++++++++++++++++++++++++++++++++++++++++++++++++++++++++++++                                                                            ]
[12:13:42] [Server thread/INFO] [minecraft/GameTestServer]: [++++++++++++++++++++++++++++++++++++++++++++++++++++++++++++++++++++++++++++++++++++++++                                                                            ]
[12:13:42] [Server thread/INFO] [minecraft/GameTestRunner]: Running test batch 'leyline_pyramid:0' (1 tests)...
[12:13:42] [Server thread/INFO] [minecraft/GameTestServer]: [+++++++++++++++++++++++++++++++++++++++++++++++++++++++++++++++++++++++++++++++++++++++++                                                                           ]
[12:13:42] [Server thread/INFO] [minecraft/GameTestServer]: [+++++++++++++++++++++++++++++++++++++++++++++++++++++++++++++++++++++++++++++++++++++++++                                                                           ]
[12:13:42] [Server thread/INFO] [minecraft/GameTestServer]: [+++++++++++++++++++++++++++++++++++++++++++++++++++++++++++++++++++++++++++++++++++++++++                                                                           ]
[12:13:42] [Server thread/INFO] [minecraft/GameTestServer]: [+++++++++++++++++++++++++++++++++++++++++++++++++++++++++++++++++++++++++++++++++++++++++_                                                                          ]
[12:13:42] [Server thread/INFO] [minecraft/GameTestServer]: [+++++++++++++++++++++++++++++++++++++++++++++++++++++++++++++++++++++++++++++++++++++++++_                                                                          ]
[12:13:42] [Server thread/INFO] [minecraft/GameTestServer]: [+++++++++++++++++++++++++++++++++++++++++++++++++++++++++++++++++++++++++++++++++++++++++_                                                                          ]
[12:13:42] [Server thread/INFO] [minecraft/GameTestRunner]: Running test batch 'apparatus_imbuement_acceptance:0' (1 tests)...
[12:13:42] [Server thread/INFO] [minecraft/GameTestServer]: [++++++++++++++++++++++++++++++++++++++++++++++++++++++++++++++++++++++++++++++++++++++++++                                                                          ]
[12:13:42] [Server thread/INFO] [minecraft/GameTestServer]: [++++++++++++++++++++++++++++++++++++++++++++++++++++++++++++++++++++++++++++++++++++++++++                                                                          ]
[12:13:42] [Server thread/INFO] [minecraft/GameTestRunner]: Running test batch 'attunement_counts:0' (1 tests)...
[12:13:42] [Server thread/INFO] [minecraft/GameTestServer]: [+++++++++++++++++++++++++++++++++++++++++++++++++++++++++++++++++++++++++++++++++++++++++++                                                                         ]
[12:13:42] [Server thread/INFO] [minecraft/GameTestServer]: [+++++++++++++++++++++++++++++++++++++++++++++++++++++++++++++++++++++++++++++++++++++++++++                                                                         ]
[12:13:42] [Server thread/INFO] [minecraft/GameTestServer]: [+++++++++++++++++++++++++++++++++++++++++++++++++++++++++++++++++++++++++++++++++++++++++++                                                                         ]
[12:13:42] [Server thread/INFO] [minecraft/GameTestServer]: [+++++++++++++++++++++++++++++++++++++++++++++++++++++++++++++++++++++++++++++++++++++++++++_                                                                        ]
[12:13:42] [Server thread/INFO] [minecraft/GameTestServer]: [+++++++++++++++++++++++++++++++++++++++++++++++++++++++++++++++++++++++++++++++++++++++++++_                                                                        ]
[12:13:42] [Server thread/INFO] [minecraft/GameTestServer]: [+++++++++++++++++++++++++++++++++++++++++++++++++++++++++++++++++++++++++++++++++++++++++++_                                                                        ]
[12:13:42] [Server thread/INFO] [minecraft/GameTestServer]: [+++++++++++++++++++++++++++++++++++++++++++++++++++++++++++++++++++++++++++++++++++++++++++_                                                                        ]
[12:13:42] [Server thread/INFO] [minecraft/GameTestRunner]: Running test batch 'apparatus_imbuement_rejection:0' (1 tests)...
[12:13:42] [Server thread/INFO] [minecraft/GameTestServer]: [++++++++++++++++++++++++++++++++++++++++++++++++++++++++++++++++++++++++++++++++++++++++++++                                                                        ]
[12:13:42] [Server thread/INFO] [minecraft/GameTestRunner]: Running test batch 'attunement_cancel:0' (1 tests)...
[12:13:42] [Server thread/INFO] [minecraft/GameTestServer]: [+++++++++++++++++++++++++++++++++++++++++++++++++++++++++++++++++++++++++++++++++++++++++++++                                                                       ]
[12:13:42] [Server thread/INFO] [minecraft/GameTestServer]: [+++++++++++++++++++++++++++++++++++++++++++++++++++++++++++++++++++++++++++++++++++++++++++++_                                                                      ]
[12:13:42] [Server thread/INFO] [minecraft/GameTestServer]: [+++++++++++++++++++++++++++++++++++++++++++++++++++++++++++++++++++++++++++++++++++++++++++++_                                                                      ]
[12:13:42] [Server thread/INFO] [minecraft/GameTestServer]: [+++++++++++++++++++++++++++++++++++++++++++++++++++++++++++++++++++++++++++++++++++++++++++++_                                                                      ]
[12:13:42] [Server thread/INFO] [minecraft/GameTestServer]: [+++++++++++++++++++++++++++++++++++++++++++++++++++++++++++++++++++++++++++++++++++++++++++++_                                                                      ]
[12:13:42] [Server thread/INFO] [minecraft/GameTestRunner]: Running test batch 'leyline_ambiguous:0' (1 tests)...
[12:13:42] [Server thread/INFO] [minecraft/GameTestServer]: [++++++++++++++++++++++++++++++++++++++++++++++++++++++++++++++++++++++++++++++++++++++++++++++                                                                      ]
[12:13:42] [Server thread/INFO] [minecraft/GameTestServer]: [++++++++++++++++++++++++++++++++++++++++++++++++++++++++++++++++++++++++++++++++++++++++++++++                                                                      ]
[12:13:42] [Server thread/INFO] [minecraft/GameTestServer]: [++++++++++++++++++++++++++++++++++++++++++++++++++++++++++++++++++++++++++++++++++++++++++++++                                                                      ]
[12:13:42] [Server thread/INFO] [minecraft/GameTestServer]: [++++++++++++++++++++++++++++++++++++++++++++++++++++++++++++++++++++++++++++++++++++++++++++++                                                                      ]
[12:13:42] [Server thread/INFO] [minecraft/GameTestServer]: [++++++++++++++++++++++++++++++++++++++++++++++++++++++++++++++++++++++++++++++++++++++++++++++                                                                      ]
[12:13:42] [Server thread/INFO] [minecraft/GameTestServer]: [++++++++++++++++++++++++++++++++++++++++++++++++++++++++++++++++++++++++++++++++++++++++++++++                                                                      ]
[12:13:42] [Server thread/INFO] [minecraft/GameTestRunner]: Running test batch 'standing_stone_cancel:0' (1 tests)...
[12:13:42] [Server thread/INFO] [minecraft/GameTestServer]: [+++++++++++++++++++++++++++++++++++++++++++++++++++++++++++++++++++++++++++++++++++++++++++++++                                                                     ]
[12:13:42] [Server thread/INFO] [minecraft/GameTestServer]: [+++++++++++++++++++++++++++++++++++++++++++++++++++++++++++++++++++++++++++++++++++++++++++++++                                                                     ]
[12:13:42] [Server thread/INFO] [minecraft/GameTestServer]: [+++++++++++++++++++++++++++++++++++++++++++++++++++++++++++++++++++++++++++++++++++++++++++++++_                                                                    ]
[12:13:42] [Server thread/INFO] [minecraft/GameTestServer]: [+++++++++++++++++++++++++++++++++++++++++++++++++++++++++++++++++++++++++++++++++++++++++++++++_                                                                    ]
[12:13:42] [Server thread/INFO] [minecraft/GameTestServer]: [+++++++++++++++++++++++++++++++++++++++++++++++++++++++++++++++++++++++++++++++++++++++++++++++_                                                                    ]
[12:13:42] [Server thread/INFO] [minecraft/GameTestRunner]: Running test batch 'scroll_reservation:0' (1 tests)...
[12:13:43] [Server thread/INFO] [minecraft/GameTestServer]: [++++++++++++++++++++++++++++++++++++++++++++++++++++++++++++++++++++++++++++++++++++++++++++++++                                                                    ]
[12:13:43] [Server thread/INFO] [minecraft/GameTestServer]: [++++++++++++++++++++++++++++++++++++++++++++++++++++++++++++++++++++++++++++++++++++++++++++++++                                                                    ]
[12:13:43] [Server thread/INFO] [minecraft/GameTestServer]: [++++++++++++++++++++++++++++++++++++++++++++++++++++++++++++++++++++++++++++++++++++++++++++++++_                                                                   ]
[12:13:43] [Server thread/INFO] [minecraft/GameTestServer]: [++++++++++++++++++++++++++++++++++++++++++++++++++++++++++++++++++++++++++++++++++++++++++++++++_                                                                   ]
[12:13:43] [Server thread/INFO] [minecraft/GameTestServer]: [++++++++++++++++++++++++++++++++++++++++++++++++++++++++++++++++++++++++++++++++++++++++++++++++_                                                                   ]
[12:13:43] [Server thread/INFO] [minecraft/GameTestRunner]: Running test batch 'shaping_reflect:0' (1 tests)...
[12:13:43] [Server thread/INFO] [minecraft/GameTestServer]: [+++++++++++++++++++++++++++++++++++++++++++++++++++++++++++++++++++++++++++++++++++++++++++++++++                                                                   ]
[12:13:43] [Server thread/INFO] [minecraft/GameTestServer]: [+++++++++++++++++++++++++++++++++++++++++++++++++++++++++++++++++++++++++++++++++++++++++++++++++                                                                   ]
[12:13:43] [Server thread/INFO] [minecraft/GameTestServer]: [+++++++++++++++++++++++++++++++++++++++++++++++++++++++++++++++++++++++++++++++++++++++++++++++++_                                                                  ]
[12:13:43] [Server thread/INFO] [minecraft/GameTestServer]: [+++++++++++++++++++++++++++++++++++++++++++++++++++++++++++++++++++++++++++++++++++++++++++++++++_                                                                  ]
[12:13:43] [Server thread/INFO] [minecraft/GameTestServer]: [+++++++++++++++++++++++++++++++++++++++++++++++++++++++++++++++++++++++++++++++++++++++++++++++++_                                                                  ]
[12:13:43] [Server thread/INFO] [minecraft/GameTestServer]: [+++++++++++++++++++++++++++++++++++++++++++++++++++++++++++++++++++++++++++++++++++++++++++++++++_                                                                  ]
[12:13:43] [Server thread/INFO] [minecraft/GameTestRunner]: Running test batch 'ritual_discovery:0' (1 tests)...
[12:13:43] [Server thread/INFO] [minecraft/GameTestServer]: [++++++++++++++++++++++++++++++++++++++++++++++++++++++++++++++++++++++++++++++++++++++++++++++++++                                                                  ]
[12:13:43] [Server thread/INFO] [minecraft/GameTestServer]: [++++++++++++++++++++++++++++++++++++++++++++++++++++++++++++++++++++++++++++++++++++++++++++++++++_                                                                 ]
[12:13:43] [Server thread/INFO] [minecraft/GameTestServer]: [++++++++++++++++++++++++++++++++++++++++++++++++++++++++++++++++++++++++++++++++++++++++++++++++++_                                                                 ]
[12:13:43] [Server thread/INFO] [minecraft/GameTestServer]: [++++++++++++++++++++++++++++++++++++++++++++++++++++++++++++++++++++++++++++++++++++++++++++++++++_                                                                 ]
[12:13:43] [Server thread/INFO] [minecraft/GameTestServer]: [++++++++++++++++++++++++++++++++++++++++++++++++++++++++++++++++++++++++++++++++++++++++++++++++++_                                                                 ]
[12:13:43] [Server thread/INFO] [minecraft/GameTestRunner]: Running test batch 'pathfinder_typed_magic:0' (1 tests)...
[12:13:43] [Server thread/INFO] [minecraft/GameTestServer]: [+++++++++++++++++++++++++++++++++++++++++++++++++++++++++++++++++++++++++++++++++++++++++++++++++++                                                                 ]
[12:13:43] [Server thread/INFO] [minecraft/GameTestServer]: [+++++++++++++++++++++++++++++++++++++++++++++++++++++++++++++++++++++++++++++++++++++++++++++++++++                                                                 ]
[12:13:43] [Server thread/INFO] [minecraft/GameTestRunner]: Running test batch 'leyline_layer_limits:0' (1 tests)...
[12:13:43] [Server thread/INFO] [minecraft/GameTestServer]: [++++++++++++++++++++++++++++++++++++++++++++++++++++++++++++++++++++++++++++++++++++++++++++++++++++                                                                ]
[12:13:43] [Server thread/INFO] [minecraft/GameTestServer]: [++++++++++++++++++++++++++++++++++++++++++++++++++++++++++++++++++++++++++++++++++++++++++++++++++++                                                                ]
[12:13:43] [Server thread/INFO] [minecraft/GameTestServer]: [++++++++++++++++++++++++++++++++++++++++++++++++++++++++++++++++++++++++++++++++++++++++++++++++++++                                                                ]
[12:13:43] [Server thread/INFO] [minecraft/GameTestServer]: [++++++++++++++++++++++++++++++++++++++++++++++++++++++++++++++++++++++++++++++++++++++++++++++++++++                                                                ]
[12:13:43] [Server thread/INFO] [minecraft/GameTestServer]: [++++++++++++++++++++++++++++++++++++++++++++++++++++++++++++++++++++++++++++++++++++++++++++++++++++                                                                ]
[12:13:43] [Server thread/INFO] [minecraft/GameTestRunner]: Running test batch 'pathfinder_push:0' (1 tests)...
[12:13:43] [Server thread/INFO] [minecraft/GameTestServer]: [+++++++++++++++++++++++++++++++++++++++++++++++++++++++++++++++++++++++++++++++++++++++++++++++++++++                                                               ]
[12:13:43] [Server thread/INFO] [minecraft/GameTestServer]: [+++++++++++++++++++++++++++++++++++++++++++++++++++++++++++++++++++++++++++++++++++++++++++++++++++++_                                                              ]
[12:13:43] [Server thread/INFO] [minecraft/GameTestRunner]: Running test batch 'utility_shape:0' (1 tests)...
[12:13:43] [Server thread/INFO] [minecraft/GameTestServer]: [++++++++++++++++++++++++++++++++++++++++++++++++++++++++++++++++++++++++++++++++++++++++++++++++++++++                                                              ]
[12:13:43] [Server thread/INFO] [minecraft/GameTestRunner]: Running test batch 'formation_tree:0' (1 tests)...
[12:13:43] [Server thread/INFO] [minecraft/GameTestServer]: [+++++++++++++++++++++++++++++++++++++++++++++++++++++++++++++++++++++++++++++++++++++++++++++++++++++++                                                             ]
[12:13:43] [Server thread/INFO] [minecraft/GameTestServer]: [+++++++++++++++++++++++++++++++++++++++++++++++++++++++++++++++++++++++++++++++++++++++++++++++++++++++                                                             ]
[12:13:43] [Server thread/INFO] [minecraft/GameTestServer]: [+++++++++++++++++++++++++++++++++++++++++++++++++++++++++++++++++++++++++++++++++++++++++++++++++++++++_                                                            ]
[12:13:43] [Server thread/INFO] [minecraft/GameTestServer]: [+++++++++++++++++++++++++++++++++++++++++++++++++++++++++++++++++++++++++++++++++++++++++++++++++++++++_                                                            ]
[12:13:43] [Server thread/INFO] [minecraft/GameTestServer]: [+++++++++++++++++++++++++++++++++++++++++++++++++++++++++++++++++++++++++++++++++++++++++++++++++++++++_                                                            ]
[12:13:43] [Server thread/INFO] [minecraft/GameTestServer]: [+++++++++++++++++++++++++++++++++++++++++++++++++++++++++++++++++++++++++++++++++++++++++++++++++++++++_                                                            ]
[12:13:43] [Server thread/INFO] [minecraft/GameTestServer]: [+++++++++++++++++++++++++++++++++++++++++++++++++++++++++++++++++++++++++++++++++++++++++++++++++++++++_                                                            ]
[12:13:43] [Server thread/INFO] [minecraft/GameTestServer]: [+++++++++++++++++++++++++++++++++++++++++++++++++++++++++++++++++++++++++++++++++++++++++++++++++++++++_                                                            ]
[12:13:43] [Server thread/INFO] [minecraft/GameTestServer]: [+++++++++++++++++++++++++++++++++++++++++++++++++++++++++++++++++++++++++++++++++++++++++++++++++++++++_                                                            ]
[12:13:43] [Server thread/INFO] [minecraft/GameTestServer]: [+++++++++++++++++++++++++++++++++++++++++++++++++++++++++++++++++++++++++++++++++++++++++++++++++++++++_                                                            ]
[12:13:43] [Server thread/INFO] [minecraft/GameTestServer]: [+++++++++++++++++++++++++++++++++++++++++++++++++++++++++++++++++++++++++++++++++++++++++++++++++++++++_                                                            ]
[12:13:43] [Server thread/INFO] [minecraft/GameTestServer]: [+++++++++++++++++++++++++++++++++++++++++++++++++++++++++++++++++++++++++++++++++++++++++++++++++++++++_                                                            ]
[12:13:43] [Server thread/INFO] [minecraft/GameTestServer]: [+++++++++++++++++++++++++++++++++++++++++++++++++++++++++++++++++++++++++++++++++++++++++++++++++++++++_                                                            ]
[12:13:44] [Server thread/INFO] [minecraft/GameTestRunner]: Running test batch 'fields:0' (1 tests)...
[12:13:44] [Server thread/INFO] [minecraft/GameTestServer]: [++++++++++++++++++++++++++++++++++++++++++++++++++++++++++++++++++++++++++++++++++++++++++++++++++++++++                                                            ]
[12:13:44] [Server thread/INFO] [minecraft/GameTestServer]: [++++++++++++++++++++++++++++++++++++++++++++++++++++++++++++++++++++++++++++++++++++++++++++++++++++++++                                                            ]
[12:13:44] [Server thread/INFO] [minecraft/GameTestServer]: [++++++++++++++++++++++++++++++++++++++++++++++++++++++++++++++++++++++++++++++++++++++++++++++++++++++++_                                                           ]
[12:13:44] [Server thread/INFO] [minecraft/GameTestServer]: [++++++++++++++++++++++++++++++++++++++++++++++++++++++++++++++++++++++++++++++++++++++++++++++++++++++++_                                                           ]
[12:13:44] [Server thread/INFO] [minecraft/GameTestServer]: [++++++++++++++++++++++++++++++++++++++++++++++++++++++++++++++++++++++++++++++++++++++++++++++++++++++++_                                                           ]
[12:13:44] [Server thread/INFO] [minecraft/GameTestServer]: [++++++++++++++++++++++++++++++++++++++++++++++++++++++++++++++++++++++++++++++++++++++++++++++++++++++++_                                                           ]
[12:13:44] [Server thread/INFO] [minecraft/GameTestServer]: [++++++++++++++++++++++++++++++++++++++++++++++++++++++++++++++++++++++++++++++++++++++++++++++++++++++++_                                                           ]
[12:13:44] [Server thread/INFO] [minecraft/GameTestServer]: [++++++++++++++++++++++++++++++++++++++++++++++++++++++++++++++++++++++++++++++++++++++++++++++++++++++++_                                                           ]
[12:13:44] [Server thread/INFO] [minecraft/Villager]: Villager Villager['Villager'/580, l='ServerLevel[Test Level]', x=7844423.50, y=-59.00, z=515104.50] died, message: 'Villager was killed by Villager using magic'
[12:13:44] [Server thread/INFO] [minecraft/GameTestServer]: [++++++++++++++++++++++++++++++++++++++++++++++++++++++++++++++++++++++++++++++++++++++++++++++++++++++++_                                                           ]
[12:13:44] [Server thread/INFO] [minecraft/GameTestRunner]: Running test batch 'scroll_dismantling:0' (1 tests)...
[12:13:44] [Server thread/INFO] [minecraft/GameTestServer]: [+++++++++++++++++++++++++++++++++++++++++++++++++++++++++++++++++++++++++++++++++++++++++++++++++++++++++                                                           ]
[12:13:44] [Server thread/INFO] [minecraft/GameTestServer]: [+++++++++++++++++++++++++++++++++++++++++++++++++++++++++++++++++++++++++++++++++++++++++++++++++++++++++                                                           ]
[12:13:44] [Server thread/INFO] [minecraft/GameTestRunner]: Running test batch 'formation_obstruction:0' (1 tests)...
[12:13:44] [Server thread/INFO] [minecraft/GameTestServer]: [++++++++++++++++++++++++++++++++++++++++++++++++++++++++++++++++++++++++++++++++++++++++++++++++++++++++++                                                          ]
[12:13:44] [Server thread/INFO] [minecraft/GameTestServer]: [++++++++++++++++++++++++++++++++++++++++++++++++++++++++++++++++++++++++++++++++++++++++++++++++++++++++++                                                          ]
[12:13:44] [Server thread/INFO] [minecraft/GameTestRunner]: Running test batch 'standing_stones:0' (10 tests)...
[12:13:44] [Server thread/INFO] [minecraft/GameTestServer]: [+++++++++++++++++++++++++++++++++++++++++++++++++++++++++++++++++++++++++++++++++++++++++++++++++++++++++++                                                         ]
[12:13:44] [Server thread/INFO] [minecraft/GameTestServer]: [+++++++++++++++++++++++++++++++++++++++++++++++++++++++++++++++++++++++++++++++++++++++++++++++++++++++++++                                                         ]
[12:13:44] [Server thread/INFO] [minecraft/PlayerList]: test-mock-player[embedded] logged in with entity id 587 at (5.5, -60.0, 10.5)
[12:13:44] [Server thread/INFO] [minecraft/MinecraftServer]: test-mock-player joined the game
[12:13:44] [Server thread/INFO] [minecraft/GameTestServer]: [+++++++++++++++++++++++++++++++++++++++++++++++++++++++++++++++++++++++++++++++++++++++++++++++++++++++++++++                                                       ]
[12:13:44] [Server thread/INFO] [minecraft/PlayerList]: test-mock-player[embedded] logged in with entity id 589 at (0.5, -60.0, -1.5)
[12:13:44] [Server thread/INFO] [minecraft/MinecraftServer]: test-mock-player joined the game
[12:13:44] [Server thread/INFO] [minecraft/PlayerList]: test-mock-player[embedded] logged in with entity id 593 at (-2.5, -60.0, -6.5)
[12:13:44] [Server thread/INFO] [minecraft/MinecraftServer]: test-mock-player joined the game
[12:13:44] [Server thread/INFO] [minecraft/GameTestServer]: [+++++++++++++++++++++++++++++++++++++++++++++++++++++++++++++++++++++++++++++++++++++++++++++++++++++++++++++++   +++                                               ]
[12:13:44] [Server thread/INFO] [minecraft/PlayerList]: test-mock-player[embedded] logged in with entity id 595 at (-4.5, -60.0, 8.5)
[12:13:44] [Server thread/INFO] [minecraft/MinecraftServer]: test-mock-player joined the game
[12:13:44] [Server thread/INFO] [minecraft/GameTestRunner]: Running test batch 'apparatus_column_sockets:0' (1 tests)...
[12:13:44] [Server thread/INFO] [minecraft/GameTestServer]: [+++++++++++++++++++++++++++++++++++++++++++++++++++++++++++++++++++++++++++++++++++++++++++++++++++++++++++++++++++++                                               ]
[12:13:44] [Server thread/INFO] [minecraft/GameTestRunner]: Running test batch 'spellshaping_colored_concrete:0' (1 tests)...
[12:13:45] [Server thread/INFO] [minecraft/GameTestServer]: [++++++++++++++++++++++++++++++++++++++++++++++++++++++++++++++++++++++++++++++++++++++++++++++++++++++++++++++++++++++                                              ]
[12:13:45] [Server thread/INFO] [minecraft/GameTestServer]: [++++++++++++++++++++++++++++++++++++++++++++++++++++++++++++++++++++++++++++++++++++++++++++++++++++++++++++++++++++++_                                             ]
[12:13:45] [Server thread/INFO] [minecraft/GameTestServer]: [++++++++++++++++++++++++++++++++++++++++++++++++++++++++++++++++++++++++++++++++++++++++++++++++++++++++++++++++++++++_                                             ]
[12:13:45] [Server thread/INFO] [minecraft/GameTestServer]: [++++++++++++++++++++++++++++++++++++++++++++++++++++++++++++++++++++++++++++++++++++++++++++++++++++++++++++++++++++++_                                             ]
[12:13:45] [Server thread/INFO] [minecraft/GameTestServer]: [++++++++++++++++++++++++++++++++++++++++++++++++++++++++++++++++++++++++++++++++++++++++++++++++++++++++++++++++++++++_                                             ]
[12:13:45] [Server thread/INFO] [minecraft/GameTestRunner]: Running test batch 'pathfinder_life:0' (1 tests)...
[12:13:45] [Server thread/INFO] [minecraft/GameTestServer]: [+++++++++++++++++++++++++++++++++++++++++++++++++++++++++++++++++++++++++++++++++++++++++++++++++++++++++++++++++++++++                                             ]
[12:13:45] [Server thread/INFO] [minecraft/GameTestServer]: [+++++++++++++++++++++++++++++++++++++++++++++++++++++++++++++++++++++++++++++++++++++++++++++++++++++++++++++++++++++++_                                            ]
[12:13:45] [Server thread/INFO] [minecraft/GameTestServer]: [+++++++++++++++++++++++++++++++++++++++++++++++++++++++++++++++++++++++++++++++++++++++++++++++++++++++++++++++++++++++_                                            ]
[12:13:45] [Server thread/INFO] [minecraft/GameTestServer]: [+++++++++++++++++++++++++++++++++++++++++++++++++++++++++++++++++++++++++++++++++++++++++++++++++++++++++++++++++++++++_                                            ]
[12:13:45] [Server thread/INFO] [minecraft/GameTestServer]: [+++++++++++++++++++++++++++++++++++++++++++++++++++++++++++++++++++++++++++++++++++++++++++++++++++++++++++++++++++++++_                                            ]
[12:13:45] [Server thread/INFO] [minecraft/GameTestServer]: [+++++++++++++++++++++++++++++++++++++++++++++++++++++++++++++++++++++++++++++++++++++++++++++++++++++++++++++++++++++++_                                            ]
[12:13:45] [Server thread/INFO] [minecraft/GameTestServer]: [+++++++++++++++++++++++++++++++++++++++++++++++++++++++++++++++++++++++++++++++++++++++++++++++++++++++++++++++++++++++_                                            ]
[12:13:45] [Server thread/INFO] [minecraft/GameTestServer]: [+++++++++++++++++++++++++++++++++++++++++++++++++++++++++++++++++++++++++++++++++++++++++++++++++++++++++++++++++++++++_                                            ]
[12:13:45] [Server thread/INFO] [minecraft/GameTestRunner]: Running test batch 'apparatus_underwater_ritual:0' (1 tests)...
[12:13:45] [Server thread/INFO] [minecraft/GameTestServer]: [++++++++++++++++++++++++++++++++++++++++++++++++++++++++++++++++++++++++++++++++++++++++++++++++++++++++++++++++++++++++                                            ]
[12:13:45] [Server thread/INFO] [minecraft/GameTestServer]: [++++++++++++++++++++++++++++++++++++++++++++++++++++++++++++++++++++++++++++++++++++++++++++++++++++++++++++++++++++++++                                            ]
[12:13:45] [Server thread/INFO] [minecraft/GameTestServer]: [++++++++++++++++++++++++++++++++++++++++++++++++++++++++++++++++++++++++++++++++++++++++++++++++++++++++++++++++++++++++                                            ]
[12:13:45] [Server thread/INFO] [minecraft/GameTestServer]: [++++++++++++++++++++++++++++++++++++++++++++++++++++++++++++++++++++++++++++++++++++++++++++++++++++++++++++++++++++++++_                                           ]
[12:13:45] [Server thread/INFO] [minecraft/GameTestServer]: [++++++++++++++++++++++++++++++++++++++++++++++++++++++++++++++++++++++++++++++++++++++++++++++++++++++++++++++++++++++++_                                           ]
[12:13:45] [Server thread/INFO] [minecraft/GameTestServer]: [++++++++++++++++++++++++++++++++++++++++++++++++++++++++++++++++++++++++++++++++++++++++++++++++++++++++++++++++++++++++_                                           ]
[12:13:45] [Server thread/INFO] [minecraft/GameTestRunner]: Running test batch 'formation_images:0' (1 tests)...
[12:13:45] [Server thread/INFO] [minecraft/GameTestServer]: [+++++++++++++++++++++++++++++++++++++++++++++++++++++++++++++++++++++++++++++++++++++++++++++++++++++++++++++++++++++++++                                           ]
[12:13:45] [Server thread/INFO] [minecraft/GameTestRunner]: Running test batch 'ice_rise:0' (1 tests)...
[12:13:45] [Server thread/INFO] [minecraft/GameTestServer]: [++++++++++++++++++++++++++++++++++++++++++++++++++++++++++++++++++++++++++++++++++++++++++++++++++++++++++++++++++++++++++                                          ]
[12:13:45] [Server thread/INFO] [minecraft/GameTestServer]: [++++++++++++++++++++++++++++++++++++++++++++++++++++++++++++++++++++++++++++++++++++++++++++++++++++++++++++++++++++++++++_                                         ]
[12:13:45] [Server thread/INFO] [minecraft/GameTestServer]: [++++++++++++++++++++++++++++++++++++++++++++++++++++++++++++++++++++++++++++++++++++++++++++++++++++++++++++++++++++++++++_                                         ]
[12:13:45] [Server thread/INFO] [minecraft/GameTestServer]: [++++++++++++++++++++++++++++++++++++++++++++++++++++++++++++++++++++++++++++++++++++++++++++++++++++++++++++++++++++++++++_                                         ]
[12:13:45] [Server thread/INFO] [minecraft/GameTestServer]: [++++++++++++++++++++++++++++++++++++++++++++++++++++++++++++++++++++++++++++++++++++++++++++++++++++++++++++++++++++++++++_                                         ]
[12:13:45] [Server thread/INFO] [minecraft/GameTestServer]: [++++++++++++++++++++++++++++++++++++++++++++++++++++++++++++++++++++++++++++++++++++++++++++++++++++++++++++++++++++++++++_                                         ]
[12:13:45] [Server thread/INFO] [minecraft/GameTestServer]: [++++++++++++++++++++++++++++++++++++++++++++++++++++++++++++++++++++++++++++++++++++++++++++++++++++++++++++++++++++++++++_                                         ]
[12:13:45] [Server thread/INFO] [minecraft/GameTestServer]: [++++++++++++++++++++++++++++++++++++++++++++++++++++++++++++++++++++++++++++++++++++++++++++++++++++++++++++++++++++++++++_                                         ]
[12:13:45] [Server thread/INFO] [minecraft/GameTestServer]: [++++++++++++++++++++++++++++++++++++++++++++++++++++++++++++++++++++++++++++++++++++++++++++++++++++++++++++++++++++++++++_                                         ]
[12:13:45] [Server thread/INFO] [minecraft/GameTestServer]: [++++++++++++++++++++++++++++++++++++++++++++++++++++++++++++++++++++++++++++++++++++++++++++++++++++++++++++++++++++++++++_                                         ]
[12:13:45] [Server thread/INFO] [minecraft/GameTestServer]: [++++++++++++++++++++++++++++++++++++++++++++++++++++++++++++++++++++++++++++++++++++++++++++++++++++++++++++++++++++++++++_                                         ]
[12:13:45] [Server thread/INFO] [minecraft/GameTestServer]: [++++++++++++++++++++++++++++++++++++++++++++++++++++++++++++++++++++++++++++++++++++++++++++++++++++++++++++++++++++++++++_                                         ]
[12:13:45] [Server thread/INFO] [minecraft/GameTestServer]: [++++++++++++++++++++++++++++++++++++++++++++++++++++++++++++++++++++++++++++++++++++++++++++++++++++++++++++++++++++++++++_                                         ]
[12:13:45] [Server thread/INFO] [minecraft/GameTestRunner]: Running test batch 'ritual_advanced:0' (1 tests)...
[12:13:45] [Server thread/INFO] [minecraft/GameTestServer]: [+++++++++++++++++++++++++++++++++++++++++++++++++++++++++++++++++++++++++++++++++++++++++++++++++++++++++++++++++++++++++++                                         ]
[12:13:45] [Server thread/INFO] [minecraft/GameTestServer]: [+++++++++++++++++++++++++++++++++++++++++++++++++++++++++++++++++++++++++++++++++++++++++++++++++++++++++++++++++++++++++++                                         ]
[12:13:45] [Server thread/INFO] [minecraft/GameTestServer]: [+++++++++++++++++++++++++++++++++++++++++++++++++++++++++++++++++++++++++++++++++++++++++++++++++++++++++++++++++++++++++++_                                        ]
[12:13:45] [Server thread/INFO] [minecraft/GameTestServer]: [+++++++++++++++++++++++++++++++++++++++++++++++++++++++++++++++++++++++++++++++++++++++++++++++++++++++++++++++++++++++++++_                                        ]
[12:13:45] [Server thread/INFO] [minecraft/GameTestServer]: [+++++++++++++++++++++++++++++++++++++++++++++++++++++++++++++++++++++++++++++++++++++++++++++++++++++++++++++++++++++++++++_                                        ]
[12:13:45] [Server thread/INFO] [minecraft/GameTestServer]: [+++++++++++++++++++++++++++++++++++++++++++++++++++++++++++++++++++++++++++++++++++++++++++++++++++++++++++++++++++++++++++_                                        ]
[12:13:45] [Server thread/INFO] [minecraft/GameTestServer]: [+++++++++++++++++++++++++++++++++++++++++++++++++++++++++++++++++++++++++++++++++++++++++++++++++++++++++++++++++++++++++++_                                        ]
[12:13:45] [Server thread/INFO] [minecraft/GameTestServer]: [+++++++++++++++++++++++++++++++++++++++++++++++++++++++++++++++++++++++++++++++++++++++++++++++++++++++++++++++++++++++++++_                                        ]
[12:13:45] [Server thread/INFO] [minecraft/GameTestRunner]: Running test batch 'balance_healing:0' (2 tests)...
[12:13:45] [Server thread/INFO] [minecraft/GameTestServer]: [++++++++++++++++++++++++++++++++++++++++++++++++++++++++++++++++++++++++++++++++++++++++++++++++++++++++++++++++++++++++++++                                        ]
[12:13:46] [Server thread/INFO] [minecraft/Villager]: Villager Villager['Villager'/680, l='ServerLevel[Test Level]', x=7844467.50, y=-59.00, z=515134.50] died, message: 'Villager was killed by Villager using magic'
[12:13:46] [Server thread/INFO] [minecraft/GameTestServer]: [++++++++++++++++++++++++++++++++++++++++++++++++++++++++++++++++++++++++++++++++++++++++++++++++++++++++++++++++++++++++++++__                                      ]
[12:13:46] [Server thread/INFO] [minecraft/GameTestServer]: [++++++++++++++++++++++++++++++++++++++++++++++++++++++++++++++++++++++++++++++++++++++++++++++++++++++++++++++++++++++++++++__                                      ]
[12:13:46] [Server thread/INFO] [minecraft/GameTestServer]: [++++++++++++++++++++++++++++++++++++++++++++++++++++++++++++++++++++++++++++++++++++++++++++++++++++++++++++++++++++++++++++__                                      ]
[12:13:46] [Server thread/INFO] [minecraft/GameTestServer]: [++++++++++++++++++++++++++++++++++++++++++++++++++++++++++++++++++++++++++++++++++++++++++++++++++++++++++++++++++++++++++++__                                      ]
[12:13:46] [Server thread/INFO] [minecraft/GameTestServer]: [+++++++++++++++++++++++++++++++++++++++++++++++++++++++++++++++++++++++++++++++++++++++++++++++++++++++++++++++++++++++++++++_                                      ]
[12:13:46] [Server thread/INFO] [minecraft/GameTestServer]: [+++++++++++++++++++++++++++++++++++++++++++++++++++++++++++++++++++++++++++++++++++++++++++++++++++++++++++++++++++++++++++++_                                      ]
[12:13:46] [Server thread/INFO] [minecraft/GameTestServer]: [+++++++++++++++++++++++++++++++++++++++++++++++++++++++++++++++++++++++++++++++++++++++++++++++++++++++++++++++++++++++++++++_                                      ]
[12:13:46] [Server thread/INFO] [minecraft/GameTestServer]: [+++++++++++++++++++++++++++++++++++++++++++++++++++++++++++++++++++++++++++++++++++++++++++++++++++++++++++++++++++++++++++++_                                      ]
[12:13:46] [Server thread/INFO] [minecraft/GameTestRunner]: Running test batch 'utility_guards:0' (1 tests)...
[12:13:46] [Server thread/INFO] [minecraft/GameTestServer]: [++++++++++++++++++++++++++++++++++++++++++++++++++++++++++++++++++++++++++++++++++++++++++++++++++++++++++++++++++++++++++++++                                      ]
[12:13:46] [Server thread/INFO] [minecraft/GameTestRunner]: Running test batch 'backing:0' (1 tests)...
[12:13:46] [Server thread/INFO] [minecraft/GameTestServer]: [+++++++++++++++++++++++++++++++++++++++++++++++++++++++++++++++++++++++++++++++++++++++++++++++++++++++++++++++++++++++++++++++                                     ]
[12:13:46] [Server thread/INFO] [minecraft/GameTestServer]: [+++++++++++++++++++++++++++++++++++++++++++++++++++++++++++++++++++++++++++++++++++++++++++++++++++++++++++++++++++++++++++++++_                                    ]
[12:13:46] [Server thread/INFO] [minecraft/GameTestServer]: [+++++++++++++++++++++++++++++++++++++++++++++++++++++++++++++++++++++++++++++++++++++++++++++++++++++++++++++++++++++++++++++++_                                    ]
[12:13:46] [Server thread/INFO] [minecraft/GameTestServer]: [+++++++++++++++++++++++++++++++++++++++++++++++++++++++++++++++++++++++++++++++++++++++++++++++++++++++++++++++++++++++++++++++_                                    ]
[12:13:46] [Server thread/INFO] [minecraft/GameTestServer]: [+++++++++++++++++++++++++++++++++++++++++++++++++++++++++++++++++++++++++++++++++++++++++++++++++++++++++++++++++++++++++++++++_                                    ]
[12:13:46] [Server thread/INFO] [minecraft/GameTestServer]: [+++++++++++++++++++++++++++++++++++++++++++++++++++++++++++++++++++++++++++++++++++++++++++++++++++++++++++++++++++++++++++++++_                                    ]
[12:13:46] [Server thread/INFO] [minecraft/GameTestRunner]: Running test batch 'formation_orphans:0' (1 tests)...
[12:13:46] [Server thread/INFO] [minecraft/GameTestServer]: [++++++++++++++++++++++++++++++++++++++++++++++++++++++++++++++++++++++++++++++++++++++++++++++++++++++++++++++++++++++++++++++++                                    ]
[12:13:46] [Server thread/INFO] [minecraft/GameTestServer]: [++++++++++++++++++++++++++++++++++++++++++++++++++++++++++++++++++++++++++++++++++++++++++++++++++++++++++++++++++++++++++++++++_                                   ]
[12:13:46] [Server thread/INFO] [minecraft/GameTestRunner]: Running test batch 'leyline_shapes:0' (1 tests)...
[12:13:46] [Server thread/INFO] [minecraft/GameTestServer]: [+++++++++++++++++++++++++++++++++++++++++++++++++++++++++++++++++++++++++++++++++++++++++++++++++++++++++++++++++++++++++++++++++                                   ]
[12:13:46] [Server thread/INFO] [minecraft/GameTestServer]: [+++++++++++++++++++++++++++++++++++++++++++++++++++++++++++++++++++++++++++++++++++++++++++++++++++++++++++++++++++++++++++++++++                                   ]
[12:13:46] [Server thread/INFO] [minecraft/GameTestServer]: [+++++++++++++++++++++++++++++++++++++++++++++++++++++++++++++++++++++++++++++++++++++++++++++++++++++++++++++++++++++++++++++++++                                   ]
[12:13:46] [Server thread/INFO] [minecraft/GameTestRunner]: Running test batch 'utility_pet:0' (1 tests)...
[12:13:46] [Server thread/INFO] [minecraft/GameTestServer]: [++++++++++++++++++++++++++++++++++++++++++++++++++++++++++++++++++++++++++++++++++++++++++++++++++++++++++++++++++++++++++++++++++                                  ]
[12:13:46] [Server thread/INFO] [minecraft/GameTestRunner]: Running test batch 'utility_movement:0' (1 tests)...
[12:13:46] [Server thread/INFO] [minecraft/GameTestServer]: [+++++++++++++++++++++++++++++++++++++++++++++++++++++++++++++++++++++++++++++++++++++++++++++++++++++++++++++++++++++++++++++++++++                                 ]
[12:13:46] [Server thread/INFO] [minecraft/GameTestRunner]: Running test batch 'utility_air:0' (1 tests)...
[12:13:46] [Server thread/INFO] [minecraft/GameTestServer]: [++++++++++++++++++++++++++++++++++++++++++++++++++++++++++++++++++++++++++++++++++++++++++++++++++++++++++++++++++++++++++++++++++++                                ]
[12:13:46] [Server thread/INFO] [minecraft/GameTestRunner]: Running test batch 'defaultBatch:0' (13 tests)...
[12:13:46] [Server thread/INFO] [minecraft/GameTestServer]: [+++++++++++++++++++++++++++++++++++++++++++++++++++++++++++++++++++++++++++++++++++++++++++++++++++++++++++++++++++++++++++++++++++++                               ]
[12:13:46] [Server thread/INFO] [minecraft/GameTestServer]: [+++++++++++++++++++++++++++++++++++++++++++++++++++++++++++++++++++++++++++++++++++++++++++++++++++++++++++++++++++++++++++++++++++++                               ]
[12:13:46] [Server thread/INFO] [minecraft/GameTestServer]: [+++++++++++++++++++++++++++++++++++++++++++++++++++++++++++++++++++++++++++++++++++++++++++++++++++++++++++++++++++++++++++++++++++++                               ]
[12:13:46] [Server thread/INFO] [minecraft/GameTestServer]: [+++++++++++++++++++++++++++++++++++++++++++++++++++++++++++++++++++++++++++++++++++++++++++++++++++++++++++++++++++++++++++++++++++++                               ]
[12:13:46] [Server thread/INFO] [minecraft/GameTestServer]: [+++++++++++++++++++++++++++++++++++++++++++++++++++++++++++++++++++++++++++++++++++++++++++++++++++++++++++++++++++++++++++++++++++++                               ]
[12:13:46] [Server thread/INFO] [minecraft/GameTestServer]: [+++++++++++++++++++++++++++++++++++++++++++++++++++++++++++++++++++++++++++++++++++++++++++++++++++++++++++++++++++++++++++++++++++++++_                            ]
[12:13:46] [Server thread/INFO] [minecraft/GameTestServer]: [+++++++++++++++++++++++++++++++++++++++++++++++++++++++++++++++++++++++++++++++++++++++++++++++++++++++++++++++++++++++++++++++++++++++__+_+_   __                  ]
[12:13:46] [Server thread/INFO] [minecraft/GameTestServer]: [+++++++++++++++++++++++++++++++++++++++++++++++++++++++++++++++++++++++++++++++++++++++++++++++++++++++++++++++++++++++++++++++++++++++__+_+__+_+_                  ]
[12:13:46] [Server thread/INFO] [minecraft/GameTestServer]: [+++++++++++++++++++++++++++++++++++++++++++++++++++++++++++++++++++++++++++++++++++++++++++++++++++++++++++++++++++++++++++++++++++++++_++++__+_+_                  ]
[12:13:46] [Server thread/INFO] [minecraft/GameTestServer]: [+++++++++++++++++++++++++++++++++++++++++++++++++++++++++++++++++++++++++++++++++++++++++++++++++++++++++++++++++++++++++++++++++++++++_+++++_+_++                  ]
[12:13:46] [Server thread/INFO] [minecraft/GameTestServer]: [+++++++++++++++++++++++++++++++++++++++++++++++++++++++++++++++++++++++++++++++++++++++++++++++++++++++++++++++++++++++++++++++++++++++_+++++_++++                  ]
[12:13:46] [Server thread/INFO] [minecraft/GameTestServer]: [+++++++++++++++++++++++++++++++++++++++++++++++++++++++++++++++++++++++++++++++++++++++++++++++++++++++++++++++++++++++++++++++++++++++_++++++++++                  ]
[12:13:46] [Server thread/INFO] [minecraft/GameTestServer]: [+++++++++++++++++++++++++++++++++++++++++++++++++++++++++++++++++++++++++++++++++++++++++++++++++++++++++++++++++++++++++++++++++++++++_++++++++++                  ]
[12:13:46] [Server thread/INFO] [minecraft/GameTestServer]: [+++++++++++++++++++++++++++++++++++++++++++++++++++++++++++++++++++++++++++++++++++++++++++++++++++++++++++++++++++++++++++++++++++++++_++++++++++                  ]
[12:13:46] [Server thread/INFO] [minecraft/GameTestServer]: [+++++++++++++++++++++++++++++++++++++++++++++++++++++++++++++++++++++++++++++++++++++++++++++++++++++++++++++++++++++++++++++++++++++++_++++++++++                  ]
[12:13:46] [Server thread/INFO] [minecraft/GameTestServer]: [+++++++++++++++++++++++++++++++++++++++++++++++++++++++++++++++++++++++++++++++++++++++++++++++++++++++++++++++++++++++++++++++++++++++_++++++++++                  ]
[12:13:46] [Server thread/INFO] [minecraft/GameTestRunner]: Running test batch 'apparatus_placement:0' (1 tests)...
[12:13:46] [Server thread/INFO] [minecraft/GameTestServer]: [++++++++++++++++++++++++++++++++++++++++++++++++++++++++++++++++++++++++++++++++++++++++++++++++++++++++++++++++++++++++++++++++++++++++++++++++++                  ]
[12:13:46] [Server thread/INFO] [minecraft/GameTestRunner]: Running test batch 'formation_unload:0' (1 tests)...
[12:13:46] [Server thread/INFO] [minecraft/GameTestServer]: [+++++++++++++++++++++++++++++++++++++++++++++++++++++++++++++++++++++++++++++++++++++++++++++++++++++++++++++++++++++++++++++++++++++++++++++++++++                 ]
[12:13:46] [Server thread/INFO] [minecraft/GameTestServer]: [+++++++++++++++++++++++++++++++++++++++++++++++++++++++++++++++++++++++++++++++++++++++++++++++++++++++++++++++++++++++++++++++++++++++++++++++++++_                ]
[12:13:46] [Server thread/INFO] [minecraft/GameTestServer]: [+++++++++++++++++++++++++++++++++++++++++++++++++++++++++++++++++++++++++++++++++++++++++++++++++++++++++++++++++++++++++++++++++++++++++++++++++++_                ]
[12:13:46] [Server thread/INFO] [minecraft/GameTestServer]: [+++++++++++++++++++++++++++++++++++++++++++++++++++++++++++++++++++++++++++++++++++++++++++++++++++++++++++++++++++++++++++++++++++++++++++++++++++_                ]
[12:13:46] [Server thread/INFO] [minecraft/GameTestServer]: [+++++++++++++++++++++++++++++++++++++++++++++++++++++++++++++++++++++++++++++++++++++++++++++++++++++++++++++++++++++++++++++++++++++++++++++++++++_                ]
[12:13:46] [Server thread/INFO] [minecraft/GameTestRunner]: Running test batch 'scroll_cost:0' (1 tests)...
[12:13:47] [Server thread/INFO] [minecraft/GameTestServer]: [++++++++++++++++++++++++++++++++++++++++++++++++++++++++++++++++++++++++++++++++++++++++++++++++++++++++++++++++++++++++++++++++++++++++++++++++++++                ]
[12:13:47] [Server thread/INFO] [minecraft/GameTestServer]: [++++++++++++++++++++++++++++++++++++++++++++++++++++++++++++++++++++++++++++++++++++++++++++++++++++++++++++++++++++++++++++++++++++++++++++++++++++                ]
[12:13:47] [Server thread/INFO] [minecraft/GameTestServer]: [++++++++++++++++++++++++++++++++++++++++++++++++++++++++++++++++++++++++++++++++++++++++++++++++++++++++++++++++++++++++++++++++++++++++++++++++++++_               ]
[12:13:47] [Server thread/INFO] [minecraft/GameTestServer]: [++++++++++++++++++++++++++++++++++++++++++++++++++++++++++++++++++++++++++++++++++++++++++++++++++++++++++++++++++++++++++++++++++++++++++++++++++++_               ]
[12:13:47] [Server thread/INFO] [minecraft/GameTestServer]: [++++++++++++++++++++++++++++++++++++++++++++++++++++++++++++++++++++++++++++++++++++++++++++++++++++++++++++++++++++++++++++++++++++++++++++++++++++_               ]
[12:13:47] [Server thread/INFO] [minecraft/GameTestRunner]: Running test batch 'ritual_containers:0' (1 tests)...
[12:13:47] [Server thread/INFO] [minecraft/GameTestServer]: [+++++++++++++++++++++++++++++++++++++++++++++++++++++++++++++++++++++++++++++++++++++++++++++++++++++++++++++++++++++++++++++++++++++++++++++++++++++               ]
[12:13:47] [Server thread/INFO] [minecraft/GameTestServer]: [+++++++++++++++++++++++++++++++++++++++++++++++++++++++++++++++++++++++++++++++++++++++++++++++++++++++++++++++++++++++++++++++++++++++++++++++++++++_              ]
[12:13:47] [Server thread/INFO] [minecraft/GameTestServer]: [+++++++++++++++++++++++++++++++++++++++++++++++++++++++++++++++++++++++++++++++++++++++++++++++++++++++++++++++++++++++++++++++++++++++++++++++++++++_              ]
[12:13:47] [Server thread/INFO] [minecraft/GameTestServer]: [+++++++++++++++++++++++++++++++++++++++++++++++++++++++++++++++++++++++++++++++++++++++++++++++++++++++++++++++++++++++++++++++++++++++++++++++++++++_              ]
[12:13:47] [Server thread/INFO] [minecraft/GameTestServer]: [+++++++++++++++++++++++++++++++++++++++++++++++++++++++++++++++++++++++++++++++++++++++++++++++++++++++++++++++++++++++++++++++++++++++++++++++++++++_              ]
[12:13:47] [Server thread/INFO] [minecraft/GameTestRunner]: Running test batch 'ritual_safe:0' (1 tests)...
[12:13:47] [Server thread/INFO] [minecraft/GameTestServer]: [++++++++++++++++++++++++++++++++++++++++++++++++++++++++++++++++++++++++++++++++++++++++++++++++++++++++++++++++++++++++++++++++++++++++++++++++++++++              ]
[12:13:47] [Server thread/INFO] [minecraft/GameTestServer]: [++++++++++++++++++++++++++++++++++++++++++++++++++++++++++++++++++++++++++++++++++++++++++++++++++++++++++++++++++++++++++++++++++++++++++++++++++++++_             ]
[12:13:47] [Server thread/INFO] [minecraft/GameTestRunner]: Running test batch 'formation_water:0' (1 tests)...
[12:13:47] [Server thread/INFO] [minecraft/GameTestServer]: [+++++++++++++++++++++++++++++++++++++++++++++++++++++++++++++++++++++++++++++++++++++++++++++++++++++++++++++++++++++++++++++++++++++++++++++++++++++++             ]
[12:13:47] [Server thread/INFO] [minecraft/GameTestServer]: [+++++++++++++++++++++++++++++++++++++++++++++++++++++++++++++++++++++++++++++++++++++++++++++++++++++++++++++++++++++++++++++++++++++++++++++++++++++++             ]
[12:13:47] [Server thread/INFO] [minecraft/GameTestServer]: [+++++++++++++++++++++++++++++++++++++++++++++++++++++++++++++++++++++++++++++++++++++++++++++++++++++++++++++++++++++++++++++++++++++++++++++++++++++++_            ]
[12:13:47] [Server thread/INFO] [minecraft/GameTestServer]: [+++++++++++++++++++++++++++++++++++++++++++++++++++++++++++++++++++++++++++++++++++++++++++++++++++++++++++++++++++++++++++++++++++++++++++++++++++++++_            ]
[12:13:47] [Server thread/INFO] [minecraft/GameTestServer]: [+++++++++++++++++++++++++++++++++++++++++++++++++++++++++++++++++++++++++++++++++++++++++++++++++++++++++++++++++++++++++++++++++++++++++++++++++++++++_            ]
[12:13:47] [Server thread/DEBUG] [ne.ne.ne.co.CommonHooks/WP]: Gathered mod list to write to world save Test Level
[12:13:47] [Server thread/INFO] [minecraft/GameTestServer]: [+++++++++++++++++++++++++++++++++++++++++++++++++++++++++++++++++++++++++++++++++++++++++++++++++++++++++++++++++++++++++++++++++++++++++++++++++++++++_            ]
[12:13:47] [Server thread/INFO] [minecraft/GameTestServer]: [+++++++++++++++++++++++++++++++++++++++++++++++++++++++++++++++++++++++++++++++++++++++++++++++++++++++++++++++++++++++++++++++++++++++++++++++++++++++_            ]
[12:13:47] [Server thread/INFO] [minecraft/GameTestServer]: [+++++++++++++++++++++++++++++++++++++++++++++++++++++++++++++++++++++++++++++++++++++++++++++++++++++++++++++++++++++++++++++++++++++++++++++++++++++++_            ]
[12:13:47] [Server thread/INFO] [minecraft/GameTestServer]: [+++++++++++++++++++++++++++++++++++++++++++++++++++++++++++++++++++++++++++++++++++++++++++++++++++++++++++++++++++++++++++++++++++++++++++++++++++++++_            ]
[12:13:47] [Server thread/INFO] [minecraft/GameTestServer]: [+++++++++++++++++++++++++++++++++++++++++++++++++++++++++++++++++++++++++++++++++++++++++++++++++++++++++++++++++++++++++++++++++++++++++++++++++++++++_            ]
[12:13:47] [Server thread/INFO] [minecraft/GameTestServer]: [+++++++++++++++++++++++++++++++++++++++++++++++++++++++++++++++++++++++++++++++++++++++++++++++++++++++++++++++++++++++++++++++++++++++++++++++++++++++_            ]
[12:13:47] [Server thread/INFO] [minecraft/GameTestServer]: [+++++++++++++++++++++++++++++++++++++++++++++++++++++++++++++++++++++++++++++++++++++++++++++++++++++++++++++++++++++++++++++++++++++++++++++++++++++++_            ]
[12:13:47] [Server thread/INFO] [minecraft/GameTestServer]: [+++++++++++++++++++++++++++++++++++++++++++++++++++++++++++++++++++++++++++++++++++++++++++++++++++++++++++++++++++++++++++++++++++++++++++++++++++++++_            ]
[12:13:47] [Server thread/INFO] [minecraft/GameTestServer]: [+++++++++++++++++++++++++++++++++++++++++++++++++++++++++++++++++++++++++++++++++++++++++++++++++++++++++++++++++++++++++++++++++++++++++++++++++++++++_            ]
[12:13:47] [Server thread/INFO] [minecraft/GameTestRunner]: Running test batch 'utility_pet_recovery:0' (1 tests)...
[12:13:47] [Server thread/INFO] [minecraft/GameTestServer]: [++++++++++++++++++++++++++++++++++++++++++++++++++++++++++++++++++++++++++++++++++++++++++++++++++++++++++++++++++++++++++++++++++++++++++++++++++++++++            ]
[12:13:47] [Server thread/INFO] [minecraft/GameTestServer]: [++++++++++++++++++++++++++++++++++++++++++++++++++++++++++++++++++++++++++++++++++++++++++++++++++++++++++++++++++++++++++++++++++++++++++++++++++++++++            ]
[12:13:47] [Server thread/INFO] [minecraft/GameTestRunner]: Running test batch 'expansion_glass:0' (1 tests)...
[12:13:47] [Server thread/INFO] [minecraft/GameTestServer]: [+++++++++++++++++++++++++++++++++++++++++++++++++++++++++++++++++++++++++++++++++++++++++++++++++++++++++++++++++++++++++++++++++++++++++++++++++++++++++           ]
[12:13:47] [Server thread/INFO] [minecraft/GameTestServer]: [+++++++++++++++++++++++++++++++++++++++++++++++++++++++++++++++++++++++++++++++++++++++++++++++++++++++++++++++++++++++++++++++++++++++++++++++++++++++++           ]
[12:13:47] [Server thread/INFO] [minecraft/GameTestRunner]: Running test batch 'ice_unload:0' (1 tests)...
[12:13:47] [Server thread/INFO] [minecraft/GameTestServer]: [++++++++++++++++++++++++++++++++++++++++++++++++++++++++++++++++++++++++++++++++++++++++++++++++++++++++++++++++++++++++++++++++++++++++++++++++++++++++++          ]
[12:13:47] [Server thread/INFO] [minecraft/GameTestServer]: [++++++++++++++++++++++++++++++++++++++++++++++++++++++++++++++++++++++++++++++++++++++++++++++++++++++++++++++++++++++++++++++++++++++++++++++++++++++++++_         ]
[12:13:47] [Server thread/INFO] [minecraft/GameTestRunner]: Running test batch 'utility_tree:0' (1 tests)...
[12:13:47] [Server thread/INFO] [minecraft/GameTestServer]: [+++++++++++++++++++++++++++++++++++++++++++++++++++++++++++++++++++++++++++++++++++++++++++++++++++++++++++++++++++++++++++++++++++++++++++++++++++++++++++         ]
[12:13:47] [Server thread/INFO] [minecraft/GameTestRunner]: Running test batch 'utility_sensor:0' (1 tests)...
[12:13:47] [Server thread/INFO] [minecraft/GameTestServer]: [++++++++++++++++++++++++++++++++++++++++++++++++++++++++++++++++++++++++++++++++++++++++++++++++++++++++++++++++++++++++++++++++++++++++++++++++++++++++++++        ]
[12:13:47] [Server thread/INFO] [minecraft/GameTestServer]: [++++++++++++++++++++++++++++++++++++++++++++++++++++++++++++++++++++++++++++++++++++++++++++++++++++++++++++++++++++++++++++++++++++++++++++++++++++++++++++_       ]
[12:13:47] [Server thread/INFO] [minecraft/GameTestServer]: [++++++++++++++++++++++++++++++++++++++++++++++++++++++++++++++++++++++++++++++++++++++++++++++++++++++++++++++++++++++++++++++++++++++++++++++++++++++++++++_       ]
[12:13:47] [Server thread/INFO] [minecraft/GameTestRunner]: Running test batch 'ritual_feedback:0' (1 tests)...
[12:13:47] [Server thread/INFO] [minecraft/GameTestServer]: [+++++++++++++++++++++++++++++++++++++++++++++++++++++++++++++++++++++++++++++++++++++++++++++++++++++++++++++++++++++++++++++++++++++++++++++++++++++++++++++       ]
[12:13:47] [Server thread/INFO] [minecraft/GameTestRunner]: Running test batch 'utility_share:0' (1 tests)...
[12:13:47] [Server thread/INFO] [minecraft/GameTestServer]: [++++++++++++++++++++++++++++++++++++++++++++++++++++++++++++++++++++++++++++++++++++++++++++++++++++++++++++++++++++++++++++++++++++++++++++++++++++++++++++++      ]
[12:13:47] [Server thread/INFO] [minecraft/GameTestRunner]: Running test batch 'leyline_range:0' (1 tests)...
[12:13:47] [Server thread/INFO] [minecraft/GameTestServer]: [+++++++++++++++++++++++++++++++++++++++++++++++++++++++++++++++++++++++++++++++++++++++++++++++++++++++++++++++++++++++++++++++++++++++++++++++++++++++++++++++     ]
[12:13:47] [Server thread/INFO] [minecraft/GameTestServer]: [+++++++++++++++++++++++++++++++++++++++++++++++++++++++++++++++++++++++++++++++++++++++++++++++++++++++++++++++++++++++++++++++++++++++++++++++++++++++++++++++     ]
[12:13:47] [Server thread/INFO] [minecraft/GameTestRunner]: Running test batch 'ice_obstacle:0' (1 tests)...
[12:13:48] [Server thread/INFO] [minecraft/GameTestServer]: [++++++++++++++++++++++++++++++++++++++++++++++++++++++++++++++++++++++++++++++++++++++++++++++++++++++++++++++++++++++++++++++++++++++++++++++++++++++++++++++++    ]
[12:13:48] [Server thread/INFO] [minecraft/GameTestServer]: [++++++++++++++++++++++++++++++++++++++++++++++++++++++++++++++++++++++++++++++++++++++++++++++++++++++++++++++++++++++++++++++++++++++++++++++++++++++++++++++++    ]
[12:13:48] [Server thread/INFO] [minecraft/GameTestServer]: [++++++++++++++++++++++++++++++++++++++++++++++++++++++++++++++++++++++++++++++++++++++++++++++++++++++++++++++++++++++++++++++++++++++++++++++++++++++++++++++++    ]
[12:13:48] [Server thread/INFO] [minecraft/GameTestRunner]: Running test batch 'pathfinder_retaliation:0' (1 tests)...
[12:13:48] [Server thread/INFO] [minecraft/GameTestServer]: [+++++++++++++++++++++++++++++++++++++++++++++++++++++++++++++++++++++++++++++++++++++++++++++++++++++++++++++++++++++++++++++++++++++++++++++++++++++++++++++++++   ]
[12:13:48] [Server thread/INFO] [minecraft/GameTestRunner]: Running test batch 'utility_boundaries:0' (1 tests)...
[12:13:48] [Server thread/INFO] [minecraft/GameTestServer]: [++++++++++++++++++++++++++++++++++++++++++++++++++++++++++++++++++++++++++++++++++++++++++++++++++++++++++++++++++++++++++++++++++++++++++++++++++++++++++++++++++  ]
[12:13:48] [Server thread/INFO] [minecraft/GameTestServer]: [++++++++++++++++++++++++++++++++++++++++++++++++++++++++++++++++++++++++++++++++++++++++++++++++++++++++++++++++++++++++++++++++++++++++++++++++++++++++++++++++++_ ]
[12:13:48] [Server thread/INFO] [minecraft/GameTestRunner]: Running test batch 'expansion_invisibility:0' (1 tests)...
[12:13:48] [Server thread/INFO] [minecraft/GameTestServer]: [+++++++++++++++++++++++++++++++++++++++++++++++++++++++++++++++++++++++++++++++++++++++++++++++++++++++++++++++++++++++++++++++++++++++++++++++++++++++++++++++++++ ]
[12:13:48] [Server thread/INFO] [minecraft/GameTestServer]: [++++++++++++++++++++++++++++++++++++++++++++++++++++++++++++++++++++++++++++++++++++++++++++++++++++++++++++++++++++++++++++++++++++++++++++++++++++++++++++++++++++]
[12:13:48] [Server thread/INFO] [minecraft/GameTestServer]: ========= 164 GAME TESTS COMPLETE IN 31.42 s ======================
[12:13:48] [Server thread/INFO] [minecraft/GameTestServer]: All 164 required tests passed :)
[12:13:48] [Server thread/INFO] [minecraft/GameTestServer]: ====================================================
[12:13:48] [Server thread/INFO] [minecraft/MinecraftServer]: Stopping server
[12:13:48] [Server thread/INFO] [minecraft/MinecraftServer]: Saving players
[12:13:48] [Server thread/INFO] [minecraft/MinecraftServer]: Saving worlds
[12:13:48] [Server thread/INFO] [minecraft/MinecraftServer]: Saving chunks for level 'ServerLevel[Test Level]'/minecraft:overworld
[12:13:48] [Server thread/INFO] [minecraft/MinecraftServer]: Saving chunks for level 'ServerLevel[Test Level]'/minecraft:the_nether
[12:13:48] [Server thread/INFO] [minecraft/MinecraftServer]: Saving chunks for level 'ServerLevel[Test Level]'/minecraft:the_end
[12:13:48] [Server thread/DEBUG] [ne.ne.ne.co.CommonHooks/WP]: Gathered mod list to write to world save Test Level
[12:13:48] [Server thread/INFO] [minecraft/MinecraftServer]: ThreadedAnvilChunkStorage (world): All chunks are saved
[12:13:48] [Server thread/INFO] [minecraft/MinecraftServer]: ThreadedAnvilChunkStorage (DIM-1): All chunks are saved
[12:13:48] [Server thread/INFO] [minecraft/MinecraftServer]: ThreadedAnvilChunkStorage (DIM1): All chunks are saved
[12:13:48] [Server thread/INFO] [minecraft/MinecraftServer]: ThreadedAnvilChunkStorage: All dimensions are saved
[12:13:49] [Server thread/DEBUG] [ne.ne.fm.co.ConfigTracker/CONFIG]: Unloading configs type SERVER
[12:13:49] [Server thread/INFO] [minecraft/GameTestServer]: Game test server shutting down

BUILD SUCCESSFUL in 1m 19s
20 actionable tasks: 9 executed, 11 up-to-date
Configuration cache entry stored.
